# Object Export From Tinkercad Server 2015

mtllib obj.mtl

o obj_0
v 3.1893 		-24.2248 		0
v 0 		-24.4339 		0
v 0 		0 		0
v 6.324 		-23.6013 		0
v 9.3504 		-22.574 		0
v 12.2169 		-21.1604 		0
v 14.8744 		-19.3847 		0
v 17.2774 		-17.2774 		0
v 19.3847 		-14.8744 		0
v 21.1604 		-12.2169 		0
v 22.574 		-9.3504 		0
v 23.6013 		-6.324 		0
v 24.2248 		-3.1893 		0
v 24.4339 		0 		0
v 24.2248 		3.1893 		0
v 23.6013 		6.324 		0
v 22.574 		9.3504 		0
v 21.1604 		12.2169 		0
v 19.3847 		14.8744 		0
v 17.2774 		17.2774 		0
v 14.8744 		19.3847 		0
v 12.2169 		21.1604 		0
v 9.3504 		22.574 		0
v 6.324 		23.6013 		0
v 3.1893 		24.2248 		0
v 0 		24.4339 		0
v -3.1893 		24.2248 		0
v -6.324 		23.6013 		0
v -9.3504 		22.574 		0
v -12.2169 		21.1604 		0
v -14.8744 		19.3847 		0
v -17.2774 		17.2774 		0
v -19.3847 		14.8744 		0
v -21.1604 		12.2169 		0
v -22.574 		9.3504 		0
v -23.6013 		6.324 		0
v -24.2248 		3.1893 		0
v -24.4339 		0 		0
v -24.2248 		-3.1893 		0
v -23.6013 		-6.324 		0
v -22.574 		-9.3504 		0
v -21.1604 		-12.2169 		0
v -19.3847 		-14.8744 		0
v -17.2774 		-17.2774 		0
v -14.8744 		-19.3847 		0
v -12.2169 		-21.1604 		0
v -9.3504 		-22.574 		0
v -6.324 		-23.6013 		0
v -3.1893 		-24.2248 		0
v 0 		-24.4339 		40
v 3.1893 		-24.2248 		40
v 0 		0 		40
v 6.324 		-23.6013 		40
v 9.3504 		-22.574 		40
v 12.2169 		-21.1604 		40
v 14.8744 		-19.3847 		40
v 17.2774 		-17.2774 		40
v 19.3847 		-14.8744 		40
v 21.1604 		-12.2169 		40
v 22.574 		-9.3504 		40
v 23.6013 		-6.324 		40
v 24.2248 		-3.1893 		40
v 24.4339 		0 		40
v 24.2248 		3.1893 		40
v 23.6013 		6.324 		40
v 22.574 		9.3504 		40
v 21.1604 		12.2169 		40
v 19.3847 		14.8744 		40
v 17.2774 		17.2774 		40
v 14.8744 		19.3847 		40
v 12.2169 		21.1604 		40
v 9.3504 		22.574 		40
v 6.324 		23.6013 		40
v 3.1893 		24.2248 		40
v 0 		24.4339 		40
v -3.1893 		24.2248 		40
v -6.324 		23.6013 		40
v -9.3504 		22.574 		40
v -12.2169 		21.1604 		40
v -14.8744 		19.3847 		40
v -17.2774 		17.2774 		40
v -19.3847 		14.8744 		40
v -21.1604 		12.2169 		40
v -22.574 		9.3504 		40
v -23.6013 		6.324 		40
v -24.2248 		3.1893 		40
v -24.4339 		0 		40
v -24.2248 		-3.1893 		40
v -23.6013 		-6.324 		40
v -22.574 		-9.3504 		40
v -21.1604 		-12.2169 		40
v -19.3847 		-14.8744 		40
v -17.2774 		-17.2774 		40
v -14.8744 		-19.3847 		40
v -12.2169 		-21.1604 		40
v -9.3504 		-22.574 		40
v -6.324 		-23.6013 		40
v -3.1893 		-24.2248 		40
v 3.2632 		-24.7861 		0.4529
v 0 		-25 		0.4529
v 6.4705 		-24.1481 		0.4529
v 9.5671 		-23.097 		0.4529
v 12.5 		-21.6506 		0.4529
v 15.219 		-19.8338 		0.4529
v 17.6777 		-17.6777 		0.4529
v 19.8338 		-15.219 		0.4529
v 21.6506 		-12.5 		0.4529
v 23.097 		-9.5671 		0.4529
v 24.1481 		-6.4705 		0.4529
v 24.7861 		-3.2632 		0.4529
v 25 		0 		0.4529
v 24.7861 		3.2632 		0.4529
v 24.1481 		6.4705 		0.4529
v 23.097 		9.5671 		0.4529
v 21.6506 		12.5 		0.4529
v 19.8338 		15.219 		0.4529
v 17.6777 		17.6777 		0.4529
v 15.219 		19.8338 		0.4529
v 12.5 		21.6506 		0.4529
v 9.5671 		23.097 		0.4529
v 6.4705 		24.1481 		0.4529
v 3.2632 		24.7861 		0.4529
v 0 		25 		0.4529
v -3.2632 		24.7861 		0.4529
v -6.4705 		24.1481 		0.4529
v -9.5671 		23.097 		0.4529
v -12.5 		21.6506 		0.4529
v -15.219 		19.8338 		0.4529
v -17.6777 		17.6777 		0.4529
v -19.8338 		15.219 		0.4529
v -21.6506 		12.5 		0.4529
v -23.097 		9.5671 		0.4529
v -24.1481 		6.4705 		0.4529
v -24.7861 		3.2632 		0.4529
v -25 		0 		0.4529
v -24.7861 		-3.2632 		0.4529
v -24.1481 		-6.4705 		0.4529
v -23.097 		-9.5671 		0.4529
v -21.6506 		-12.5 		0.4529
v -19.8338 		-15.219 		0.4529
v -17.6777 		-17.6777 		0.4529
v -15.219 		-19.8338 		0.4529
v -12.5 		-21.6506 		0.4529
v -9.5671 		-23.097 		0.4529
v -6.4705 		-24.1481 		0.4529
v -3.2632 		-24.7861 		0.4529
v 3.2632 		-24.7861 		39.5471
v 0 		-25 		39.5471
v 6.4705 		-24.1481 		39.5471
v 9.5671 		-23.097 		39.5471
v 12.5 		-21.6506 		39.5471
v 15.219 		-19.8338 		39.5471
v 17.6777 		-17.6777 		39.5471
v 19.8338 		-15.219 		39.5471
v 21.6506 		-12.5 		39.5471
v 23.097 		-9.5671 		39.5471
v 24.1481 		-6.4705 		39.5471
v 24.7861 		-3.2632 		39.5471
v 25 		0 		39.5471
v 24.7861 		3.2632 		39.5471
v 24.1481 		6.4705 		39.5471
v 23.097 		9.5671 		39.5471
v 21.6506 		12.5 		39.5471
v 19.8338 		15.219 		39.5471
v 17.6777 		17.6777 		39.5471
v 15.219 		19.8338 		39.5471
v 12.5 		21.6506 		39.5471
v 9.5671 		23.097 		39.5471
v 6.4705 		24.1481 		39.5471
v 3.2632 		24.7861 		39.5471
v 0 		25 		39.5471
v -3.2632 		24.7861 		39.5471
v -6.4705 		24.1481 		39.5471
v -9.5671 		23.097 		39.5471
v -12.5 		21.6506 		39.5471
v -15.219 		19.8338 		39.5471
v -17.6777 		17.6777 		39.5471
v -19.8338 		15.219 		39.5471
v -21.6506 		12.5 		39.5471
v -23.097 		9.5671 		39.5471
v -24.1481 		6.4705 		39.5471
v -24.7861 		3.2632 		39.5471
v -25 		0 		39.5471
v -24.7861 		-3.2632 		39.5471
v -24.1481 		-6.4705 		39.5471
v -23.097 		-9.5671 		39.5471
v -21.6506 		-12.5 		39.5471
v -19.8338 		-15.219 		39.5471
v -17.6777 		-17.6777 		39.5471
v -15.219 		-19.8338 		39.5471
v -12.5 		-21.6506 		39.5471
v -9.5671 		-23.097 		39.5471
v -6.4705 		-24.1481 		39.5471
v -3.2632 		-24.7861 		39.5471
# 194 vertices

g group_0_4796018

usemtl color_4796018
s 0

f 1 	2 	3
f 4 	1 	3
f 5 	4 	3
f 6 	5 	3
f 7 	6 	3
f 8 	7 	3
f 9 	8 	3
f 10 	9 	3
f 11 	10 	3
f 12 	11 	3
f 13 	12 	3
f 14 	13 	3
f 15 	14 	3
f 16 	15 	3
f 17 	16 	3
f 18 	17 	3
f 19 	18 	3
f 20 	19 	3
f 21 	20 	3
f 22 	21 	3
f 23 	22 	3
f 24 	23 	3
f 25 	24 	3
f 26 	25 	3
f 27 	26 	3
f 28 	27 	3
f 29 	28 	3
f 30 	29 	3
f 31 	30 	3
f 32 	31 	3
f 33 	32 	3
f 34 	33 	3
f 35 	34 	3
f 36 	35 	3
f 37 	36 	3
f 38 	37 	3
f 39 	38 	3
f 40 	39 	3
f 41 	40 	3
f 42 	41 	3
f 43 	42 	3
f 44 	43 	3
f 45 	44 	3
f 46 	45 	3
f 47 	46 	3
f 48 	47 	3
f 49 	48 	3
f 2 	49 	3
f 50 	51 	52
f 51 	53 	52
f 53 	54 	52
f 54 	55 	52
f 55 	56 	52
f 56 	57 	52
f 57 	58 	52
f 58 	59 	52
f 59 	60 	52
f 60 	61 	52
f 61 	62 	52
f 62 	63 	52
f 63 	64 	52
f 64 	65 	52
f 65 	66 	52
f 66 	67 	52
f 67 	68 	52
f 68 	69 	52
f 69 	70 	52
f 70 	71 	52
f 71 	72 	52
f 72 	73 	52
f 73 	74 	52
f 74 	75 	52
f 75 	76 	52
f 76 	77 	52
f 77 	78 	52
f 78 	79 	52
f 79 	80 	52
f 80 	81 	52
f 81 	82 	52
f 82 	83 	52
f 83 	84 	52
f 84 	85 	52
f 85 	86 	52
f 86 	87 	52
f 87 	88 	52
f 88 	89 	52
f 89 	90 	52
f 90 	91 	52
f 91 	92 	52
f 92 	93 	52
f 93 	94 	52
f 94 	95 	52
f 95 	96 	52
f 96 	97 	52
f 97 	98 	52
f 98 	50 	52
f 2 	1 	99
f 2 	99 	100
f 1 	4 	101
f 1 	101 	99
f 4 	5 	102
f 4 	102 	101
f 5 	6 	103
f 5 	103 	102
f 6 	7 	104
f 6 	104 	103
f 7 	8 	105
f 7 	105 	104
f 8 	9 	106
f 8 	106 	105
f 9 	10 	107
f 9 	107 	106
f 10 	11 	108
f 10 	108 	107
f 11 	12 	109
f 11 	109 	108
f 12 	13 	110
f 12 	110 	109
f 13 	14 	111
f 13 	111 	110
f 14 	15 	112
f 14 	112 	111
f 15 	16 	113
f 15 	113 	112
f 16 	17 	114
f 16 	114 	113
f 17 	18 	115
f 17 	115 	114
f 18 	19 	116
f 18 	116 	115
f 19 	20 	117
f 19 	117 	116
f 20 	21 	118
f 20 	118 	117
f 21 	22 	119
f 21 	119 	118
f 22 	23 	120
f 22 	120 	119
f 23 	24 	121
f 23 	121 	120
f 24 	25 	122
f 24 	122 	121
f 25 	26 	123
f 25 	123 	122
f 26 	27 	124
f 26 	124 	123
f 27 	28 	125
f 27 	125 	124
f 28 	29 	126
f 28 	126 	125
f 29 	30 	127
f 29 	127 	126
f 30 	31 	128
f 30 	128 	127
f 31 	32 	129
f 31 	129 	128
f 32 	33 	130
f 32 	130 	129
f 33 	34 	131
f 33 	131 	130
f 34 	35 	132
f 34 	132 	131
f 35 	36 	133
f 35 	133 	132
f 36 	37 	134
f 36 	134 	133
f 37 	38 	135
f 37 	135 	134
f 38 	39 	136
f 38 	136 	135
f 39 	40 	137
f 39 	137 	136
f 40 	41 	138
f 40 	138 	137
f 41 	42 	139
f 41 	139 	138
f 42 	43 	140
f 42 	140 	139
f 43 	44 	141
f 43 	141 	140
f 44 	45 	142
f 44 	142 	141
f 45 	46 	143
f 45 	143 	142
f 46 	47 	144
f 46 	144 	143
f 47 	48 	145
f 47 	145 	144
f 48 	49 	146
f 48 	146 	145
f 49 	2 	100
f 49 	100 	146
f 100 	99 	147
f 100 	147 	148
f 99 	101 	149
f 99 	149 	147
f 101 	102 	150
f 101 	150 	149
f 102 	103 	151
f 102 	151 	150
f 103 	104 	152
f 103 	152 	151
f 104 	105 	153
f 104 	153 	152
f 105 	106 	154
f 105 	154 	153
f 106 	107 	155
f 106 	155 	154
f 107 	108 	156
f 107 	156 	155
f 108 	109 	157
f 108 	157 	156
f 109 	110 	158
f 109 	158 	157
f 110 	111 	159
f 110 	159 	158
f 111 	112 	160
f 111 	160 	159
f 112 	113 	161
f 112 	161 	160
f 113 	114 	162
f 113 	162 	161
f 114 	115 	163
f 114 	163 	162
f 115 	116 	164
f 115 	164 	163
f 116 	117 	165
f 116 	165 	164
f 117 	118 	166
f 117 	166 	165
f 118 	119 	167
f 118 	167 	166
f 119 	120 	168
f 119 	168 	167
f 120 	121 	169
f 120 	169 	168
f 121 	122 	170
f 121 	170 	169
f 122 	123 	171
f 122 	171 	170
f 123 	124 	172
f 123 	172 	171
f 124 	125 	173
f 124 	173 	172
f 125 	126 	174
f 125 	174 	173
f 126 	127 	175
f 126 	175 	174
f 127 	128 	176
f 127 	176 	175
f 128 	129 	177
f 128 	177 	176
f 129 	130 	178
f 129 	178 	177
f 130 	131 	179
f 130 	179 	178
f 131 	132 	180
f 131 	180 	179
f 132 	133 	181
f 132 	181 	180
f 133 	134 	182
f 133 	182 	181
f 134 	135 	183
f 134 	183 	182
f 135 	136 	184
f 135 	184 	183
f 136 	137 	185
f 136 	185 	184
f 137 	138 	186
f 137 	186 	185
f 138 	139 	187
f 138 	187 	186
f 139 	140 	188
f 139 	188 	187
f 140 	141 	189
f 140 	189 	188
f 141 	142 	190
f 141 	190 	189
f 142 	143 	191
f 142 	191 	190
f 143 	144 	192
f 143 	192 	191
f 144 	145 	193
f 144 	193 	192
f 145 	146 	194
f 145 	194 	193
f 146 	100 	148
f 146 	148 	194
f 148 	147 	51
f 148 	51 	50
f 147 	149 	53
f 147 	53 	51
f 149 	150 	54
f 149 	54 	53
f 150 	151 	55
f 150 	55 	54
f 151 	152 	56
f 151 	56 	55
f 152 	153 	57
f 152 	57 	56
f 153 	154 	58
f 153 	58 	57
f 154 	155 	59
f 154 	59 	58
f 155 	156 	60
f 155 	60 	59
f 156 	157 	61
f 156 	61 	60
f 157 	158 	62
f 157 	62 	61
f 158 	159 	63
f 158 	63 	62
f 159 	160 	64
f 159 	64 	63
f 160 	161 	65
f 160 	65 	64
f 161 	162 	66
f 161 	66 	65
f 162 	163 	67
f 162 	67 	66
f 163 	164 	68
f 163 	68 	67
f 164 	165 	69
f 164 	69 	68
f 165 	166 	70
f 165 	70 	69
f 166 	167 	71
f 166 	71 	70
f 167 	168 	72
f 167 	72 	71
f 168 	169 	73
f 168 	73 	72
f 169 	170 	74
f 169 	74 	73
f 170 	171 	75
f 170 	75 	74
f 171 	172 	76
f 171 	76 	75
f 172 	173 	77
f 172 	77 	76
f 173 	174 	78
f 173 	78 	77
f 174 	175 	79
f 174 	79 	78
f 175 	176 	80
f 175 	80 	79
f 176 	177 	81
f 176 	81 	80
f 177 	178 	82
f 177 	82 	81
f 178 	179 	83
f 178 	83 	82
f 179 	180 	84
f 179 	84 	83
f 180 	181 	85
f 180 	85 	84
f 181 	182 	86
f 181 	86 	85
f 182 	183 	87
f 182 	87 	86
f 183 	184 	88
f 183 	88 	87
f 184 	185 	89
f 184 	89 	88
f 185 	186 	90
f 185 	90 	89
f 186 	187 	91
f 186 	91 	90
f 187 	188 	92
f 187 	92 	91
f 188 	189 	93
f 188 	93 	92
f 189 	190 	94
f 189 	94 	93
f 190 	191 	95
f 190 	95 	94
f 191 	192 	96
f 191 	96 	95
f 192 	193 	97
f 192 	97 	96
f 193 	194 	98
f 193 	98 	97
f 194 	148 	50
f 194 	50 	98
# 384 faces

 #end of obj_0

o obj_1
v 0.7342 		-5.5769 		42.5
v 0 		-5.625 		42.5
v 0 		0 		42.5
v 1.4559 		-5.4333 		42.5
v 2.1526 		-5.1968 		42.5
v 2.8125 		-4.8714 		42.5
v 3.4243 		-4.4626 		42.5
v 3.9775 		-3.9775 		42.5
v 4.4626 		-3.4243 		42.5
v 4.8714 		-2.8125 		42.5
v 5.1968 		-2.1526 		42.5
v 5.4333 		-1.4559 		42.5
v 5.5769 		-0.7342 		42.5
v 5.625 		0 		42.5
v 5.5769 		0.7342 		42.5
v 5.4333 		1.4559 		42.5
v 5.1968 		2.1526 		42.5
v 4.8714 		2.8125 		42.5
v 4.4626 		3.4243 		42.5
v 3.9775 		3.9775 		42.5
v 3.4243 		4.4626 		42.5
v 2.8125 		4.8714 		42.5
v 2.1526 		5.1968 		42.5
v 1.4559 		5.4333 		42.5
v 0.7342 		5.5769 		42.5
v 0 		5.625 		42.5
v -0.7342 		5.5769 		42.5
v -1.4559 		5.4333 		42.5
v -2.1526 		5.1968 		42.5
v -2.8125 		4.8714 		42.5
v -3.4243 		4.4626 		42.5
v -3.9775 		3.9775 		42.5
v -4.4626 		3.4243 		42.5
v -4.8714 		2.8125 		42.5
v -5.1968 		2.1526 		42.5
v -5.4333 		1.4559 		42.5
v -5.5769 		0.7342 		42.5
v -5.625 		0 		42.5
v -5.5769 		-0.7342 		42.5
v -5.4333 		-1.4559 		42.5
v -5.1968 		-2.1526 		42.5
v -4.8714 		-2.8125 		42.5
v -4.4626 		-3.4243 		42.5
v -3.9775 		-3.9775 		42.5
v -3.4243 		-4.4626 		42.5
v -2.8125 		-4.8714 		42.5
v -2.1526 		-5.1968 		42.5
v -1.4559 		-5.4333 		42.5
v -0.7342 		-5.5769 		42.5
v 0 		-5.625 		62.5
v 0.7342 		-5.5769 		62.5
v 0 		0 		62.5
v 1.4559 		-5.4333 		62.5
v 2.1526 		-5.1968 		62.5
v 2.8125 		-4.8714 		62.5
v 3.4243 		-4.4626 		62.5
v 3.9775 		-3.9775 		62.5
v 4.4626 		-3.4243 		62.5
v 4.8714 		-2.8125 		62.5
v 5.1968 		-2.1526 		62.5
v 5.4333 		-1.4559 		62.5
v 5.5769 		-0.7342 		62.5
v 5.625 		0 		62.5
v 5.5769 		0.7342 		62.5
v 5.4333 		1.4559 		62.5
v 5.1968 		2.1526 		62.5
v 4.8714 		2.8125 		62.5
v 4.4626 		3.4243 		62.5
v 3.9775 		3.9775 		62.5
v 3.4243 		4.4626 		62.5
v 2.8125 		4.8714 		62.5
v 2.1526 		5.1968 		62.5
v 1.4559 		5.4333 		62.5
v 0.7342 		5.5769 		62.5
v 0 		5.625 		62.5
v -0.7342 		5.5769 		62.5
v -1.4559 		5.4333 		62.5
v -2.1526 		5.1968 		62.5
v -2.8125 		4.8714 		62.5
v -3.4243 		4.4626 		62.5
v -3.9775 		3.9775 		62.5
v -4.4626 		3.4243 		62.5
v -4.8714 		2.8125 		62.5
v -5.1968 		2.1526 		62.5
v -5.4333 		1.4559 		62.5
v -5.5769 		0.7342 		62.5
v -5.625 		0 		62.5
v -5.5769 		-0.7342 		62.5
v -5.4333 		-1.4559 		62.5
v -5.1968 		-2.1526 		62.5
v -4.8714 		-2.8125 		62.5
v -4.4626 		-3.4243 		62.5
v -3.9775 		-3.9775 		62.5
v -3.4243 		-4.4626 		62.5
v -2.8125 		-4.8714 		62.5
v -2.1526 		-5.1968 		62.5
v -1.4559 		-5.4333 		62.5
v -0.7342 		-5.5769 		62.5
v 0.9073 		-6.8914 		43.2322
v 0 		-6.9508 		43.2322
v 1.799 		-6.714 		43.2322
v 2.66 		-6.4217 		43.2322
v 3.4754 		-6.0196 		43.2322
v 4.2314 		-5.5145 		43.2322
v 4.915 		-4.915 		43.2322
v 5.5145 		-4.2314 		43.2322
v 6.0196 		-3.4754 		43.2322
v 6.4217 		-2.66 		43.2322
v 6.714 		-1.799 		43.2322
v 6.8914 		-0.9073 		43.2322
v 6.9508 		0 		43.2322
v 6.8914 		0.9073 		43.2322
v 6.714 		1.799 		43.2322
v 6.4217 		2.66 		43.2322
v 6.0196 		3.4754 		43.2322
v 5.5145 		4.2314 		43.2322
v 4.915 		4.915 		43.2322
v 4.2314 		5.5145 		43.2322
v 3.4754 		6.0196 		43.2322
v 2.66 		6.4217 		43.2322
v 1.799 		6.714 		43.2322
v 0.9073 		6.8914 		43.2322
v 0 		6.9508 		43.2322
v -0.9073 		6.8914 		43.2322
v -1.799 		6.714 		43.2322
v -2.66 		6.4217 		43.2322
v -3.4754 		6.0196 		43.2322
v -4.2314 		5.5145 		43.2322
v -4.915 		4.915 		43.2322
v -5.5145 		4.2314 		43.2322
v -6.0196 		3.4754 		43.2322
v -6.4217 		2.66 		43.2322
v -6.714 		1.799 		43.2322
v -6.8914 		0.9073 		43.2322
v -6.9508 		0 		43.2322
v -6.8914 		-0.9073 		43.2322
v -6.714 		-1.799 		43.2322
v -6.4217 		-2.66 		43.2322
v -6.0196 		-3.4754 		43.2322
v -5.5145 		-4.2314 		43.2322
v -4.915 		-4.915 		43.2322
v -4.2314 		-5.5145 		43.2322
v -3.4754 		-6.0196 		43.2322
v -2.66 		-6.4217 		43.2322
v -1.799 		-6.714 		43.2322
v -0.9073 		-6.8914 		43.2322
v 0.9789 		-7.4358 		45
v 0 		-7.5 		45
v 1.9411 		-7.2444 		45
v 2.8701 		-6.9291 		45
v 3.75 		-6.4952 		45
v 4.5657 		-5.9502 		45
v 5.3033 		-5.3033 		45
v 5.9502 		-4.5657 		45
v 6.4952 		-3.75 		45
v 6.9291 		-2.8701 		45
v 7.2444 		-1.9411 		45
v 7.4358 		-0.9789 		45
v 7.5 		0 		45
v 7.4358 		0.9789 		45
v 7.2444 		1.9411 		45
v 6.9291 		2.8701 		45
v 6.4952 		3.75 		45
v 5.9502 		4.5657 		45
v 5.3033 		5.3033 		45
v 4.5657 		5.9502 		45
v 3.75 		6.4952 		45
v 2.8701 		6.9291 		45
v 1.9411 		7.2444 		45
v 0.9789 		7.4358 		45
v 0 		7.5 		45
v -0.9789 		7.4358 		45
v -1.9411 		7.2444 		45
v -2.8701 		6.9291 		45
v -3.75 		6.4952 		45
v -4.5657 		5.9502 		45
v -5.3033 		5.3033 		45
v -5.9502 		4.5657 		45
v -6.4952 		3.75 		45
v -6.9291 		2.8701 		45
v -7.2444 		1.9411 		45
v -7.4358 		0.9789 		45
v -7.5 		0 		45
v -7.4358 		-0.9789 		45
v -7.2444 		-1.9411 		45
v -6.9291 		-2.8701 		45
v -6.4952 		-3.75 		45
v -5.9502 		-4.5657 		45
v -5.3033 		-5.3033 		45
v -4.5657 		-5.9502 		45
v -3.75 		-6.4952 		45
v -2.8701 		-6.9291 		45
v -1.9411 		-7.2444 		45
v -0.9789 		-7.4358 		45
v 0.9789 		-7.4358 		60
v 0 		-7.5 		60
v 1.9411 		-7.2444 		60
v 2.8701 		-6.9291 		60
v 3.75 		-6.4952 		60
v 4.5657 		-5.9502 		60
v 5.3033 		-5.3033 		60
v 5.9502 		-4.5657 		60
v 6.4952 		-3.75 		60
v 6.9291 		-2.8701 		60
v 7.2444 		-1.9411 		60
v 7.4358 		-0.9789 		60
v 7.5 		0 		60
v 7.4358 		0.9789 		60
v 7.2444 		1.9411 		60
v 6.9291 		2.8701 		60
v 6.4952 		3.75 		60
v 5.9502 		4.5657 		60
v 5.3033 		5.3033 		60
v 4.5657 		5.9502 		60
v 3.75 		6.4952 		60
v 2.8701 		6.9291 		60
v 1.9411 		7.2444 		60
v 0.9789 		7.4358 		60
v 0 		7.5 		60
v -0.9789 		7.4358 		60
v -1.9411 		7.2444 		60
v -2.8701 		6.9291 		60
v -3.75 		6.4952 		60
v -4.5657 		5.9502 		60
v -5.3033 		5.3033 		60
v -5.9502 		4.5657 		60
v -6.4952 		3.75 		60
v -6.9291 		2.8701 		60
v -7.2444 		1.9411 		60
v -7.4358 		0.9789 		60
v -7.5 		0 		60
v -7.4358 		-0.9789 		60
v -7.2444 		-1.9411 		60
v -6.9291 		-2.8701 		60
v -6.4952 		-3.75 		60
v -5.9502 		-4.5657 		60
v -5.3033 		-5.3033 		60
v -4.5657 		-5.9502 		60
v -3.75 		-6.4952 		60
v -2.8701 		-6.9291 		60
v -1.9411 		-7.2444 		60
v -0.9789 		-7.4358 		60
v 0.9073 		-6.8914 		61.7678
v 0 		-6.9508 		61.7678
v 1.799 		-6.714 		61.7678
v 2.66 		-6.4217 		61.7678
v 3.4754 		-6.0196 		61.7678
v 4.2314 		-5.5145 		61.7678
v 4.915 		-4.915 		61.7678
v 5.5145 		-4.2314 		61.7678
v 6.0196 		-3.4754 		61.7678
v 6.4217 		-2.66 		61.7678
v 6.714 		-1.799 		61.7678
v 6.8914 		-0.9073 		61.7678
v 6.9508 		0 		61.7678
v 6.8914 		0.9073 		61.7678
v 6.714 		1.799 		61.7678
v 6.4217 		2.66 		61.7678
v 6.0196 		3.4754 		61.7678
v 5.5145 		4.2314 		61.7678
v 4.915 		4.915 		61.7678
v 4.2314 		5.5145 		61.7678
v 3.4754 		6.0196 		61.7678
v 2.66 		6.4217 		61.7678
v 1.799 		6.714 		61.7678
v 0.9073 		6.8914 		61.7678
v 0 		6.9508 		61.7678
v -0.9073 		6.8914 		61.7678
v -1.799 		6.714 		61.7678
v -2.66 		6.4217 		61.7678
v -3.4754 		6.0196 		61.7678
v -4.2314 		5.5145 		61.7678
v -4.915 		4.915 		61.7678
v -5.5145 		4.2314 		61.7678
v -6.0196 		3.4754 		61.7678
v -6.4217 		2.66 		61.7678
v -6.714 		1.799 		61.7678
v -6.8914 		0.9073 		61.7678
v -6.9508 		0 		61.7678
v -6.8914 		-0.9073 		61.7678
v -6.714 		-1.799 		61.7678
v -6.4217 		-2.66 		61.7678
v -6.0196 		-3.4754 		61.7678
v -5.5145 		-4.2314 		61.7678
v -4.915 		-4.915 		61.7678
v -4.2314 		-5.5145 		61.7678
v -3.4754 		-6.0196 		61.7678
v -2.66 		-6.4217 		61.7678
v -1.799 		-6.714 		61.7678
v -0.9073 		-6.8914 		61.7678
# 290 vertices

g group_1_4652873

usemtl color_4652873
s 0

f 195 	196 	197
f 198 	195 	197
f 199 	198 	197
f 200 	199 	197
f 201 	200 	197
f 202 	201 	197
f 203 	202 	197
f 204 	203 	197
f 205 	204 	197
f 206 	205 	197
f 207 	206 	197
f 208 	207 	197
f 209 	208 	197
f 210 	209 	197
f 211 	210 	197
f 212 	211 	197
f 213 	212 	197
f 214 	213 	197
f 215 	214 	197
f 216 	215 	197
f 217 	216 	197
f 218 	217 	197
f 219 	218 	197
f 220 	219 	197
f 221 	220 	197
f 222 	221 	197
f 223 	222 	197
f 224 	223 	197
f 225 	224 	197
f 226 	225 	197
f 227 	226 	197
f 228 	227 	197
f 229 	228 	197
f 230 	229 	197
f 231 	230 	197
f 232 	231 	197
f 233 	232 	197
f 234 	233 	197
f 235 	234 	197
f 236 	235 	197
f 237 	236 	197
f 238 	237 	197
f 239 	238 	197
f 240 	239 	197
f 241 	240 	197
f 242 	241 	197
f 243 	242 	197
f 196 	243 	197
f 244 	245 	246
f 245 	247 	246
f 247 	248 	246
f 248 	249 	246
f 249 	250 	246
f 250 	251 	246
f 251 	252 	246
f 252 	253 	246
f 253 	254 	246
f 254 	255 	246
f 255 	256 	246
f 256 	257 	246
f 257 	258 	246
f 258 	259 	246
f 259 	260 	246
f 260 	261 	246
f 261 	262 	246
f 262 	263 	246
f 263 	264 	246
f 264 	265 	246
f 265 	266 	246
f 266 	267 	246
f 267 	268 	246
f 268 	269 	246
f 269 	270 	246
f 270 	271 	246
f 271 	272 	246
f 272 	273 	246
f 273 	274 	246
f 274 	275 	246
f 275 	276 	246
f 276 	277 	246
f 277 	278 	246
f 278 	279 	246
f 279 	280 	246
f 280 	281 	246
f 281 	282 	246
f 282 	283 	246
f 283 	284 	246
f 284 	285 	246
f 285 	286 	246
f 286 	287 	246
f 287 	288 	246
f 288 	289 	246
f 289 	290 	246
f 290 	291 	246
f 291 	292 	246
f 292 	244 	246
f 196 	195 	293
f 196 	293 	294
f 195 	198 	295
f 195 	295 	293
f 198 	199 	296
f 198 	296 	295
f 199 	200 	297
f 199 	297 	296
f 200 	201 	298
f 200 	298 	297
f 201 	202 	299
f 201 	299 	298
f 202 	203 	300
f 202 	300 	299
f 203 	204 	301
f 203 	301 	300
f 204 	205 	302
f 204 	302 	301
f 205 	206 	303
f 205 	303 	302
f 206 	207 	304
f 206 	304 	303
f 207 	208 	305
f 207 	305 	304
f 208 	209 	306
f 208 	306 	305
f 209 	210 	307
f 209 	307 	306
f 210 	211 	308
f 210 	308 	307
f 211 	212 	309
f 211 	309 	308
f 212 	213 	310
f 212 	310 	309
f 213 	214 	311
f 213 	311 	310
f 214 	215 	312
f 214 	312 	311
f 215 	216 	313
f 215 	313 	312
f 216 	217 	314
f 216 	314 	313
f 217 	218 	315
f 217 	315 	314
f 218 	219 	316
f 218 	316 	315
f 219 	220 	317
f 219 	317 	316
f 220 	221 	318
f 220 	318 	317
f 221 	222 	319
f 221 	319 	318
f 222 	223 	320
f 222 	320 	319
f 223 	224 	321
f 223 	321 	320
f 224 	225 	322
f 224 	322 	321
f 225 	226 	323
f 225 	323 	322
f 226 	227 	324
f 226 	324 	323
f 227 	228 	325
f 227 	325 	324
f 228 	229 	326
f 228 	326 	325
f 229 	230 	327
f 229 	327 	326
f 230 	231 	328
f 230 	328 	327
f 231 	232 	329
f 231 	329 	328
f 232 	233 	330
f 232 	330 	329
f 233 	234 	331
f 233 	331 	330
f 234 	235 	332
f 234 	332 	331
f 235 	236 	333
f 235 	333 	332
f 236 	237 	334
f 236 	334 	333
f 237 	238 	335
f 237 	335 	334
f 238 	239 	336
f 238 	336 	335
f 239 	240 	337
f 239 	337 	336
f 240 	241 	338
f 240 	338 	337
f 241 	242 	339
f 241 	339 	338
f 242 	243 	340
f 242 	340 	339
f 243 	196 	294
f 243 	294 	340
f 294 	293 	341
f 294 	341 	342
f 293 	295 	343
f 293 	343 	341
f 295 	296 	344
f 295 	344 	343
f 296 	297 	345
f 296 	345 	344
f 297 	298 	346
f 297 	346 	345
f 298 	299 	347
f 298 	347 	346
f 299 	300 	348
f 299 	348 	347
f 300 	301 	349
f 300 	349 	348
f 301 	302 	350
f 301 	350 	349
f 302 	303 	351
f 302 	351 	350
f 303 	304 	352
f 303 	352 	351
f 304 	305 	353
f 304 	353 	352
f 305 	306 	354
f 305 	354 	353
f 306 	307 	355
f 306 	355 	354
f 307 	308 	356
f 307 	356 	355
f 308 	309 	357
f 308 	357 	356
f 309 	310 	358
f 309 	358 	357
f 310 	311 	359
f 310 	359 	358
f 311 	312 	360
f 311 	360 	359
f 312 	313 	361
f 312 	361 	360
f 313 	314 	362
f 313 	362 	361
f 314 	315 	363
f 314 	363 	362
f 315 	316 	364
f 315 	364 	363
f 316 	317 	365
f 316 	365 	364
f 317 	318 	366
f 317 	366 	365
f 318 	319 	367
f 318 	367 	366
f 319 	320 	368
f 319 	368 	367
f 320 	321 	369
f 320 	369 	368
f 321 	322 	370
f 321 	370 	369
f 322 	323 	371
f 322 	371 	370
f 323 	324 	372
f 323 	372 	371
f 324 	325 	373
f 324 	373 	372
f 325 	326 	374
f 325 	374 	373
f 326 	327 	375
f 326 	375 	374
f 327 	328 	376
f 327 	376 	375
f 328 	329 	377
f 328 	377 	376
f 329 	330 	378
f 329 	378 	377
f 330 	331 	379
f 330 	379 	378
f 331 	332 	380
f 331 	380 	379
f 332 	333 	381
f 332 	381 	380
f 333 	334 	382
f 333 	382 	381
f 334 	335 	383
f 334 	383 	382
f 335 	336 	384
f 335 	384 	383
f 336 	337 	385
f 336 	385 	384
f 337 	338 	386
f 337 	386 	385
f 338 	339 	387
f 338 	387 	386
f 339 	340 	388
f 339 	388 	387
f 340 	294 	342
f 340 	342 	388
f 342 	341 	389
f 342 	389 	390
f 341 	343 	391
f 341 	391 	389
f 343 	344 	392
f 343 	392 	391
f 344 	345 	393
f 344 	393 	392
f 345 	346 	394
f 345 	394 	393
f 346 	347 	395
f 346 	395 	394
f 347 	348 	396
f 347 	396 	395
f 348 	349 	397
f 348 	397 	396
f 349 	350 	398
f 349 	398 	397
f 350 	351 	399
f 350 	399 	398
f 351 	352 	400
f 351 	400 	399
f 352 	353 	401
f 352 	401 	400
f 353 	354 	402
f 353 	402 	401
f 354 	355 	403
f 354 	403 	402
f 355 	356 	404
f 355 	404 	403
f 356 	357 	405
f 356 	405 	404
f 357 	358 	406
f 357 	406 	405
f 358 	359 	407
f 358 	407 	406
f 359 	360 	408
f 359 	408 	407
f 360 	361 	409
f 360 	409 	408
f 361 	362 	410
f 361 	410 	409
f 362 	363 	411
f 362 	411 	410
f 363 	364 	412
f 363 	412 	411
f 364 	365 	413
f 364 	413 	412
f 365 	366 	414
f 365 	414 	413
f 366 	367 	415
f 366 	415 	414
f 367 	368 	416
f 367 	416 	415
f 368 	369 	417
f 368 	417 	416
f 369 	370 	418
f 369 	418 	417
f 370 	371 	419
f 370 	419 	418
f 371 	372 	420
f 371 	420 	419
f 372 	373 	421
f 372 	421 	420
f 373 	374 	422
f 373 	422 	421
f 374 	375 	423
f 374 	423 	422
f 375 	376 	424
f 375 	424 	423
f 376 	377 	425
f 376 	425 	424
f 377 	378 	426
f 377 	426 	425
f 378 	379 	427
f 378 	427 	426
f 379 	380 	428
f 379 	428 	427
f 380 	381 	429
f 380 	429 	428
f 381 	382 	430
f 381 	430 	429
f 382 	383 	431
f 382 	431 	430
f 383 	384 	432
f 383 	432 	431
f 384 	385 	433
f 384 	433 	432
f 385 	386 	434
f 385 	434 	433
f 386 	387 	435
f 386 	435 	434
f 387 	388 	436
f 387 	436 	435
f 388 	342 	390
f 388 	390 	436
f 390 	389 	437
f 390 	437 	438
f 389 	391 	439
f 389 	439 	437
f 391 	392 	440
f 391 	440 	439
f 392 	393 	441
f 392 	441 	440
f 393 	394 	442
f 393 	442 	441
f 394 	395 	443
f 394 	443 	442
f 395 	396 	444
f 395 	444 	443
f 396 	397 	445
f 396 	445 	444
f 397 	398 	446
f 397 	446 	445
f 398 	399 	447
f 398 	447 	446
f 399 	400 	448
f 399 	448 	447
f 400 	401 	449
f 400 	449 	448
f 401 	402 	450
f 401 	450 	449
f 402 	403 	451
f 402 	451 	450
f 403 	404 	452
f 403 	452 	451
f 404 	405 	453
f 404 	453 	452
f 405 	406 	454
f 405 	454 	453
f 406 	407 	455
f 406 	455 	454
f 407 	408 	456
f 407 	456 	455
f 408 	409 	457
f 408 	457 	456
f 409 	410 	458
f 409 	458 	457
f 410 	411 	459
f 410 	459 	458
f 411 	412 	460
f 411 	460 	459
f 412 	413 	461
f 412 	461 	460
f 413 	414 	462
f 413 	462 	461
f 414 	415 	463
f 414 	463 	462
f 415 	416 	464
f 415 	464 	463
f 416 	417 	465
f 416 	465 	464
f 417 	418 	466
f 417 	466 	465
f 418 	419 	467
f 418 	467 	466
f 419 	420 	468
f 419 	468 	467
f 420 	421 	469
f 420 	469 	468
f 421 	422 	470
f 421 	470 	469
f 422 	423 	471
f 422 	471 	470
f 423 	424 	472
f 423 	472 	471
f 424 	425 	473
f 424 	473 	472
f 425 	426 	474
f 425 	474 	473
f 426 	427 	475
f 426 	475 	474
f 427 	428 	476
f 427 	476 	475
f 428 	429 	477
f 428 	477 	476
f 429 	430 	478
f 429 	478 	477
f 430 	431 	479
f 430 	479 	478
f 431 	432 	480
f 431 	480 	479
f 432 	433 	481
f 432 	481 	480
f 433 	434 	482
f 433 	482 	481
f 434 	435 	483
f 434 	483 	482
f 435 	436 	484
f 435 	484 	483
f 436 	390 	438
f 436 	438 	484
f 438 	437 	245
f 438 	245 	244
f 437 	439 	247
f 437 	247 	245
f 439 	440 	248
f 439 	248 	247
f 440 	441 	249
f 440 	249 	248
f 441 	442 	250
f 441 	250 	249
f 442 	443 	251
f 442 	251 	250
f 443 	444 	252
f 443 	252 	251
f 444 	445 	253
f 444 	253 	252
f 445 	446 	254
f 445 	254 	253
f 446 	447 	255
f 446 	255 	254
f 447 	448 	256
f 447 	256 	255
f 448 	449 	257
f 448 	257 	256
f 449 	450 	258
f 449 	258 	257
f 450 	451 	259
f 450 	259 	258
f 451 	452 	260
f 451 	260 	259
f 452 	453 	261
f 452 	261 	260
f 453 	454 	262
f 453 	262 	261
f 454 	455 	263
f 454 	263 	262
f 455 	456 	264
f 455 	264 	263
f 456 	457 	265
f 456 	265 	264
f 457 	458 	266
f 457 	266 	265
f 458 	459 	267
f 458 	267 	266
f 459 	460 	268
f 459 	268 	267
f 460 	461 	269
f 460 	269 	268
f 461 	462 	270
f 461 	270 	269
f 462 	463 	271
f 462 	271 	270
f 463 	464 	272
f 463 	272 	271
f 464 	465 	273
f 464 	273 	272
f 465 	466 	274
f 465 	274 	273
f 466 	467 	275
f 466 	275 	274
f 467 	468 	276
f 467 	276 	275
f 468 	469 	277
f 468 	277 	276
f 469 	470 	278
f 469 	278 	277
f 470 	471 	279
f 470 	279 	278
f 471 	472 	280
f 471 	280 	279
f 472 	473 	281
f 472 	281 	280
f 473 	474 	282
f 473 	282 	281
f 474 	475 	283
f 474 	283 	282
f 475 	476 	284
f 475 	284 	283
f 476 	477 	285
f 476 	285 	284
f 477 	478 	286
f 477 	286 	285
f 478 	479 	287
f 478 	287 	286
f 479 	480 	288
f 479 	288 	287
f 480 	481 	289
f 480 	289 	288
f 481 	482 	290
f 481 	290 	289
f 482 	483 	291
f 482 	291 	290
f 483 	484 	292
f 483 	292 	291
f 484 	438 	244
f 484 	244 	292
# 576 faces

 #end of obj_1

o obj_2
v 27.5 		0 		7.5
v 27.2647 		3.5895 		7.5
v 26.563 		7.1175 		7.5
v 25.4067 		10.5238 		7.5
v 23.8157 		13.75 		7.5
v 21.8172 		16.7409 		7.5
v 19.4454 		19.4454 		7.5
v 16.7409 		21.8172 		7.5
v 13.75 		23.8157 		7.5
v 10.5238 		25.4067 		7.5
v 7.1175 		26.563 		7.5
v 3.5895 		27.2647 		7.5
v 0 		27.5 		7.5
v -3.5895 		27.2647 		7.5
v -7.1175 		26.563 		7.5
v -10.5238 		25.4067 		7.5
v -13.75 		23.8157 		7.5
v -16.7409 		21.8172 		7.5
v -19.4454 		19.4454 		7.5
v -21.8172 		16.7409 		7.5
v -23.8157 		13.75 		7.5
v -25.4067 		10.5238 		7.5
v -26.563 		7.1175 		7.5
v -27.2647 		3.5895 		7.5
v -27.5 		0 		7.5
v -27.2647 		-3.5895 		7.5
v -26.563 		-7.1175 		7.5
v -25.4067 		-10.5238 		7.5
v -23.8157 		-13.75 		7.5
v -21.8172 		-16.7409 		7.5
v -19.4454 		-19.4454 		7.5
v -16.7409 		-21.8172 		7.5
v -13.75 		-23.8157 		7.5
v -10.5238 		-25.4067 		7.5
v -7.1175 		-26.563 		7.5
v -3.5895 		-27.2647 		7.5
v 0 		-27.5 		7.5
v 3.5895 		-27.2647 		7.5
v 7.1175 		-26.563 		7.5
v 10.5238 		-25.4067 		7.5
v 13.75 		-23.8157 		7.5
v 16.7409 		-21.8172 		7.5
v 19.4454 		-19.4454 		7.5
v 21.8172 		-16.7409 		7.5
v 23.8157 		-13.75 		7.5
v 25.4067 		-10.5238 		7.5
v 26.563 		-7.1175 		7.5
v 27.2647 		-3.5895 		7.5
v 27.4148 		0 		8.147
v 27.1803 		3.5784 		8.147
v 26.4807 		7.0955 		8.147
v 25.328 		10.4912 		8.147
v 23.7419 		13.7074 		8.147
v 21.7496 		16.6891 		8.147
v 19.3852 		19.3852 		8.147
v 16.6891 		21.7496 		8.147
v 13.7074 		23.7419 		8.147
v 10.4912 		25.328 		8.147
v 7.0955 		26.4807 		8.147
v 3.5784 		27.1803 		8.147
v 0 		27.4148 		8.147
v -3.5784 		27.1803 		8.147
v -7.0955 		26.4807 		8.147
v -10.4912 		25.328 		8.147
v -13.7074 		23.7419 		8.147
v -16.6891 		21.7496 		8.147
v -19.3852 		19.3852 		8.147
v -21.7496 		16.6891 		8.147
v -23.7419 		13.7074 		8.147
v -25.328 		10.4912 		8.147
v -26.4807 		7.0955 		8.147
v -27.1803 		3.5784 		8.147
v -27.4148 		0 		8.147
v -27.1803 		-3.5784 		8.147
v -26.4807 		-7.0955 		8.147
v -25.328 		-10.4912 		8.147
v -23.7419 		-13.7074 		8.147
v -21.7496 		-16.6891 		8.147
v -19.3852 		-19.3852 		8.147
v -16.6891 		-21.7496 		8.147
v -13.7074 		-23.7419 		8.147
v -10.4912 		-25.328 		8.147
v -7.0955 		-26.4807 		8.147
v -3.5784 		-27.1803 		8.147
v 0 		-27.4148 		8.147
v 3.5784 		-27.1803 		8.147
v 7.0955 		-26.4807 		8.147
v 10.4912 		-25.328 		8.147
v 13.7074 		-23.7419 		8.147
v 16.6891 		-21.7496 		8.147
v 19.3852 		-19.3852 		8.147
v 21.7496 		-16.6891 		8.147
v 23.7419 		-13.7074 		8.147
v 25.328 		-10.4912 		8.147
v 26.4807 		-7.0955 		8.147
v 27.1803 		-3.5784 		8.147
v 27.1651 		0 		8.75
v 26.9327 		3.5458 		8.75
v 26.2394 		7.0308 		8.75
v 25.0972 		10.3956 		8.75
v 23.5256 		13.5825 		8.75
v 21.5515 		16.537 		8.75
v 19.2086 		19.2086 		8.75
v 16.537 		21.5515 		8.75
v 13.5825 		23.5256 		8.75
v 10.3956 		25.0972 		8.75
v 7.0308 		26.2394 		8.75
v 3.5458 		26.9327 		8.75
v 0 		27.1651 		8.75
v -3.5458 		26.9327 		8.75
v -7.0308 		26.2394 		8.75
v -10.3956 		25.0972 		8.75
v -13.5825 		23.5256 		8.75
v -16.537 		21.5515 		8.75
v -19.2086 		19.2086 		8.75
v -21.5515 		16.537 		8.75
v -23.5256 		13.5825 		8.75
v -25.0972 		10.3956 		8.75
v -26.2394 		7.0308 		8.75
v -26.9327 		3.5458 		8.75
v -27.1651 		0 		8.75
v -26.9327 		-3.5458 		8.75
v -26.2394 		-7.0308 		8.75
v -25.0972 		-10.3956 		8.75
v -23.5256 		-13.5825 		8.75
v -21.5515 		-16.537 		8.75
v -19.2086 		-19.2086 		8.75
v -16.537 		-21.5515 		8.75
v -13.5825 		-23.5256 		8.75
v -10.3956 		-25.0972 		8.75
v -7.0308 		-26.2394 		8.75
v -3.5458 		-26.9327 		8.75
v 0 		-27.1651 		8.75
v 3.5458 		-26.9327 		8.75
v 7.0308 		-26.2394 		8.75
v 10.3956 		-25.0972 		8.75
v 13.5825 		-23.5256 		8.75
v 16.537 		-21.5515 		8.75
v 19.2086 		-19.2086 		8.75
v 21.5515 		-16.537 		8.75
v 23.5256 		-13.5825 		8.75
v 25.0972 		-10.3956 		8.75
v 26.2394 		-7.0308 		8.75
v 26.9327 		-3.5458 		8.75
v 26.7678 		0 		9.2678
v 26.5388 		3.4939 		9.2678
v 25.8557 		6.928 		9.2678
v 24.7302 		10.2436 		9.2678
v 23.1816 		13.3839 		9.2678
v 21.2363 		16.2952 		9.2678
v 18.9277 		18.9277 		9.2678
v 16.2952 		21.2363 		9.2678
v 13.3839 		23.1816 		9.2678
v 10.2436 		24.7302 		9.2678
v 6.928 		25.8557 		9.2678
v 3.4939 		26.5388 		9.2678
v 0 		26.7678 		9.2678
v -3.4939 		26.5388 		9.2678
v -6.928 		25.8557 		9.2678
v -10.2436 		24.7302 		9.2678
v -13.3839 		23.1816 		9.2678
v -16.2952 		21.2363 		9.2678
v -18.9277 		18.9277 		9.2678
v -21.2363 		16.2952 		9.2678
v -23.1816 		13.3839 		9.2678
v -24.7302 		10.2436 		9.2678
v -25.8557 		6.928 		9.2678
v -26.5388 		3.4939 		9.2678
v -26.7678 		0 		9.2678
v -26.5388 		-3.4939 		9.2678
v -25.8557 		-6.928 		9.2678
v -24.7302 		-10.2436 		9.2678
v -23.1816 		-13.3839 		9.2678
v -21.2363 		-16.2952 		9.2678
v -18.9277 		-18.9277 		9.2678
v -16.2952 		-21.2363 		9.2678
v -13.3839 		-23.1816 		9.2678
v -10.2436 		-24.7302 		9.2678
v -6.928 		-25.8557 		9.2678
v -3.4939 		-26.5388 		9.2678
v 0 		-26.7678 		9.2678
v 3.4939 		-26.5388 		9.2678
v 6.928 		-25.8557 		9.2678
v 10.2436 		-24.7302 		9.2678
v 13.3839 		-23.1816 		9.2678
v 16.2952 		-21.2363 		9.2678
v 18.9277 		-18.9277 		9.2678
v 21.2363 		-16.2952 		9.2678
v 23.1816 		-13.3839 		9.2678
v 24.7302 		-10.2436 		9.2678
v 25.8557 		-6.928 		9.2678
v 26.5388 		-3.4939 		9.2678
v 26.25 		0 		9.6651
v 26.0254 		3.4263 		9.6651
v 25.3556 		6.794 		9.6651
v 24.2518 		10.0454 		9.6651
v 22.7332 		13.125 		9.6651
v 20.8255 		15.98 		9.6651
v 18.5616 		18.5616 		9.6651
v 15.98 		20.8255 		9.6651
v 13.125 		22.7332 		9.6651
v 10.0454 		24.2518 		9.6651
v 6.794 		25.3556 		9.6651
v 3.4263 		26.0254 		9.6651
v 0 		26.25 		9.6651
v -3.4263 		26.0254 		9.6651
v -6.794 		25.3556 		9.6651
v -10.0454 		24.2518 		9.6651
v -13.125 		22.7332 		9.6651
v -15.98 		20.8255 		9.6651
v -18.5616 		18.5616 		9.6651
v -20.8255 		15.98 		9.6651
v -22.7332 		13.125 		9.6651
v -24.2518 		10.0454 		9.6651
v -25.3556 		6.794 		9.6651
v -26.0254 		3.4263 		9.6651
v -26.25 		0 		9.6651
v -26.0254 		-3.4263 		9.6651
v -25.3556 		-6.794 		9.6651
v -24.2518 		-10.0454 		9.6651
v -22.7332 		-13.125 		9.6651
v -20.8255 		-15.98 		9.6651
v -18.5616 		-18.5616 		9.6651
v -15.98 		-20.8255 		9.6651
v -13.125 		-22.7332 		9.6651
v -10.0454 		-24.2518 		9.6651
v -6.794 		-25.3556 		9.6651
v -3.4263 		-26.0254 		9.6651
v 0 		-26.25 		9.6651
v 3.4263 		-26.0254 		9.6651
v 6.794 		-25.3556 		9.6651
v 10.0454 		-24.2518 		9.6651
v 13.125 		-22.7332 		9.6651
v 15.98 		-20.8255 		9.6651
v 18.5616 		-18.5616 		9.6651
v 20.8255 		-15.98 		9.6651
v 22.7332 		-13.125 		9.6651
v 24.2518 		-10.0454 		9.6651
v 25.3556 		-6.794 		9.6651
v 26.0254 		-3.4263 		9.6651
v 25.647 		0 		9.9148
v 25.4276 		3.3476 		9.9148
v 24.7731 		6.6379 		9.9148
v 23.6948 		9.8147 		9.9148
v 22.211 		12.8235 		9.9148
v 20.3472 		15.6129 		9.9148
v 18.1352 		18.1352 		9.9148
v 15.6129 		20.3472 		9.9148
v 12.8235 		22.211 		9.9148
v 9.8147 		23.6948 		9.9148
v 6.6379 		24.7731 		9.9148
v 3.3476 		25.4276 		9.9148
v 0 		25.647 		9.9148
v -3.3476 		25.4276 		9.9148
v -6.6379 		24.7731 		9.9148
v -9.8147 		23.6948 		9.9148
v -12.8235 		22.211 		9.9148
v -15.6129 		20.3472 		9.9148
v -18.1352 		18.1352 		9.9148
v -20.3472 		15.6129 		9.9148
v -22.211 		12.8235 		9.9148
v -23.6948 		9.8147 		9.9148
v -24.7731 		6.6379 		9.9148
v -25.4276 		3.3476 		9.9148
v -25.647 		0 		9.9148
v -25.4276 		-3.3476 		9.9148
v -24.7731 		-6.6379 		9.9148
v -23.6948 		-9.8147 		9.9148
v -22.211 		-12.8235 		9.9148
v -20.3472 		-15.6129 		9.9148
v -18.1352 		-18.1352 		9.9148
v -15.6129 		-20.3472 		9.9148
v -12.8235 		-22.211 		9.9148
v -9.8147 		-23.6948 		9.9148
v -6.6379 		-24.7731 		9.9148
v -3.3476 		-25.4276 		9.9148
v 0 		-25.647 		9.9148
v 3.3476 		-25.4276 		9.9148
v 6.6379 		-24.7731 		9.9148
v 9.8147 		-23.6948 		9.9148
v 12.8235 		-22.211 		9.9148
v 15.6129 		-20.3472 		9.9148
v 18.1352 		-18.1352 		9.9148
v 20.3472 		-15.6129 		9.9148
v 22.211 		-12.8235 		9.9148
v 23.6948 		-9.8147 		9.9148
v 24.7731 		-6.6379 		9.9148
v 25.4276 		-3.3476 		9.9148
v 25 		0 		10
v 24.7861 		3.2632 		10
v 24.1481 		6.4705 		10
v 23.097 		9.5671 		10
v 21.6506 		12.5 		10
v 19.8338 		15.219 		10
v 17.6777 		17.6777 		10
v 15.219 		19.8338 		10
v 12.5 		21.6506 		10
v 9.5671 		23.097 		10
v 6.4705 		24.1481 		10
v 3.2632 		24.7861 		10
v 0 		25 		10
v -3.2632 		24.7861 		10
v -6.4705 		24.1481 		10
v -9.5671 		23.097 		10
v -12.5 		21.6506 		10
v -15.219 		19.8338 		10
v -17.6777 		17.6777 		10
v -19.8338 		15.219 		10
v -21.6506 		12.5 		10
v -23.097 		9.5671 		10
v -24.1481 		6.4705 		10
v -24.7861 		3.2632 		10
v -25 		0 		10
v -24.7861 		-3.2632 		10
v -24.1481 		-6.4705 		10
v -23.097 		-9.5671 		10
v -21.6506 		-12.5 		10
v -19.8338 		-15.219 		10
v -17.6777 		-17.6777 		10
v -15.219 		-19.8338 		10
v -12.5 		-21.6506 		10
v -9.5671 		-23.097 		10
v -6.4705 		-24.1481 		10
v -3.2632 		-24.7861 		10
v 0 		-25 		10
v 3.2632 		-24.7861 		10
v 6.4705 		-24.1481 		10
v 9.5671 		-23.097 		10
v 12.5 		-21.6506 		10
v 15.219 		-19.8338 		10
v 17.6777 		-17.6777 		10
v 19.8338 		-15.219 		10
v 21.6506 		-12.5 		10
v 23.097 		-9.5671 		10
v 24.1481 		-6.4705 		10
v 24.7861 		-3.2632 		10
v 24.353 		0 		9.9148
v 24.1446 		3.1787 		9.9148
v 23.5231 		6.303 		9.9148
v 22.4992 		9.3195 		9.9148
v 21.0903 		12.1765 		9.9148
v 19.3205 		14.8251 		9.9148
v 17.2201 		17.2201 		9.9148
v 14.8251 		19.3205 		9.9148
v 12.1765 		21.0903 		9.9148
v 9.3195 		22.4992 		9.9148
v 6.303 		23.5231 		9.9148
v 3.1787 		24.1446 		9.9148
v 0 		24.353 		9.9148
v -3.1787 		24.1446 		9.9148
v -6.303 		23.5231 		9.9148
v -9.3195 		22.4992 		9.9148
v -12.1765 		21.0903 		9.9148
v -14.8251 		19.3205 		9.9148
v -17.2201 		17.2201 		9.9148
v -19.3205 		14.8251 		9.9148
v -21.0903 		12.1765 		9.9148
v -22.4992 		9.3195 		9.9148
v -23.5231 		6.303 		9.9148
v -24.1446 		3.1787 		9.9148
v -24.353 		0 		9.9148
v -24.1446 		-3.1787 		9.9148
v -23.5231 		-6.303 		9.9148
v -22.4992 		-9.3195 		9.9148
v -21.0903 		-12.1765 		9.9148
v -19.3205 		-14.8251 		9.9148
v -17.2201 		-17.2201 		9.9148
v -14.8251 		-19.3205 		9.9148
v -12.1765 		-21.0903 		9.9148
v -9.3195 		-22.4992 		9.9148
v -6.303 		-23.5231 		9.9148
v -3.1787 		-24.1446 		9.9148
v 0 		-24.353 		9.9148
v 3.1787 		-24.1446 		9.9148
v 6.303 		-23.5231 		9.9148
v 9.3195 		-22.4992 		9.9148
v 12.1765 		-21.0903 		9.9148
v 14.8251 		-19.3205 		9.9148
v 17.2201 		-17.2201 		9.9148
v 19.3205 		-14.8251 		9.9148
v 21.0903 		-12.1765 		9.9148
v 22.4992 		-9.3195 		9.9148
v 23.5231 		-6.303 		9.9148
v 24.1446 		-3.1787 		9.9148
v 23.75 		0 		9.6651
v 23.5468 		3.1 		9.6651
v 22.9407 		6.147 		9.6651
v 21.9421 		9.0887 		9.6651
v 20.5681 		11.875 		9.6651
v 18.8421 		14.4581 		9.6651
v 16.7938 		16.7938 		9.6651
v 14.4581 		18.8421 		9.6651
v 11.875 		20.5681 		9.6651
v 9.0887 		21.9421 		9.6651
v 6.147 		22.9407 		9.6651
v 3.1 		23.5468 		9.6651
v 0 		23.75 		9.6651
v -3.1 		23.5468 		9.6651
v -6.147 		22.9407 		9.6651
v -9.0887 		21.9421 		9.6651
v -11.875 		20.5681 		9.6651
v -14.4581 		18.8421 		9.6651
v -16.7938 		16.7938 		9.6651
v -18.8421 		14.4581 		9.6651
v -20.5681 		11.875 		9.6651
v -21.9421 		9.0887 		9.6651
v -22.9407 		6.147 		9.6651
v -23.5468 		3.1 		9.6651
v -23.75 		0 		9.6651
v -23.5468 		-3.1 		9.6651
v -22.9407 		-6.147 		9.6651
v -21.9421 		-9.0887 		9.6651
v -20.5681 		-11.875 		9.6651
v -18.8421 		-14.4581 		9.6651
v -16.7938 		-16.7938 		9.6651
v -14.4581 		-18.8421 		9.6651
v -11.875 		-20.5681 		9.6651
v -9.0887 		-21.9421 		9.6651
v -6.147 		-22.9407 		9.6651
v -3.1 		-23.5468 		9.6651
v 0 		-23.75 		9.6651
v 3.1 		-23.5468 		9.6651
v 6.147 		-22.9407 		9.6651
v 9.0887 		-21.9421 		9.6651
v 11.875 		-20.5681 		9.6651
v 14.4581 		-18.8421 		9.6651
v 16.7938 		-16.7938 		9.6651
v 18.8421 		-14.4581 		9.6651
v 20.5681 		-11.875 		9.6651
v 21.9421 		-9.0887 		9.6651
v 22.9407 		-6.147 		9.6651
v 23.5468 		-3.1 		9.6651
v 23.2322 		0 		9.2678
v 23.0335 		3.0324 		9.2678
v 22.4406 		6.0129 		9.2678
v 21.4638 		8.8906 		9.2678
v 20.1197 		11.6161 		9.2678
v 18.4314 		14.1429 		9.2678
v 16.4277 		16.4277 		9.2678
v 14.1429 		18.4314 		9.2678
v 11.6161 		20.1197 		9.2678
v 8.8906 		21.4638 		9.2678
v 6.0129 		22.4406 		9.2678
v 3.0324 		23.0335 		9.2678
v 0 		23.2322 		9.2678
v -3.0324 		23.0335 		9.2678
v -6.0129 		22.4406 		9.2678
v -8.8906 		21.4638 		9.2678
v -11.6161 		20.1197 		9.2678
v -14.1429 		18.4314 		9.2678
v -16.4277 		16.4277 		9.2678
v -18.4314 		14.1429 		9.2678
v -20.1197 		11.6161 		9.2678
v -21.4638 		8.8906 		9.2678
v -22.4406 		6.0129 		9.2678
v -23.0335 		3.0324 		9.2678
v -23.2322 		0 		9.2678
v -23.0335 		-3.0324 		9.2678
v -22.4406 		-6.0129 		9.2678
v -21.4638 		-8.8906 		9.2678
v -20.1197 		-11.6161 		9.2678
v -18.4314 		-14.1429 		9.2678
v -16.4277 		-16.4277 		9.2678
v -14.1429 		-18.4314 		9.2678
v -11.6161 		-20.1197 		9.2678
v -8.8906 		-21.4638 		9.2678
v -6.0129 		-22.4406 		9.2678
v -3.0324 		-23.0335 		9.2678
v 0 		-23.2322 		9.2678
v 3.0324 		-23.0335 		9.2678
v 6.0129 		-22.4406 		9.2678
v 8.8906 		-21.4638 		9.2678
v 11.6161 		-20.1197 		9.2678
v 14.1429 		-18.4314 		9.2678
v 16.4277 		-16.4277 		9.2678
v 18.4314 		-14.1429 		9.2678
v 20.1197 		-11.6161 		9.2678
v 21.4638 		-8.8906 		9.2678
v 22.4406 		-6.0129 		9.2678
v 23.0335 		-3.0324 		9.2678
v 22.8349 		0 		8.75
v 22.6396 		2.9806 		8.75
v 22.0569 		5.9101 		8.75
v 21.0967 		8.7386 		8.75
v 19.7756 		11.4175 		8.75
v 18.1162 		13.901 		8.75
v 16.1467 		16.1467 		8.75
v 13.901 		18.1162 		8.75
v 11.4175 		19.7756 		8.75
v 8.7386 		21.0967 		8.75
v 5.9101 		22.0569 		8.75
v 2.9806 		22.6396 		8.75
v 0 		22.8349 		8.75
v -2.9806 		22.6396 		8.75
v -5.9101 		22.0569 		8.75
v -8.7386 		21.0967 		8.75
v -11.4175 		19.7756 		8.75
v -13.901 		18.1162 		8.75
v -16.1467 		16.1467 		8.75
v -18.1162 		13.901 		8.75
v -19.7756 		11.4175 		8.75
v -21.0967 		8.7386 		8.75
v -22.0569 		5.9101 		8.75
v -22.6396 		2.9806 		8.75
v -22.8349 		0 		8.75
v -22.6396 		-2.9806 		8.75
v -22.0569 		-5.9101 		8.75
v -21.0967 		-8.7386 		8.75
v -19.7756 		-11.4175 		8.75
v -18.1162 		-13.901 		8.75
v -16.1467 		-16.1467 		8.75
v -13.901 		-18.1162 		8.75
v -11.4175 		-19.7756 		8.75
v -8.7386 		-21.0967 		8.75
v -5.9101 		-22.0569 		8.75
v -2.9806 		-22.6396 		8.75
v 0 		-22.8349 		8.75
v 2.9806 		-22.6396 		8.75
v 5.9101 		-22.0569 		8.75
v 8.7386 		-21.0967 		8.75
v 11.4175 		-19.7756 		8.75
v 13.901 		-18.1162 		8.75
v 16.1467 		-16.1467 		8.75
v 18.1162 		-13.901 		8.75
v 19.7756 		-11.4175 		8.75
v 21.0967 		-8.7386 		8.75
v 22.0569 		-5.9101 		8.75
v 22.6396 		-2.9806 		8.75
v 22.5852 		0 		8.147
v 22.392 		2.948 		8.147
v 21.8156 		5.8455 		8.147
v 20.866 		8.643 		8.147
v 19.5593 		11.2926 		8.147
v 17.918 		13.749 		8.147
v 15.9701 		15.9701 		8.147
v 13.749 		17.918 		8.147
v 11.2926 		19.5593 		8.147
v 8.643 		20.866 		8.147
v 5.8455 		21.8156 		8.147
v 2.948 		22.392 		8.147
v 0 		22.5852 		8.147
v -2.948 		22.392 		8.147
v -5.8455 		21.8156 		8.147
v -8.643 		20.866 		8.147
v -11.2926 		19.5593 		8.147
v -13.749 		17.918 		8.147
v -15.9701 		15.9701 		8.147
v -17.918 		13.749 		8.147
v -19.5593 		11.2926 		8.147
v -20.866 		8.643 		8.147
v -21.8156 		5.8455 		8.147
v -22.392 		2.948 		8.147
v -22.5852 		0 		8.147
v -22.392 		-2.948 		8.147
v -21.8156 		-5.8455 		8.147
v -20.866 		-8.643 		8.147
v -19.5593 		-11.2926 		8.147
v -17.918 		-13.749 		8.147
v -15.9701 		-15.9701 		8.147
v -13.749 		-17.918 		8.147
v -11.2926 		-19.5593 		8.147
v -8.643 		-20.866 		8.147
v -5.8455 		-21.8156 		8.147
v -2.948 		-22.392 		8.147
v 0 		-22.5852 		8.147
v 2.948 		-22.392 		8.147
v 5.8455 		-21.8156 		8.147
v 8.643 		-20.866 		8.147
v 11.2926 		-19.5593 		8.147
v 13.749 		-17.918 		8.147
v 15.9701 		-15.9701 		8.147
v 17.918 		-13.749 		8.147
v 19.5593 		-11.2926 		8.147
v 20.866 		-8.643 		8.147
v 21.8156 		-5.8455 		8.147
v 22.392 		-2.948 		8.147
v 22.5 		0 		7.5
v 22.3075 		2.9368 		7.5
v 21.7333 		5.8234 		7.5
v 20.7873 		8.6104 		7.5
v 19.4856 		11.25 		7.5
v 17.8505 		13.6971 		7.5
v 15.9099 		15.9099 		7.5
v 13.6971 		17.8505 		7.5
v 11.25 		19.4856 		7.5
v 8.6104 		20.7873 		7.5
v 5.8234 		21.7333 		7.5
v 2.9368 		22.3075 		7.5
v 0 		22.5 		7.5
v -2.9368 		22.3075 		7.5
v -5.8234 		21.7333 		7.5
v -8.6104 		20.7873 		7.5
v -11.25 		19.4856 		7.5
v -13.6971 		17.8505 		7.5
v -15.9099 		15.9099 		7.5
v -17.8505 		13.6971 		7.5
v -19.4856 		11.25 		7.5
v -20.7873 		8.6104 		7.5
v -21.7333 		5.8234 		7.5
v -22.3075 		2.9368 		7.5
v -22.5 		0 		7.5
v -22.3075 		-2.9368 		7.5
v -21.7333 		-5.8234 		7.5
v -20.7873 		-8.6104 		7.5
v -19.4856 		-11.25 		7.5
v -17.8505 		-13.6971 		7.5
v -15.9099 		-15.9099 		7.5
v -13.6971 		-17.8505 		7.5
v -11.25 		-19.4856 		7.5
v -8.6104 		-20.7873 		7.5
v -5.8234 		-21.7333 		7.5
v -2.9368 		-22.3075 		7.5
v 0 		-22.5 		7.5
v 2.9368 		-22.3075 		7.5
v 5.8234 		-21.7333 		7.5
v 8.6104 		-20.7873 		7.5
v 11.25 		-19.4856 		7.5
v 13.6971 		-17.8505 		7.5
v 15.9099 		-15.9099 		7.5
v 17.8505 		-13.6971 		7.5
v 19.4856 		-11.25 		7.5
v 20.7873 		-8.6104 		7.5
v 21.7333 		-5.8234 		7.5
v 22.3075 		-2.9368 		7.5
v 22.5852 		0 		6.853
v 22.392 		2.948 		6.853
v 21.8156 		5.8455 		6.853
v 20.866 		8.643 		6.853
v 19.5593 		11.2926 		6.853
v 17.918 		13.749 		6.853
v 15.9701 		15.9701 		6.853
v 13.749 		17.918 		6.853
v 11.2926 		19.5593 		6.853
v 8.643 		20.866 		6.853
v 5.8455 		21.8156 		6.853
v 2.948 		22.392 		6.853
v 0 		22.5852 		6.853
v -2.948 		22.392 		6.853
v -5.8455 		21.8156 		6.853
v -8.643 		20.866 		6.853
v -11.2926 		19.5593 		6.853
v -13.749 		17.918 		6.853
v -15.9701 		15.9701 		6.853
v -17.918 		13.749 		6.853
v -19.5593 		11.2926 		6.853
v -20.866 		8.643 		6.853
v -21.8156 		5.8455 		6.853
v -22.392 		2.948 		6.853
v -22.5852 		0 		6.853
v -22.392 		-2.948 		6.853
v -21.8156 		-5.8455 		6.853
v -20.866 		-8.643 		6.853
v -19.5593 		-11.2926 		6.853
v -17.918 		-13.749 		6.853
v -15.9701 		-15.9701 		6.853
v -13.749 		-17.918 		6.853
v -11.2926 		-19.5593 		6.853
v -8.643 		-20.866 		6.853
v -5.8455 		-21.8156 		6.853
v -2.948 		-22.392 		6.853
v 0 		-22.5852 		6.853
v 2.948 		-22.392 		6.853
v 5.8455 		-21.8156 		6.853
v 8.643 		-20.866 		6.853
v 11.2926 		-19.5593 		6.853
v 13.749 		-17.918 		6.853
v 15.9701 		-15.9701 		6.853
v 17.918 		-13.749 		6.853
v 19.5593 		-11.2926 		6.853
v 20.866 		-8.643 		6.853
v 21.8156 		-5.8455 		6.853
v 22.392 		-2.948 		6.853
v 22.8349 		0 		6.25
v 22.6396 		2.9806 		6.25
v 22.0569 		5.9101 		6.25
v 21.0967 		8.7386 		6.25
v 19.7756 		11.4175 		6.25
v 18.1162 		13.901 		6.25
v 16.1467 		16.1467 		6.25
v 13.901 		18.1162 		6.25
v 11.4175 		19.7756 		6.25
v 8.7386 		21.0967 		6.25
v 5.9101 		22.0569 		6.25
v 2.9806 		22.6396 		6.25
v 0 		22.8349 		6.25
v -2.9806 		22.6396 		6.25
v -5.9101 		22.0569 		6.25
v -8.7386 		21.0967 		6.25
v -11.4175 		19.7756 		6.25
v -13.901 		18.1162 		6.25
v -16.1467 		16.1467 		6.25
v -18.1162 		13.901 		6.25
v -19.7756 		11.4175 		6.25
v -21.0967 		8.7386 		6.25
v -22.0569 		5.9101 		6.25
v -22.6396 		2.9806 		6.25
v -22.8349 		0 		6.25
v -22.6396 		-2.9806 		6.25
v -22.0569 		-5.9101 		6.25
v -21.0967 		-8.7386 		6.25
v -19.7756 		-11.4175 		6.25
v -18.1162 		-13.901 		6.25
v -16.1467 		-16.1467 		6.25
v -13.901 		-18.1162 		6.25
v -11.4175 		-19.7756 		6.25
v -8.7386 		-21.0967 		6.25
v -5.9101 		-22.0569 		6.25
v -2.9806 		-22.6396 		6.25
v 0 		-22.8349 		6.25
v 2.9806 		-22.6396 		6.25
v 5.9101 		-22.0569 		6.25
v 8.7386 		-21.0967 		6.25
v 11.4175 		-19.7756 		6.25
v 13.901 		-18.1162 		6.25
v 16.1467 		-16.1467 		6.25
v 18.1162 		-13.901 		6.25
v 19.7756 		-11.4175 		6.25
v 21.0967 		-8.7386 		6.25
v 22.0569 		-5.9101 		6.25
v 22.6396 		-2.9806 		6.25
v 23.2322 		0 		5.7322
v 23.0335 		3.0324 		5.7322
v 22.4406 		6.0129 		5.7322
v 21.4638 		8.8906 		5.7322
v 20.1197 		11.6161 		5.7322
v 18.4314 		14.1429 		5.7322
v 16.4277 		16.4277 		5.7322
v 14.1429 		18.4314 		5.7322
v 11.6161 		20.1197 		5.7322
v 8.8906 		21.4638 		5.7322
v 6.0129 		22.4406 		5.7322
v 3.0324 		23.0335 		5.7322
v 0 		23.2322 		5.7322
v -3.0324 		23.0335 		5.7322
v -6.0129 		22.4406 		5.7322
v -8.8906 		21.4638 		5.7322
v -11.6161 		20.1197 		5.7322
v -14.1429 		18.4314 		5.7322
v -16.4277 		16.4277 		5.7322
v -18.4314 		14.1429 		5.7322
v -20.1197 		11.6161 		5.7322
v -21.4638 		8.8906 		5.7322
v -22.4406 		6.0129 		5.7322
v -23.0335 		3.0324 		5.7322
v -23.2322 		0 		5.7322
v -23.0335 		-3.0324 		5.7322
v -22.4406 		-6.0129 		5.7322
v -21.4638 		-8.8906 		5.7322
v -20.1197 		-11.6161 		5.7322
v -18.4314 		-14.1429 		5.7322
v -16.4277 		-16.4277 		5.7322
v -14.1429 		-18.4314 		5.7322
v -11.6161 		-20.1197 		5.7322
v -8.8906 		-21.4638 		5.7322
v -6.0129 		-22.4406 		5.7322
v -3.0324 		-23.0335 		5.7322
v 0 		-23.2322 		5.7322
v 3.0324 		-23.0335 		5.7322
v 6.0129 		-22.4406 		5.7322
v 8.8906 		-21.4638 		5.7322
v 11.6161 		-20.1197 		5.7322
v 14.1429 		-18.4314 		5.7322
v 16.4277 		-16.4277 		5.7322
v 18.4314 		-14.1429 		5.7322
v 20.1197 		-11.6161 		5.7322
v 21.4638 		-8.8906 		5.7322
v 22.4406 		-6.0129 		5.7322
v 23.0335 		-3.0324 		5.7322
v 23.75 		0 		5.3349
v 23.5468 		3.1 		5.3349
v 22.9407 		6.147 		5.3349
v 21.9421 		9.0887 		5.3349
v 20.5681 		11.875 		5.3349
v 18.8421 		14.4581 		5.3349
v 16.7938 		16.7938 		5.3349
v 14.4581 		18.8421 		5.3349
v 11.875 		20.5681 		5.3349
v 9.0887 		21.9421 		5.3349
v 6.147 		22.9407 		5.3349
v 3.1 		23.5468 		5.3349
v 0 		23.75 		5.3349
v -3.1 		23.5468 		5.3349
v -6.147 		22.9407 		5.3349
v -9.0887 		21.9421 		5.3349
v -11.875 		20.5681 		5.3349
v -14.4581 		18.8421 		5.3349
v -16.7938 		16.7938 		5.3349
v -18.8421 		14.4581 		5.3349
v -20.5681 		11.875 		5.3349
v -21.9421 		9.0887 		5.3349
v -22.9407 		6.147 		5.3349
v -23.5468 		3.1 		5.3349
v -23.75 		0 		5.3349
v -23.5468 		-3.1 		5.3349
v -22.9407 		-6.147 		5.3349
v -21.9421 		-9.0887 		5.3349
v -20.5681 		-11.875 		5.3349
v -18.8421 		-14.4581 		5.3349
v -16.7938 		-16.7938 		5.3349
v -14.4581 		-18.8421 		5.3349
v -11.875 		-20.5681 		5.3349
v -9.0887 		-21.9421 		5.3349
v -6.147 		-22.9407 		5.3349
v -3.1 		-23.5468 		5.3349
v 0 		-23.75 		5.3349
v 3.1 		-23.5468 		5.3349
v 6.147 		-22.9407 		5.3349
v 9.0887 		-21.9421 		5.3349
v 11.875 		-20.5681 		5.3349
v 14.4581 		-18.8421 		5.3349
v 16.7938 		-16.7938 		5.3349
v 18.8421 		-14.4581 		5.3349
v 20.5681 		-11.875 		5.3349
v 21.9421 		-9.0887 		5.3349
v 22.9407 		-6.147 		5.3349
v 23.5468 		-3.1 		5.3349
v 24.353 		0 		5.0852
v 24.1446 		3.1787 		5.0852
v 23.5231 		6.303 		5.0852
v 22.4992 		9.3195 		5.0852
v 21.0903 		12.1765 		5.0852
v 19.3205 		14.8251 		5.0852
v 17.2201 		17.2201 		5.0852
v 14.8251 		19.3205 		5.0852
v 12.1765 		21.0903 		5.0852
v 9.3195 		22.4992 		5.0852
v 6.303 		23.5231 		5.0852
v 3.1787 		24.1446 		5.0852
v 0 		24.353 		5.0852
v -3.1787 		24.1446 		5.0852
v -6.303 		23.5231 		5.0852
v -9.3195 		22.4992 		5.0852
v -12.1765 		21.0903 		5.0852
v -14.8251 		19.3205 		5.0852
v -17.2201 		17.2201 		5.0852
v -19.3205 		14.8251 		5.0852
v -21.0903 		12.1765 		5.0852
v -22.4992 		9.3195 		5.0852
v -23.5231 		6.303 		5.0852
v -24.1446 		3.1787 		5.0852
v -24.353 		0 		5.0852
v -24.1446 		-3.1787 		5.0852
v -23.5231 		-6.303 		5.0852
v -22.4992 		-9.3195 		5.0852
v -21.0903 		-12.1765 		5.0852
v -19.3205 		-14.8251 		5.0852
v -17.2201 		-17.2201 		5.0852
v -14.8251 		-19.3205 		5.0852
v -12.1765 		-21.0903 		5.0852
v -9.3195 		-22.4992 		5.0852
v -6.303 		-23.5231 		5.0852
v -3.1787 		-24.1446 		5.0852
v 0 		-24.353 		5.0852
v 3.1787 		-24.1446 		5.0852
v 6.303 		-23.5231 		5.0852
v 9.3195 		-22.4992 		5.0852
v 12.1765 		-21.0903 		5.0852
v 14.8251 		-19.3205 		5.0852
v 17.2201 		-17.2201 		5.0852
v 19.3205 		-14.8251 		5.0852
v 21.0903 		-12.1765 		5.0852
v 22.4992 		-9.3195 		5.0852
v 23.5231 		-6.303 		5.0852
v 24.1446 		-3.1787 		5.0852
v 25 		0 		5
v 24.7861 		3.2632 		5
v 24.1481 		6.4705 		5
v 23.097 		9.5671 		5
v 21.6506 		12.5 		5
v 19.8338 		15.219 		5
v 17.6777 		17.6777 		5
v 15.219 		19.8338 		5
v 12.5 		21.6506 		5
v 9.5671 		23.097 		5
v 6.4705 		24.1481 		5
v 3.2632 		24.7861 		5
v 0 		25 		5
v -3.2632 		24.7861 		5
v -6.4705 		24.1481 		5
v -9.5671 		23.097 		5
v -12.5 		21.6506 		5
v -15.219 		19.8338 		5
v -17.6777 		17.6777 		5
v -19.8338 		15.219 		5
v -21.6506 		12.5 		5
v -23.097 		9.5671 		5
v -24.1481 		6.4705 		5
v -24.7861 		3.2632 		5
v -25 		0 		5
v -24.7861 		-3.2632 		5
v -24.1481 		-6.4705 		5
v -23.097 		-9.5671 		5
v -21.6506 		-12.5 		5
v -19.8338 		-15.219 		5
v -17.6777 		-17.6777 		5
v -15.219 		-19.8338 		5
v -12.5 		-21.6506 		5
v -9.5671 		-23.097 		5
v -6.4705 		-24.1481 		5
v -3.2632 		-24.7861 		5
v 0 		-25 		5
v 3.2632 		-24.7861 		5
v 6.4705 		-24.1481 		5
v 9.5671 		-23.097 		5
v 12.5 		-21.6506 		5
v 15.219 		-19.8338 		5
v 17.6777 		-17.6777 		5
v 19.8338 		-15.219 		5
v 21.6506 		-12.5 		5
v 23.097 		-9.5671 		5
v 24.1481 		-6.4705 		5
v 24.7861 		-3.2632 		5
v 25.647 		0 		5.0852
v 25.4276 		3.3476 		5.0852
v 24.7731 		6.6379 		5.0852
v 23.6948 		9.8147 		5.0852
v 22.211 		12.8235 		5.0852
v 20.3472 		15.6129 		5.0852
v 18.1352 		18.1352 		5.0852
v 15.6129 		20.3472 		5.0852
v 12.8235 		22.211 		5.0852
v 9.8147 		23.6948 		5.0852
v 6.6379 		24.7731 		5.0852
v 3.3476 		25.4276 		5.0852
v 0 		25.647 		5.0852
v -3.3476 		25.4276 		5.0852
v -6.6379 		24.7731 		5.0852
v -9.8147 		23.6948 		5.0852
v -12.8235 		22.211 		5.0852
v -15.6129 		20.3472 		5.0852
v -18.1352 		18.1352 		5.0852
v -20.3472 		15.6129 		5.0852
v -22.211 		12.8235 		5.0852
v -23.6948 		9.8147 		5.0852
v -24.7731 		6.6379 		5.0852
v -25.4276 		3.3476 		5.0852
v -25.647 		0 		5.0852
v -25.4276 		-3.3476 		5.0852
v -24.7731 		-6.6379 		5.0852
v -23.6948 		-9.8147 		5.0852
v -22.211 		-12.8235 		5.0852
v -20.3472 		-15.6129 		5.0852
v -18.1352 		-18.1352 		5.0852
v -15.6129 		-20.3472 		5.0852
v -12.8235 		-22.211 		5.0852
v -9.8147 		-23.6948 		5.0852
v -6.6379 		-24.7731 		5.0852
v -3.3476 		-25.4276 		5.0852
v 0 		-25.647 		5.0852
v 3.3476 		-25.4276 		5.0852
v 6.6379 		-24.7731 		5.0852
v 9.8147 		-23.6948 		5.0852
v 12.8235 		-22.211 		5.0852
v 15.6129 		-20.3472 		5.0852
v 18.1352 		-18.1352 		5.0852
v 20.3472 		-15.6129 		5.0852
v 22.211 		-12.8235 		5.0852
v 23.6948 		-9.8147 		5.0852
v 24.7731 		-6.6379 		5.0852
v 25.4276 		-3.3476 		5.0852
v 26.25 		0 		5.3349
v 26.0254 		3.4263 		5.3349
v 25.3556 		6.794 		5.3349
v 24.2518 		10.0454 		5.3349
v 22.7332 		13.125 		5.3349
v 20.8255 		15.98 		5.3349
v 18.5616 		18.5616 		5.3349
v 15.98 		20.8255 		5.3349
v 13.125 		22.7332 		5.3349
v 10.0454 		24.2518 		5.3349
v 6.794 		25.3556 		5.3349
v 3.4263 		26.0254 		5.3349
v 0 		26.25 		5.3349
v -3.4263 		26.0254 		5.3349
v -6.794 		25.3556 		5.3349
v -10.0454 		24.2518 		5.3349
v -13.125 		22.7332 		5.3349
v -15.98 		20.8255 		5.3349
v -18.5616 		18.5616 		5.3349
v -20.8255 		15.98 		5.3349
v -22.7332 		13.125 		5.3349
v -24.2518 		10.0454 		5.3349
v -25.3556 		6.794 		5.3349
v -26.0254 		3.4263 		5.3349
v -26.25 		0 		5.3349
v -26.0254 		-3.4263 		5.3349
v -25.3556 		-6.794 		5.3349
v -24.2518 		-10.0454 		5.3349
v -22.7332 		-13.125 		5.3349
v -20.8255 		-15.98 		5.3349
v -18.5616 		-18.5616 		5.3349
v -15.98 		-20.8255 		5.3349
v -13.125 		-22.7332 		5.3349
v -10.0454 		-24.2518 		5.3349
v -6.794 		-25.3556 		5.3349
v -3.4263 		-26.0254 		5.3349
v 0 		-26.25 		5.3349
v 3.4263 		-26.0254 		5.3349
v 6.794 		-25.3556 		5.3349
v 10.0454 		-24.2518 		5.3349
v 13.125 		-22.7332 		5.3349
v 15.98 		-20.8255 		5.3349
v 18.5616 		-18.5616 		5.3349
v 20.8255 		-15.98 		5.3349
v 22.7332 		-13.125 		5.3349
v 24.2518 		-10.0454 		5.3349
v 25.3556 		-6.794 		5.3349
v 26.0254 		-3.4263 		5.3349
v 26.7678 		0 		5.7322
v 26.5388 		3.4939 		5.7322
v 25.8557 		6.928 		5.7322
v 24.7302 		10.2436 		5.7322
v 23.1816 		13.3839 		5.7322
v 21.2363 		16.2952 		5.7322
v 18.9277 		18.9277 		5.7322
v 16.2952 		21.2363 		5.7322
v 13.3839 		23.1816 		5.7322
v 10.2436 		24.7302 		5.7322
v 6.928 		25.8557 		5.7322
v 3.4939 		26.5388 		5.7322
v 0 		26.7678 		5.7322
v -3.4939 		26.5388 		5.7322
v -6.928 		25.8557 		5.7322
v -10.2436 		24.7302 		5.7322
v -13.3839 		23.1816 		5.7322
v -16.2952 		21.2363 		5.7322
v -18.9277 		18.9277 		5.7322
v -21.2363 		16.2952 		5.7322
v -23.1816 		13.3839 		5.7322
v -24.7302 		10.2436 		5.7322
v -25.8557 		6.928 		5.7322
v -26.5388 		3.4939 		5.7322
v -26.7678 		0 		5.7322
v -26.5388 		-3.4939 		5.7322
v -25.8557 		-6.928 		5.7322
v -24.7302 		-10.2436 		5.7322
v -23.1816 		-13.3839 		5.7322
v -21.2363 		-16.2952 		5.7322
v -18.9277 		-18.9277 		5.7322
v -16.2952 		-21.2363 		5.7322
v -13.3839 		-23.1816 		5.7322
v -10.2436 		-24.7302 		5.7322
v -6.928 		-25.8557 		5.7322
v -3.4939 		-26.5388 		5.7322
v 0 		-26.7678 		5.7322
v 3.4939 		-26.5388 		5.7322
v 6.928 		-25.8557 		5.7322
v 10.2436 		-24.7302 		5.7322
v 13.3839 		-23.1816 		5.7322
v 16.2952 		-21.2363 		5.7322
v 18.9277 		-18.9277 		5.7322
v 21.2363 		-16.2952 		5.7322
v 23.1816 		-13.3839 		5.7322
v 24.7302 		-10.2436 		5.7322
v 25.8557 		-6.928 		5.7322
v 26.5388 		-3.4939 		5.7322
v 27.1651 		0 		6.25
v 26.9327 		3.5458 		6.25
v 26.2394 		7.0308 		6.25
v 25.0972 		10.3956 		6.25
v 23.5256 		13.5825 		6.25
v 21.5515 		16.537 		6.25
v 19.2086 		19.2086 		6.25
v 16.537 		21.5515 		6.25
v 13.5825 		23.5256 		6.25
v 10.3956 		25.0972 		6.25
v 7.0308 		26.2394 		6.25
v 3.5458 		26.9327 		6.25
v 0 		27.1651 		6.25
v -3.5458 		26.9327 		6.25
v -7.0308 		26.2394 		6.25
v -10.3956 		25.0972 		6.25
v -13.5825 		23.5256 		6.25
v -16.537 		21.5515 		6.25
v -19.2086 		19.2086 		6.25
v -21.5515 		16.537 		6.25
v -23.5256 		13.5825 		6.25
v -25.0972 		10.3956 		6.25
v -26.2394 		7.0308 		6.25
v -26.9327 		3.5458 		6.25
v -27.1651 		0 		6.25
v -26.9327 		-3.5458 		6.25
v -26.2394 		-7.0308 		6.25
v -25.0972 		-10.3956 		6.25
v -23.5256 		-13.5825 		6.25
v -21.5515 		-16.537 		6.25
v -19.2086 		-19.2086 		6.25
v -16.537 		-21.5515 		6.25
v -13.5825 		-23.5256 		6.25
v -10.3956 		-25.0972 		6.25
v -7.0308 		-26.2394 		6.25
v -3.5458 		-26.9327 		6.25
v 0 		-27.1651 		6.25
v 3.5458 		-26.9327 		6.25
v 7.0308 		-26.2394 		6.25
v 10.3956 		-25.0972 		6.25
v 13.5825 		-23.5256 		6.25
v 16.537 		-21.5515 		6.25
v 19.2086 		-19.2086 		6.25
v 21.5515 		-16.537 		6.25
v 23.5256 		-13.5825 		6.25
v 25.0972 		-10.3956 		6.25
v 26.2394 		-7.0308 		6.25
v 26.9327 		-3.5458 		6.25
v 27.4148 		0 		6.853
v 27.1803 		3.5784 		6.853
v 26.4807 		7.0955 		6.853
v 25.328 		10.4912 		6.853
v 23.7419 		13.7074 		6.853
v 21.7496 		16.6891 		6.853
v 19.3852 		19.3852 		6.853
v 16.6891 		21.7496 		6.853
v 13.7074 		23.7419 		6.853
v 10.4912 		25.328 		6.853
v 7.0955 		26.4807 		6.853
v 3.5784 		27.1803 		6.853
v 0 		27.4148 		6.853
v -3.5784 		27.1803 		6.853
v -7.0955 		26.4807 		6.853
v -10.4912 		25.328 		6.853
v -13.7074 		23.7419 		6.853
v -16.6891 		21.7496 		6.853
v -19.3852 		19.3852 		6.853
v -21.7496 		16.6891 		6.853
v -23.7419 		13.7074 		6.853
v -25.328 		10.4912 		6.853
v -26.4807 		7.0955 		6.853
v -27.1803 		3.5784 		6.853
v -27.4148 		0 		6.853
v -27.1803 		-3.5784 		6.853
v -26.4807 		-7.0955 		6.853
v -25.328 		-10.4912 		6.853
v -23.7419 		-13.7074 		6.853
v -21.7496 		-16.6891 		6.853
v -19.3852 		-19.3852 		6.853
v -16.6891 		-21.7496 		6.853
v -13.7074 		-23.7419 		6.853
v -10.4912 		-25.328 		6.853
v -7.0955 		-26.4807 		6.853
v -3.5784 		-27.1803 		6.853
v 0 		-27.4148 		6.853
v 3.5784 		-27.1803 		6.853
v 7.0955 		-26.4807 		6.853
v 10.4912 		-25.328 		6.853
v 13.7074 		-23.7419 		6.853
v 16.6891 		-21.7496 		6.853
v 19.3852 		-19.3852 		6.853
v 21.7496 		-16.6891 		6.853
v 23.7419 		-13.7074 		6.853
v 25.328 		-10.4912 		6.853
v 26.4807 		-7.0955 		6.853
v 27.1803 		-3.5784 		6.853
# 1152 vertices

g group_2_2829873

usemtl color_2829873
s 0

f 533 	485 	534
f 485 	486 	534
f 534 	486 	535
f 486 	487 	535
f 535 	487 	536
f 487 	488 	536
f 536 	488 	537
f 488 	489 	537
f 537 	489 	538
f 489 	490 	538
f 538 	490 	539
f 490 	491 	539
f 539 	491 	540
f 491 	492 	540
f 540 	492 	541
f 492 	493 	541
f 541 	493 	542
f 493 	494 	542
f 542 	494 	543
f 494 	495 	543
f 543 	495 	544
f 495 	496 	544
f 544 	496 	545
f 496 	497 	545
f 545 	497 	546
f 497 	498 	546
f 546 	498 	547
f 498 	499 	547
f 547 	499 	548
f 499 	500 	548
f 548 	500 	549
f 500 	501 	549
f 549 	501 	550
f 501 	502 	550
f 550 	502 	551
f 502 	503 	551
f 551 	503 	552
f 503 	504 	552
f 552 	504 	553
f 504 	505 	553
f 553 	505 	554
f 505 	506 	554
f 554 	506 	555
f 506 	507 	555
f 555 	507 	556
f 507 	508 	556
f 556 	508 	557
f 508 	509 	557
f 557 	509 	558
f 509 	510 	558
f 558 	510 	559
f 510 	511 	559
f 559 	511 	560
f 511 	512 	560
f 560 	512 	561
f 512 	513 	561
f 561 	513 	562
f 513 	514 	562
f 562 	514 	563
f 514 	515 	563
f 563 	515 	564
f 515 	516 	564
f 564 	516 	565
f 516 	517 	565
f 565 	517 	566
f 517 	518 	566
f 566 	518 	567
f 518 	519 	567
f 567 	519 	568
f 519 	520 	568
f 568 	520 	569
f 520 	521 	569
f 569 	521 	570
f 521 	522 	570
f 570 	522 	571
f 522 	523 	571
f 571 	523 	572
f 523 	524 	572
f 572 	524 	573
f 524 	525 	573
f 573 	525 	574
f 525 	526 	574
f 574 	526 	575
f 526 	527 	575
f 575 	527 	576
f 527 	528 	576
f 576 	528 	577
f 528 	529 	577
f 577 	529 	578
f 529 	530 	578
f 578 	530 	579
f 530 	531 	579
f 579 	531 	580
f 531 	532 	580
f 580 	532 	533
f 532 	485 	533
f 581 	533 	582
f 533 	534 	582
f 582 	534 	583
f 534 	535 	583
f 583 	535 	584
f 535 	536 	584
f 584 	536 	585
f 536 	537 	585
f 585 	537 	586
f 537 	538 	586
f 586 	538 	587
f 538 	539 	587
f 587 	539 	588
f 539 	540 	588
f 588 	540 	589
f 540 	541 	589
f 589 	541 	590
f 541 	542 	590
f 590 	542 	591
f 542 	543 	591
f 591 	543 	592
f 543 	544 	592
f 592 	544 	593
f 544 	545 	593
f 593 	545 	594
f 545 	546 	594
f 594 	546 	595
f 546 	547 	595
f 595 	547 	596
f 547 	548 	596
f 596 	548 	597
f 548 	549 	597
f 597 	549 	598
f 549 	550 	598
f 598 	550 	599
f 550 	551 	599
f 599 	551 	600
f 551 	552 	600
f 600 	552 	601
f 552 	553 	601
f 601 	553 	602
f 553 	554 	602
f 602 	554 	603
f 554 	555 	603
f 603 	555 	604
f 555 	556 	604
f 604 	556 	605
f 556 	557 	605
f 605 	557 	606
f 557 	558 	606
f 606 	558 	607
f 558 	559 	607
f 607 	559 	608
f 559 	560 	608
f 608 	560 	609
f 560 	561 	609
f 609 	561 	610
f 561 	562 	610
f 610 	562 	611
f 562 	563 	611
f 611 	563 	612
f 563 	564 	612
f 612 	564 	613
f 564 	565 	613
f 613 	565 	614
f 565 	566 	614
f 614 	566 	615
f 566 	567 	615
f 615 	567 	616
f 567 	568 	616
f 616 	568 	617
f 568 	569 	617
f 617 	569 	618
f 569 	570 	618
f 618 	570 	619
f 570 	571 	619
f 619 	571 	620
f 571 	572 	620
f 620 	572 	621
f 572 	573 	621
f 621 	573 	622
f 573 	574 	622
f 622 	574 	623
f 574 	575 	623
f 623 	575 	624
f 575 	576 	624
f 624 	576 	625
f 576 	577 	625
f 625 	577 	626
f 577 	578 	626
f 626 	578 	627
f 578 	579 	627
f 627 	579 	628
f 579 	580 	628
f 628 	580 	581
f 580 	533 	581
f 629 	581 	630
f 581 	582 	630
f 630 	582 	631
f 582 	583 	631
f 631 	583 	632
f 583 	584 	632
f 632 	584 	633
f 584 	585 	633
f 633 	585 	634
f 585 	586 	634
f 634 	586 	635
f 586 	587 	635
f 635 	587 	636
f 587 	588 	636
f 636 	588 	637
f 588 	589 	637
f 637 	589 	638
f 589 	590 	638
f 638 	590 	639
f 590 	591 	639
f 639 	591 	640
f 591 	592 	640
f 640 	592 	641
f 592 	593 	641
f 641 	593 	642
f 593 	594 	642
f 642 	594 	643
f 594 	595 	643
f 643 	595 	644
f 595 	596 	644
f 644 	596 	645
f 596 	597 	645
f 645 	597 	646
f 597 	598 	646
f 646 	598 	647
f 598 	599 	647
f 647 	599 	648
f 599 	600 	648
f 648 	600 	649
f 600 	601 	649
f 649 	601 	650
f 601 	602 	650
f 650 	602 	651
f 602 	603 	651
f 651 	603 	652
f 603 	604 	652
f 652 	604 	653
f 604 	605 	653
f 653 	605 	654
f 605 	606 	654
f 654 	606 	655
f 606 	607 	655
f 655 	607 	656
f 607 	608 	656
f 656 	608 	657
f 608 	609 	657
f 657 	609 	658
f 609 	610 	658
f 658 	610 	659
f 610 	611 	659
f 659 	611 	660
f 611 	612 	660
f 660 	612 	661
f 612 	613 	661
f 661 	613 	662
f 613 	614 	662
f 662 	614 	663
f 614 	615 	663
f 663 	615 	664
f 615 	616 	664
f 664 	616 	665
f 616 	617 	665
f 665 	617 	666
f 617 	618 	666
f 666 	618 	667
f 618 	619 	667
f 667 	619 	668
f 619 	620 	668
f 668 	620 	669
f 620 	621 	669
f 669 	621 	670
f 621 	622 	670
f 670 	622 	671
f 622 	623 	671
f 671 	623 	672
f 623 	624 	672
f 672 	624 	673
f 624 	625 	673
f 673 	625 	674
f 625 	626 	674
f 674 	626 	675
f 626 	627 	675
f 675 	627 	676
f 627 	628 	676
f 676 	628 	629
f 628 	581 	629
f 677 	629 	678
f 629 	630 	678
f 678 	630 	679
f 630 	631 	679
f 679 	631 	680
f 631 	632 	680
f 680 	632 	681
f 632 	633 	681
f 681 	633 	682
f 633 	634 	682
f 682 	634 	683
f 634 	635 	683
f 683 	635 	684
f 635 	636 	684
f 684 	636 	685
f 636 	637 	685
f 685 	637 	686
f 637 	638 	686
f 686 	638 	687
f 638 	639 	687
f 687 	639 	688
f 639 	640 	688
f 688 	640 	689
f 640 	641 	689
f 689 	641 	690
f 641 	642 	690
f 690 	642 	691
f 642 	643 	691
f 691 	643 	692
f 643 	644 	692
f 692 	644 	693
f 644 	645 	693
f 693 	645 	694
f 645 	646 	694
f 694 	646 	695
f 646 	647 	695
f 695 	647 	696
f 647 	648 	696
f 696 	648 	697
f 648 	649 	697
f 697 	649 	698
f 649 	650 	698
f 698 	650 	699
f 650 	651 	699
f 699 	651 	700
f 651 	652 	700
f 700 	652 	701
f 652 	653 	701
f 701 	653 	702
f 653 	654 	702
f 702 	654 	703
f 654 	655 	703
f 703 	655 	704
f 655 	656 	704
f 704 	656 	705
f 656 	657 	705
f 705 	657 	706
f 657 	658 	706
f 706 	658 	707
f 658 	659 	707
f 707 	659 	708
f 659 	660 	708
f 708 	660 	709
f 660 	661 	709
f 709 	661 	710
f 661 	662 	710
f 710 	662 	711
f 662 	663 	711
f 711 	663 	712
f 663 	664 	712
f 712 	664 	713
f 664 	665 	713
f 713 	665 	714
f 665 	666 	714
f 714 	666 	715
f 666 	667 	715
f 715 	667 	716
f 667 	668 	716
f 716 	668 	717
f 668 	669 	717
f 717 	669 	718
f 669 	670 	718
f 718 	670 	719
f 670 	671 	719
f 719 	671 	720
f 671 	672 	720
f 720 	672 	721
f 672 	673 	721
f 721 	673 	722
f 673 	674 	722
f 722 	674 	723
f 674 	675 	723
f 723 	675 	724
f 675 	676 	724
f 724 	676 	677
f 676 	629 	677
f 725 	677 	726
f 677 	678 	726
f 726 	678 	727
f 678 	679 	727
f 727 	679 	728
f 679 	680 	728
f 728 	680 	729
f 680 	681 	729
f 729 	681 	730
f 681 	682 	730
f 730 	682 	731
f 682 	683 	731
f 731 	683 	732
f 683 	684 	732
f 732 	684 	733
f 684 	685 	733
f 733 	685 	734
f 685 	686 	734
f 734 	686 	735
f 686 	687 	735
f 735 	687 	736
f 687 	688 	736
f 736 	688 	737
f 688 	689 	737
f 737 	689 	738
f 689 	690 	738
f 738 	690 	739
f 690 	691 	739
f 739 	691 	740
f 691 	692 	740
f 740 	692 	741
f 692 	693 	741
f 741 	693 	742
f 693 	694 	742
f 742 	694 	743
f 694 	695 	743
f 743 	695 	744
f 695 	696 	744
f 744 	696 	745
f 696 	697 	745
f 745 	697 	746
f 697 	698 	746
f 746 	698 	747
f 698 	699 	747
f 747 	699 	748
f 699 	700 	748
f 748 	700 	749
f 700 	701 	749
f 749 	701 	750
f 701 	702 	750
f 750 	702 	751
f 702 	703 	751
f 751 	703 	752
f 703 	704 	752
f 752 	704 	753
f 704 	705 	753
f 753 	705 	754
f 705 	706 	754
f 754 	706 	755
f 706 	707 	755
f 755 	707 	756
f 707 	708 	756
f 756 	708 	757
f 708 	709 	757
f 757 	709 	758
f 709 	710 	758
f 758 	710 	759
f 710 	711 	759
f 759 	711 	760
f 711 	712 	760
f 760 	712 	761
f 712 	713 	761
f 761 	713 	762
f 713 	714 	762
f 762 	714 	763
f 714 	715 	763
f 763 	715 	764
f 715 	716 	764
f 764 	716 	765
f 716 	717 	765
f 765 	717 	766
f 717 	718 	766
f 766 	718 	767
f 718 	719 	767
f 767 	719 	768
f 719 	720 	768
f 768 	720 	769
f 720 	721 	769
f 769 	721 	770
f 721 	722 	770
f 770 	722 	771
f 722 	723 	771
f 771 	723 	772
f 723 	724 	772
f 772 	724 	725
f 724 	677 	725
f 773 	725 	774
f 725 	726 	774
f 774 	726 	775
f 726 	727 	775
f 775 	727 	776
f 727 	728 	776
f 776 	728 	777
f 728 	729 	777
f 777 	729 	778
f 729 	730 	778
f 778 	730 	779
f 730 	731 	779
f 779 	731 	780
f 731 	732 	780
f 780 	732 	781
f 732 	733 	781
f 781 	733 	782
f 733 	734 	782
f 782 	734 	783
f 734 	735 	783
f 783 	735 	784
f 735 	736 	784
f 784 	736 	785
f 736 	737 	785
f 785 	737 	786
f 737 	738 	786
f 786 	738 	787
f 738 	739 	787
f 787 	739 	788
f 739 	740 	788
f 788 	740 	789
f 740 	741 	789
f 789 	741 	790
f 741 	742 	790
f 790 	742 	791
f 742 	743 	791
f 791 	743 	792
f 743 	744 	792
f 792 	744 	793
f 744 	745 	793
f 793 	745 	794
f 745 	746 	794
f 794 	746 	795
f 746 	747 	795
f 795 	747 	796
f 747 	748 	796
f 796 	748 	797
f 748 	749 	797
f 797 	749 	798
f 749 	750 	798
f 798 	750 	799
f 750 	751 	799
f 799 	751 	800
f 751 	752 	800
f 800 	752 	801
f 752 	753 	801
f 801 	753 	802
f 753 	754 	802
f 802 	754 	803
f 754 	755 	803
f 803 	755 	804
f 755 	756 	804
f 804 	756 	805
f 756 	757 	805
f 805 	757 	806
f 757 	758 	806
f 806 	758 	807
f 758 	759 	807
f 807 	759 	808
f 759 	760 	808
f 808 	760 	809
f 760 	761 	809
f 809 	761 	810
f 761 	762 	810
f 810 	762 	811
f 762 	763 	811
f 811 	763 	812
f 763 	764 	812
f 812 	764 	813
f 764 	765 	813
f 813 	765 	814
f 765 	766 	814
f 814 	766 	815
f 766 	767 	815
f 815 	767 	816
f 767 	768 	816
f 816 	768 	817
f 768 	769 	817
f 817 	769 	818
f 769 	770 	818
f 818 	770 	819
f 770 	771 	819
f 819 	771 	820
f 771 	772 	820
f 820 	772 	773
f 772 	725 	773
f 821 	773 	822
f 773 	774 	822
f 822 	774 	823
f 774 	775 	823
f 823 	775 	824
f 775 	776 	824
f 824 	776 	825
f 776 	777 	825
f 825 	777 	826
f 777 	778 	826
f 826 	778 	827
f 778 	779 	827
f 827 	779 	828
f 779 	780 	828
f 828 	780 	829
f 780 	781 	829
f 829 	781 	830
f 781 	782 	830
f 830 	782 	831
f 782 	783 	831
f 831 	783 	832
f 783 	784 	832
f 832 	784 	833
f 784 	785 	833
f 833 	785 	834
f 785 	786 	834
f 834 	786 	835
f 786 	787 	835
f 835 	787 	836
f 787 	788 	836
f 836 	788 	837
f 788 	789 	837
f 837 	789 	838
f 789 	790 	838
f 838 	790 	839
f 790 	791 	839
f 839 	791 	840
f 791 	792 	840
f 840 	792 	841
f 792 	793 	841
f 841 	793 	842
f 793 	794 	842
f 842 	794 	843
f 794 	795 	843
f 843 	795 	844
f 795 	796 	844
f 844 	796 	845
f 796 	797 	845
f 845 	797 	846
f 797 	798 	846
f 846 	798 	847
f 798 	799 	847
f 847 	799 	848
f 799 	800 	848
f 848 	800 	849
f 800 	801 	849
f 849 	801 	850
f 801 	802 	850
f 850 	802 	851
f 802 	803 	851
f 851 	803 	852
f 803 	804 	852
f 852 	804 	853
f 804 	805 	853
f 853 	805 	854
f 805 	806 	854
f 854 	806 	855
f 806 	807 	855
f 855 	807 	856
f 807 	808 	856
f 856 	808 	857
f 808 	809 	857
f 857 	809 	858
f 809 	810 	858
f 858 	810 	859
f 810 	811 	859
f 859 	811 	860
f 811 	812 	860
f 860 	812 	861
f 812 	813 	861
f 861 	813 	862
f 813 	814 	862
f 862 	814 	863
f 814 	815 	863
f 863 	815 	864
f 815 	816 	864
f 864 	816 	865
f 816 	817 	865
f 865 	817 	866
f 817 	818 	866
f 866 	818 	867
f 818 	819 	867
f 867 	819 	868
f 819 	820 	868
f 868 	820 	821
f 820 	773 	821
f 869 	821 	870
f 821 	822 	870
f 870 	822 	871
f 822 	823 	871
f 871 	823 	872
f 823 	824 	872
f 872 	824 	873
f 824 	825 	873
f 873 	825 	874
f 825 	826 	874
f 874 	826 	875
f 826 	827 	875
f 875 	827 	876
f 827 	828 	876
f 876 	828 	877
f 828 	829 	877
f 877 	829 	878
f 829 	830 	878
f 878 	830 	879
f 830 	831 	879
f 879 	831 	880
f 831 	832 	880
f 880 	832 	881
f 832 	833 	881
f 881 	833 	882
f 833 	834 	882
f 882 	834 	883
f 834 	835 	883
f 883 	835 	884
f 835 	836 	884
f 884 	836 	885
f 836 	837 	885
f 885 	837 	886
f 837 	838 	886
f 886 	838 	887
f 838 	839 	887
f 887 	839 	888
f 839 	840 	888
f 888 	840 	889
f 840 	841 	889
f 889 	841 	890
f 841 	842 	890
f 890 	842 	891
f 842 	843 	891
f 891 	843 	892
f 843 	844 	892
f 892 	844 	893
f 844 	845 	893
f 893 	845 	894
f 845 	846 	894
f 894 	846 	895
f 846 	847 	895
f 895 	847 	896
f 847 	848 	896
f 896 	848 	897
f 848 	849 	897
f 897 	849 	898
f 849 	850 	898
f 898 	850 	899
f 850 	851 	899
f 899 	851 	900
f 851 	852 	900
f 900 	852 	901
f 852 	853 	901
f 901 	853 	902
f 853 	854 	902
f 902 	854 	903
f 854 	855 	903
f 903 	855 	904
f 855 	856 	904
f 904 	856 	905
f 856 	857 	905
f 905 	857 	906
f 857 	858 	906
f 906 	858 	907
f 858 	859 	907
f 907 	859 	908
f 859 	860 	908
f 908 	860 	909
f 860 	861 	909
f 909 	861 	910
f 861 	862 	910
f 910 	862 	911
f 862 	863 	911
f 911 	863 	912
f 863 	864 	912
f 912 	864 	913
f 864 	865 	913
f 913 	865 	914
f 865 	866 	914
f 914 	866 	915
f 866 	867 	915
f 915 	867 	916
f 867 	868 	916
f 916 	868 	869
f 868 	821 	869
f 917 	869 	918
f 869 	870 	918
f 918 	870 	919
f 870 	871 	919
f 919 	871 	920
f 871 	872 	920
f 920 	872 	921
f 872 	873 	921
f 921 	873 	922
f 873 	874 	922
f 922 	874 	923
f 874 	875 	923
f 923 	875 	924
f 875 	876 	924
f 924 	876 	925
f 876 	877 	925
f 925 	877 	926
f 877 	878 	926
f 926 	878 	927
f 878 	879 	927
f 927 	879 	928
f 879 	880 	928
f 928 	880 	929
f 880 	881 	929
f 929 	881 	930
f 881 	882 	930
f 930 	882 	931
f 882 	883 	931
f 931 	883 	932
f 883 	884 	932
f 932 	884 	933
f 884 	885 	933
f 933 	885 	934
f 885 	886 	934
f 934 	886 	935
f 886 	887 	935
f 935 	887 	936
f 887 	888 	936
f 936 	888 	937
f 888 	889 	937
f 937 	889 	938
f 889 	890 	938
f 938 	890 	939
f 890 	891 	939
f 939 	891 	940
f 891 	892 	940
f 940 	892 	941
f 892 	893 	941
f 941 	893 	942
f 893 	894 	942
f 942 	894 	943
f 894 	895 	943
f 943 	895 	944
f 895 	896 	944
f 944 	896 	945
f 896 	897 	945
f 945 	897 	946
f 897 	898 	946
f 946 	898 	947
f 898 	899 	947
f 947 	899 	948
f 899 	900 	948
f 948 	900 	949
f 900 	901 	949
f 949 	901 	950
f 901 	902 	950
f 950 	902 	951
f 902 	903 	951
f 951 	903 	952
f 903 	904 	952
f 952 	904 	953
f 904 	905 	953
f 953 	905 	954
f 905 	906 	954
f 954 	906 	955
f 906 	907 	955
f 955 	907 	956
f 907 	908 	956
f 956 	908 	957
f 908 	909 	957
f 957 	909 	958
f 909 	910 	958
f 958 	910 	959
f 910 	911 	959
f 959 	911 	960
f 911 	912 	960
f 960 	912 	961
f 912 	913 	961
f 961 	913 	962
f 913 	914 	962
f 962 	914 	963
f 914 	915 	963
f 963 	915 	964
f 915 	916 	964
f 964 	916 	917
f 916 	869 	917
f 965 	917 	966
f 917 	918 	966
f 966 	918 	967
f 918 	919 	967
f 967 	919 	968
f 919 	920 	968
f 968 	920 	969
f 920 	921 	969
f 969 	921 	970
f 921 	922 	970
f 970 	922 	971
f 922 	923 	971
f 971 	923 	972
f 923 	924 	972
f 972 	924 	973
f 924 	925 	973
f 973 	925 	974
f 925 	926 	974
f 974 	926 	975
f 926 	927 	975
f 975 	927 	976
f 927 	928 	976
f 976 	928 	977
f 928 	929 	977
f 977 	929 	978
f 929 	930 	978
f 978 	930 	979
f 930 	931 	979
f 979 	931 	980
f 931 	932 	980
f 980 	932 	981
f 932 	933 	981
f 981 	933 	982
f 933 	934 	982
f 982 	934 	983
f 934 	935 	983
f 983 	935 	984
f 935 	936 	984
f 984 	936 	985
f 936 	937 	985
f 985 	937 	986
f 937 	938 	986
f 986 	938 	987
f 938 	939 	987
f 987 	939 	988
f 939 	940 	988
f 988 	940 	989
f 940 	941 	989
f 989 	941 	990
f 941 	942 	990
f 990 	942 	991
f 942 	943 	991
f 991 	943 	992
f 943 	944 	992
f 992 	944 	993
f 944 	945 	993
f 993 	945 	994
f 945 	946 	994
f 994 	946 	995
f 946 	947 	995
f 995 	947 	996
f 947 	948 	996
f 996 	948 	997
f 948 	949 	997
f 997 	949 	998
f 949 	950 	998
f 998 	950 	999
f 950 	951 	999
f 999 	951 	1000
f 951 	952 	1000
f 1000 	952 	1001
f 952 	953 	1001
f 1001 	953 	1002
f 953 	954 	1002
f 1002 	954 	1003
f 954 	955 	1003
f 1003 	955 	1004
f 955 	956 	1004
f 1004 	956 	1005
f 956 	957 	1005
f 1005 	957 	1006
f 957 	958 	1006
f 1006 	958 	1007
f 958 	959 	1007
f 1007 	959 	1008
f 959 	960 	1008
f 1008 	960 	1009
f 960 	961 	1009
f 1009 	961 	1010
f 961 	962 	1010
f 1010 	962 	1011
f 962 	963 	1011
f 1011 	963 	1012
f 963 	964 	1012
f 1012 	964 	965
f 964 	917 	965
f 1013 	965 	1014
f 965 	966 	1014
f 1014 	966 	1015
f 966 	967 	1015
f 1015 	967 	1016
f 967 	968 	1016
f 1016 	968 	1017
f 968 	969 	1017
f 1017 	969 	1018
f 969 	970 	1018
f 1018 	970 	1019
f 970 	971 	1019
f 1019 	971 	1020
f 971 	972 	1020
f 1020 	972 	1021
f 972 	973 	1021
f 1021 	973 	1022
f 973 	974 	1022
f 1022 	974 	1023
f 974 	975 	1023
f 1023 	975 	1024
f 975 	976 	1024
f 1024 	976 	1025
f 976 	977 	1025
f 1025 	977 	1026
f 977 	978 	1026
f 1026 	978 	1027
f 978 	979 	1027
f 1027 	979 	1028
f 979 	980 	1028
f 1028 	980 	1029
f 980 	981 	1029
f 1029 	981 	1030
f 981 	982 	1030
f 1030 	982 	1031
f 982 	983 	1031
f 1031 	983 	1032
f 983 	984 	1032
f 1032 	984 	1033
f 984 	985 	1033
f 1033 	985 	1034
f 985 	986 	1034
f 1034 	986 	1035
f 986 	987 	1035
f 1035 	987 	1036
f 987 	988 	1036
f 1036 	988 	1037
f 988 	989 	1037
f 1037 	989 	1038
f 989 	990 	1038
f 1038 	990 	1039
f 990 	991 	1039
f 1039 	991 	1040
f 991 	992 	1040
f 1040 	992 	1041
f 992 	993 	1041
f 1041 	993 	1042
f 993 	994 	1042
f 1042 	994 	1043
f 994 	995 	1043
f 1043 	995 	1044
f 995 	996 	1044
f 1044 	996 	1045
f 996 	997 	1045
f 1045 	997 	1046
f 997 	998 	1046
f 1046 	998 	1047
f 998 	999 	1047
f 1047 	999 	1048
f 999 	1000 	1048
f 1048 	1000 	1049
f 1000 	1001 	1049
f 1049 	1001 	1050
f 1001 	1002 	1050
f 1050 	1002 	1051
f 1002 	1003 	1051
f 1051 	1003 	1052
f 1003 	1004 	1052
f 1052 	1004 	1053
f 1004 	1005 	1053
f 1053 	1005 	1054
f 1005 	1006 	1054
f 1054 	1006 	1055
f 1006 	1007 	1055
f 1055 	1007 	1056
f 1007 	1008 	1056
f 1056 	1008 	1057
f 1008 	1009 	1057
f 1057 	1009 	1058
f 1009 	1010 	1058
f 1058 	1010 	1059
f 1010 	1011 	1059
f 1059 	1011 	1060
f 1011 	1012 	1060
f 1060 	1012 	1013
f 1012 	965 	1013
f 1061 	1013 	1062
f 1013 	1014 	1062
f 1062 	1014 	1063
f 1014 	1015 	1063
f 1063 	1015 	1064
f 1015 	1016 	1064
f 1064 	1016 	1065
f 1016 	1017 	1065
f 1065 	1017 	1066
f 1017 	1018 	1066
f 1066 	1018 	1067
f 1018 	1019 	1067
f 1067 	1019 	1068
f 1019 	1020 	1068
f 1068 	1020 	1069
f 1020 	1021 	1069
f 1069 	1021 	1070
f 1021 	1022 	1070
f 1070 	1022 	1071
f 1022 	1023 	1071
f 1071 	1023 	1072
f 1023 	1024 	1072
f 1072 	1024 	1073
f 1024 	1025 	1073
f 1073 	1025 	1074
f 1025 	1026 	1074
f 1074 	1026 	1075
f 1026 	1027 	1075
f 1075 	1027 	1076
f 1027 	1028 	1076
f 1076 	1028 	1077
f 1028 	1029 	1077
f 1077 	1029 	1078
f 1029 	1030 	1078
f 1078 	1030 	1079
f 1030 	1031 	1079
f 1079 	1031 	1080
f 1031 	1032 	1080
f 1080 	1032 	1081
f 1032 	1033 	1081
f 1081 	1033 	1082
f 1033 	1034 	1082
f 1082 	1034 	1083
f 1034 	1035 	1083
f 1083 	1035 	1084
f 1035 	1036 	1084
f 1084 	1036 	1085
f 1036 	1037 	1085
f 1085 	1037 	1086
f 1037 	1038 	1086
f 1086 	1038 	1087
f 1038 	1039 	1087
f 1087 	1039 	1088
f 1039 	1040 	1088
f 1088 	1040 	1089
f 1040 	1041 	1089
f 1089 	1041 	1090
f 1041 	1042 	1090
f 1090 	1042 	1091
f 1042 	1043 	1091
f 1091 	1043 	1092
f 1043 	1044 	1092
f 1092 	1044 	1093
f 1044 	1045 	1093
f 1093 	1045 	1094
f 1045 	1046 	1094
f 1094 	1046 	1095
f 1046 	1047 	1095
f 1095 	1047 	1096
f 1047 	1048 	1096
f 1096 	1048 	1097
f 1048 	1049 	1097
f 1097 	1049 	1098
f 1049 	1050 	1098
f 1098 	1050 	1099
f 1050 	1051 	1099
f 1099 	1051 	1100
f 1051 	1052 	1100
f 1100 	1052 	1101
f 1052 	1053 	1101
f 1101 	1053 	1102
f 1053 	1054 	1102
f 1102 	1054 	1103
f 1054 	1055 	1103
f 1103 	1055 	1104
f 1055 	1056 	1104
f 1104 	1056 	1105
f 1056 	1057 	1105
f 1105 	1057 	1106
f 1057 	1058 	1106
f 1106 	1058 	1107
f 1058 	1059 	1107
f 1107 	1059 	1108
f 1059 	1060 	1108
f 1108 	1060 	1061
f 1060 	1013 	1061
f 1109 	1061 	1110
f 1061 	1062 	1110
f 1110 	1062 	1111
f 1062 	1063 	1111
f 1111 	1063 	1112
f 1063 	1064 	1112
f 1112 	1064 	1113
f 1064 	1065 	1113
f 1113 	1065 	1114
f 1065 	1066 	1114
f 1114 	1066 	1115
f 1066 	1067 	1115
f 1115 	1067 	1116
f 1067 	1068 	1116
f 1116 	1068 	1117
f 1068 	1069 	1117
f 1117 	1069 	1118
f 1069 	1070 	1118
f 1118 	1070 	1119
f 1070 	1071 	1119
f 1119 	1071 	1120
f 1071 	1072 	1120
f 1120 	1072 	1121
f 1072 	1073 	1121
f 1121 	1073 	1122
f 1073 	1074 	1122
f 1122 	1074 	1123
f 1074 	1075 	1123
f 1123 	1075 	1124
f 1075 	1076 	1124
f 1124 	1076 	1125
f 1076 	1077 	1125
f 1125 	1077 	1126
f 1077 	1078 	1126
f 1126 	1078 	1127
f 1078 	1079 	1127
f 1127 	1079 	1128
f 1079 	1080 	1128
f 1128 	1080 	1129
f 1080 	1081 	1129
f 1129 	1081 	1130
f 1081 	1082 	1130
f 1130 	1082 	1131
f 1082 	1083 	1131
f 1131 	1083 	1132
f 1083 	1084 	1132
f 1132 	1084 	1133
f 1084 	1085 	1133
f 1133 	1085 	1134
f 1085 	1086 	1134
f 1134 	1086 	1135
f 1086 	1087 	1135
f 1135 	1087 	1136
f 1087 	1088 	1136
f 1136 	1088 	1137
f 1088 	1089 	1137
f 1137 	1089 	1138
f 1089 	1090 	1138
f 1138 	1090 	1139
f 1090 	1091 	1139
f 1139 	1091 	1140
f 1091 	1092 	1140
f 1140 	1092 	1141
f 1092 	1093 	1141
f 1141 	1093 	1142
f 1093 	1094 	1142
f 1142 	1094 	1143
f 1094 	1095 	1143
f 1143 	1095 	1144
f 1095 	1096 	1144
f 1144 	1096 	1145
f 1096 	1097 	1145
f 1145 	1097 	1146
f 1097 	1098 	1146
f 1146 	1098 	1147
f 1098 	1099 	1147
f 1147 	1099 	1148
f 1099 	1100 	1148
f 1148 	1100 	1149
f 1100 	1101 	1149
f 1149 	1101 	1150
f 1101 	1102 	1150
f 1150 	1102 	1151
f 1102 	1103 	1151
f 1151 	1103 	1152
f 1103 	1104 	1152
f 1152 	1104 	1153
f 1104 	1105 	1153
f 1153 	1105 	1154
f 1105 	1106 	1154
f 1154 	1106 	1155
f 1106 	1107 	1155
f 1155 	1107 	1156
f 1107 	1108 	1156
f 1156 	1108 	1109
f 1108 	1061 	1109
f 1157 	1109 	1158
f 1109 	1110 	1158
f 1158 	1110 	1159
f 1110 	1111 	1159
f 1159 	1111 	1160
f 1111 	1112 	1160
f 1160 	1112 	1161
f 1112 	1113 	1161
f 1161 	1113 	1162
f 1113 	1114 	1162
f 1162 	1114 	1163
f 1114 	1115 	1163
f 1163 	1115 	1164
f 1115 	1116 	1164
f 1164 	1116 	1165
f 1116 	1117 	1165
f 1165 	1117 	1166
f 1117 	1118 	1166
f 1166 	1118 	1167
f 1118 	1119 	1167
f 1167 	1119 	1168
f 1119 	1120 	1168
f 1168 	1120 	1169
f 1120 	1121 	1169
f 1169 	1121 	1170
f 1121 	1122 	1170
f 1170 	1122 	1171
f 1122 	1123 	1171
f 1171 	1123 	1172
f 1123 	1124 	1172
f 1172 	1124 	1173
f 1124 	1125 	1173
f 1173 	1125 	1174
f 1125 	1126 	1174
f 1174 	1126 	1175
f 1126 	1127 	1175
f 1175 	1127 	1176
f 1127 	1128 	1176
f 1176 	1128 	1177
f 1128 	1129 	1177
f 1177 	1129 	1178
f 1129 	1130 	1178
f 1178 	1130 	1179
f 1130 	1131 	1179
f 1179 	1131 	1180
f 1131 	1132 	1180
f 1180 	1132 	1181
f 1132 	1133 	1181
f 1181 	1133 	1182
f 1133 	1134 	1182
f 1182 	1134 	1183
f 1134 	1135 	1183
f 1183 	1135 	1184
f 1135 	1136 	1184
f 1184 	1136 	1185
f 1136 	1137 	1185
f 1185 	1137 	1186
f 1137 	1138 	1186
f 1186 	1138 	1187
f 1138 	1139 	1187
f 1187 	1139 	1188
f 1139 	1140 	1188
f 1188 	1140 	1189
f 1140 	1141 	1189
f 1189 	1141 	1190
f 1141 	1142 	1190
f 1190 	1142 	1191
f 1142 	1143 	1191
f 1191 	1143 	1192
f 1143 	1144 	1192
f 1192 	1144 	1193
f 1144 	1145 	1193
f 1193 	1145 	1194
f 1145 	1146 	1194
f 1194 	1146 	1195
f 1146 	1147 	1195
f 1195 	1147 	1196
f 1147 	1148 	1196
f 1196 	1148 	1197
f 1148 	1149 	1197
f 1197 	1149 	1198
f 1149 	1150 	1198
f 1198 	1150 	1199
f 1150 	1151 	1199
f 1199 	1151 	1200
f 1151 	1152 	1200
f 1200 	1152 	1201
f 1152 	1153 	1201
f 1201 	1153 	1202
f 1153 	1154 	1202
f 1202 	1154 	1203
f 1154 	1155 	1203
f 1203 	1155 	1204
f 1155 	1156 	1204
f 1204 	1156 	1157
f 1156 	1109 	1157
f 1205 	1157 	1206
f 1157 	1158 	1206
f 1206 	1158 	1207
f 1158 	1159 	1207
f 1207 	1159 	1208
f 1159 	1160 	1208
f 1208 	1160 	1209
f 1160 	1161 	1209
f 1209 	1161 	1210
f 1161 	1162 	1210
f 1210 	1162 	1211
f 1162 	1163 	1211
f 1211 	1163 	1212
f 1163 	1164 	1212
f 1212 	1164 	1213
f 1164 	1165 	1213
f 1213 	1165 	1214
f 1165 	1166 	1214
f 1214 	1166 	1215
f 1166 	1167 	1215
f 1215 	1167 	1216
f 1167 	1168 	1216
f 1216 	1168 	1217
f 1168 	1169 	1217
f 1217 	1169 	1218
f 1169 	1170 	1218
f 1218 	1170 	1219
f 1170 	1171 	1219
f 1219 	1171 	1220
f 1171 	1172 	1220
f 1220 	1172 	1221
f 1172 	1173 	1221
f 1221 	1173 	1222
f 1173 	1174 	1222
f 1222 	1174 	1223
f 1174 	1175 	1223
f 1223 	1175 	1224
f 1175 	1176 	1224
f 1224 	1176 	1225
f 1176 	1177 	1225
f 1225 	1177 	1226
f 1177 	1178 	1226
f 1226 	1178 	1227
f 1178 	1179 	1227
f 1227 	1179 	1228
f 1179 	1180 	1228
f 1228 	1180 	1229
f 1180 	1181 	1229
f 1229 	1181 	1230
f 1181 	1182 	1230
f 1230 	1182 	1231
f 1182 	1183 	1231
f 1231 	1183 	1232
f 1183 	1184 	1232
f 1232 	1184 	1233
f 1184 	1185 	1233
f 1233 	1185 	1234
f 1185 	1186 	1234
f 1234 	1186 	1235
f 1186 	1187 	1235
f 1235 	1187 	1236
f 1187 	1188 	1236
f 1236 	1188 	1237
f 1188 	1189 	1237
f 1237 	1189 	1238
f 1189 	1190 	1238
f 1238 	1190 	1239
f 1190 	1191 	1239
f 1239 	1191 	1240
f 1191 	1192 	1240
f 1240 	1192 	1241
f 1192 	1193 	1241
f 1241 	1193 	1242
f 1193 	1194 	1242
f 1242 	1194 	1243
f 1194 	1195 	1243
f 1243 	1195 	1244
f 1195 	1196 	1244
f 1244 	1196 	1245
f 1196 	1197 	1245
f 1245 	1197 	1246
f 1197 	1198 	1246
f 1246 	1198 	1247
f 1198 	1199 	1247
f 1247 	1199 	1248
f 1199 	1200 	1248
f 1248 	1200 	1249
f 1200 	1201 	1249
f 1249 	1201 	1250
f 1201 	1202 	1250
f 1250 	1202 	1251
f 1202 	1203 	1251
f 1251 	1203 	1252
f 1203 	1204 	1252
f 1252 	1204 	1205
f 1204 	1157 	1205
f 1253 	1205 	1254
f 1205 	1206 	1254
f 1254 	1206 	1255
f 1206 	1207 	1255
f 1255 	1207 	1256
f 1207 	1208 	1256
f 1256 	1208 	1257
f 1208 	1209 	1257
f 1257 	1209 	1258
f 1209 	1210 	1258
f 1258 	1210 	1259
f 1210 	1211 	1259
f 1259 	1211 	1260
f 1211 	1212 	1260
f 1260 	1212 	1261
f 1212 	1213 	1261
f 1261 	1213 	1262
f 1213 	1214 	1262
f 1262 	1214 	1263
f 1214 	1215 	1263
f 1263 	1215 	1264
f 1215 	1216 	1264
f 1264 	1216 	1265
f 1216 	1217 	1265
f 1265 	1217 	1266
f 1217 	1218 	1266
f 1266 	1218 	1267
f 1218 	1219 	1267
f 1267 	1219 	1268
f 1219 	1220 	1268
f 1268 	1220 	1269
f 1220 	1221 	1269
f 1269 	1221 	1270
f 1221 	1222 	1270
f 1270 	1222 	1271
f 1222 	1223 	1271
f 1271 	1223 	1272
f 1223 	1224 	1272
f 1272 	1224 	1273
f 1224 	1225 	1273
f 1273 	1225 	1274
f 1225 	1226 	1274
f 1274 	1226 	1275
f 1226 	1227 	1275
f 1275 	1227 	1276
f 1227 	1228 	1276
f 1276 	1228 	1277
f 1228 	1229 	1277
f 1277 	1229 	1278
f 1229 	1230 	1278
f 1278 	1230 	1279
f 1230 	1231 	1279
f 1279 	1231 	1280
f 1231 	1232 	1280
f 1280 	1232 	1281
f 1232 	1233 	1281
f 1281 	1233 	1282
f 1233 	1234 	1282
f 1282 	1234 	1283
f 1234 	1235 	1283
f 1283 	1235 	1284
f 1235 	1236 	1284
f 1284 	1236 	1285
f 1236 	1237 	1285
f 1285 	1237 	1286
f 1237 	1238 	1286
f 1286 	1238 	1287
f 1238 	1239 	1287
f 1287 	1239 	1288
f 1239 	1240 	1288
f 1288 	1240 	1289
f 1240 	1241 	1289
f 1289 	1241 	1290
f 1241 	1242 	1290
f 1290 	1242 	1291
f 1242 	1243 	1291
f 1291 	1243 	1292
f 1243 	1244 	1292
f 1292 	1244 	1293
f 1244 	1245 	1293
f 1293 	1245 	1294
f 1245 	1246 	1294
f 1294 	1246 	1295
f 1246 	1247 	1295
f 1295 	1247 	1296
f 1247 	1248 	1296
f 1296 	1248 	1297
f 1248 	1249 	1297
f 1297 	1249 	1298
f 1249 	1250 	1298
f 1298 	1250 	1299
f 1250 	1251 	1299
f 1299 	1251 	1300
f 1251 	1252 	1300
f 1300 	1252 	1253
f 1252 	1205 	1253
f 1301 	1253 	1302
f 1253 	1254 	1302
f 1302 	1254 	1303
f 1254 	1255 	1303
f 1303 	1255 	1304
f 1255 	1256 	1304
f 1304 	1256 	1305
f 1256 	1257 	1305
f 1305 	1257 	1306
f 1257 	1258 	1306
f 1306 	1258 	1307
f 1258 	1259 	1307
f 1307 	1259 	1308
f 1259 	1260 	1308
f 1308 	1260 	1309
f 1260 	1261 	1309
f 1309 	1261 	1310
f 1261 	1262 	1310
f 1310 	1262 	1311
f 1262 	1263 	1311
f 1311 	1263 	1312
f 1263 	1264 	1312
f 1312 	1264 	1313
f 1264 	1265 	1313
f 1313 	1265 	1314
f 1265 	1266 	1314
f 1314 	1266 	1315
f 1266 	1267 	1315
f 1315 	1267 	1316
f 1267 	1268 	1316
f 1316 	1268 	1317
f 1268 	1269 	1317
f 1317 	1269 	1318
f 1269 	1270 	1318
f 1318 	1270 	1319
f 1270 	1271 	1319
f 1319 	1271 	1320
f 1271 	1272 	1320
f 1320 	1272 	1321
f 1272 	1273 	1321
f 1321 	1273 	1322
f 1273 	1274 	1322
f 1322 	1274 	1323
f 1274 	1275 	1323
f 1323 	1275 	1324
f 1275 	1276 	1324
f 1324 	1276 	1325
f 1276 	1277 	1325
f 1325 	1277 	1326
f 1277 	1278 	1326
f 1326 	1278 	1327
f 1278 	1279 	1327
f 1327 	1279 	1328
f 1279 	1280 	1328
f 1328 	1280 	1329
f 1280 	1281 	1329
f 1329 	1281 	1330
f 1281 	1282 	1330
f 1330 	1282 	1331
f 1282 	1283 	1331
f 1331 	1283 	1332
f 1283 	1284 	1332
f 1332 	1284 	1333
f 1284 	1285 	1333
f 1333 	1285 	1334
f 1285 	1286 	1334
f 1334 	1286 	1335
f 1286 	1287 	1335
f 1335 	1287 	1336
f 1287 	1288 	1336
f 1336 	1288 	1337
f 1288 	1289 	1337
f 1337 	1289 	1338
f 1289 	1290 	1338
f 1338 	1290 	1339
f 1290 	1291 	1339
f 1339 	1291 	1340
f 1291 	1292 	1340
f 1340 	1292 	1341
f 1292 	1293 	1341
f 1341 	1293 	1342
f 1293 	1294 	1342
f 1342 	1294 	1343
f 1294 	1295 	1343
f 1343 	1295 	1344
f 1295 	1296 	1344
f 1344 	1296 	1345
f 1296 	1297 	1345
f 1345 	1297 	1346
f 1297 	1298 	1346
f 1346 	1298 	1347
f 1298 	1299 	1347
f 1347 	1299 	1348
f 1299 	1300 	1348
f 1348 	1300 	1301
f 1300 	1253 	1301
f 1349 	1301 	1350
f 1301 	1302 	1350
f 1350 	1302 	1351
f 1302 	1303 	1351
f 1351 	1303 	1352
f 1303 	1304 	1352
f 1352 	1304 	1353
f 1304 	1305 	1353
f 1353 	1305 	1354
f 1305 	1306 	1354
f 1354 	1306 	1355
f 1306 	1307 	1355
f 1355 	1307 	1356
f 1307 	1308 	1356
f 1356 	1308 	1357
f 1308 	1309 	1357
f 1357 	1309 	1358
f 1309 	1310 	1358
f 1358 	1310 	1359
f 1310 	1311 	1359
f 1359 	1311 	1360
f 1311 	1312 	1360
f 1360 	1312 	1361
f 1312 	1313 	1361
f 1361 	1313 	1362
f 1313 	1314 	1362
f 1362 	1314 	1363
f 1314 	1315 	1363
f 1363 	1315 	1364
f 1315 	1316 	1364
f 1364 	1316 	1365
f 1316 	1317 	1365
f 1365 	1317 	1366
f 1317 	1318 	1366
f 1366 	1318 	1367
f 1318 	1319 	1367
f 1367 	1319 	1368
f 1319 	1320 	1368
f 1368 	1320 	1369
f 1320 	1321 	1369
f 1369 	1321 	1370
f 1321 	1322 	1370
f 1370 	1322 	1371
f 1322 	1323 	1371
f 1371 	1323 	1372
f 1323 	1324 	1372
f 1372 	1324 	1373
f 1324 	1325 	1373
f 1373 	1325 	1374
f 1325 	1326 	1374
f 1374 	1326 	1375
f 1326 	1327 	1375
f 1375 	1327 	1376
f 1327 	1328 	1376
f 1376 	1328 	1377
f 1328 	1329 	1377
f 1377 	1329 	1378
f 1329 	1330 	1378
f 1378 	1330 	1379
f 1330 	1331 	1379
f 1379 	1331 	1380
f 1331 	1332 	1380
f 1380 	1332 	1381
f 1332 	1333 	1381
f 1381 	1333 	1382
f 1333 	1334 	1382
f 1382 	1334 	1383
f 1334 	1335 	1383
f 1383 	1335 	1384
f 1335 	1336 	1384
f 1384 	1336 	1385
f 1336 	1337 	1385
f 1385 	1337 	1386
f 1337 	1338 	1386
f 1386 	1338 	1387
f 1338 	1339 	1387
f 1387 	1339 	1388
f 1339 	1340 	1388
f 1388 	1340 	1389
f 1340 	1341 	1389
f 1389 	1341 	1390
f 1341 	1342 	1390
f 1390 	1342 	1391
f 1342 	1343 	1391
f 1391 	1343 	1392
f 1343 	1344 	1392
f 1392 	1344 	1393
f 1344 	1345 	1393
f 1393 	1345 	1394
f 1345 	1346 	1394
f 1394 	1346 	1395
f 1346 	1347 	1395
f 1395 	1347 	1396
f 1347 	1348 	1396
f 1396 	1348 	1349
f 1348 	1301 	1349
f 1397 	1349 	1398
f 1349 	1350 	1398
f 1398 	1350 	1399
f 1350 	1351 	1399
f 1399 	1351 	1400
f 1351 	1352 	1400
f 1400 	1352 	1401
f 1352 	1353 	1401
f 1401 	1353 	1402
f 1353 	1354 	1402
f 1402 	1354 	1403
f 1354 	1355 	1403
f 1403 	1355 	1404
f 1355 	1356 	1404
f 1404 	1356 	1405
f 1356 	1357 	1405
f 1405 	1357 	1406
f 1357 	1358 	1406
f 1406 	1358 	1407
f 1358 	1359 	1407
f 1407 	1359 	1408
f 1359 	1360 	1408
f 1408 	1360 	1409
f 1360 	1361 	1409
f 1409 	1361 	1410
f 1361 	1362 	1410
f 1410 	1362 	1411
f 1362 	1363 	1411
f 1411 	1363 	1412
f 1363 	1364 	1412
f 1412 	1364 	1413
f 1364 	1365 	1413
f 1413 	1365 	1414
f 1365 	1366 	1414
f 1414 	1366 	1415
f 1366 	1367 	1415
f 1415 	1367 	1416
f 1367 	1368 	1416
f 1416 	1368 	1417
f 1368 	1369 	1417
f 1417 	1369 	1418
f 1369 	1370 	1418
f 1418 	1370 	1419
f 1370 	1371 	1419
f 1419 	1371 	1420
f 1371 	1372 	1420
f 1420 	1372 	1421
f 1372 	1373 	1421
f 1421 	1373 	1422
f 1373 	1374 	1422
f 1422 	1374 	1423
f 1374 	1375 	1423
f 1423 	1375 	1424
f 1375 	1376 	1424
f 1424 	1376 	1425
f 1376 	1377 	1425
f 1425 	1377 	1426
f 1377 	1378 	1426
f 1426 	1378 	1427
f 1378 	1379 	1427
f 1427 	1379 	1428
f 1379 	1380 	1428
f 1428 	1380 	1429
f 1380 	1381 	1429
f 1429 	1381 	1430
f 1381 	1382 	1430
f 1430 	1382 	1431
f 1382 	1383 	1431
f 1431 	1383 	1432
f 1383 	1384 	1432
f 1432 	1384 	1433
f 1384 	1385 	1433
f 1433 	1385 	1434
f 1385 	1386 	1434
f 1434 	1386 	1435
f 1386 	1387 	1435
f 1435 	1387 	1436
f 1387 	1388 	1436
f 1436 	1388 	1437
f 1388 	1389 	1437
f 1437 	1389 	1438
f 1389 	1390 	1438
f 1438 	1390 	1439
f 1390 	1391 	1439
f 1439 	1391 	1440
f 1391 	1392 	1440
f 1440 	1392 	1441
f 1392 	1393 	1441
f 1441 	1393 	1442
f 1393 	1394 	1442
f 1442 	1394 	1443
f 1394 	1395 	1443
f 1443 	1395 	1444
f 1395 	1396 	1444
f 1444 	1396 	1397
f 1396 	1349 	1397
f 1445 	1397 	1446
f 1397 	1398 	1446
f 1446 	1398 	1447
f 1398 	1399 	1447
f 1447 	1399 	1448
f 1399 	1400 	1448
f 1448 	1400 	1449
f 1400 	1401 	1449
f 1449 	1401 	1450
f 1401 	1402 	1450
f 1450 	1402 	1451
f 1402 	1403 	1451
f 1451 	1403 	1452
f 1403 	1404 	1452
f 1452 	1404 	1453
f 1404 	1405 	1453
f 1453 	1405 	1454
f 1405 	1406 	1454
f 1454 	1406 	1455
f 1406 	1407 	1455
f 1455 	1407 	1456
f 1407 	1408 	1456
f 1456 	1408 	1457
f 1408 	1409 	1457
f 1457 	1409 	1458
f 1409 	1410 	1458
f 1458 	1410 	1459
f 1410 	1411 	1459
f 1459 	1411 	1460
f 1411 	1412 	1460
f 1460 	1412 	1461
f 1412 	1413 	1461
f 1461 	1413 	1462
f 1413 	1414 	1462
f 1462 	1414 	1463
f 1414 	1415 	1463
f 1463 	1415 	1464
f 1415 	1416 	1464
f 1464 	1416 	1465
f 1416 	1417 	1465
f 1465 	1417 	1466
f 1417 	1418 	1466
f 1466 	1418 	1467
f 1418 	1419 	1467
f 1467 	1419 	1468
f 1419 	1420 	1468
f 1468 	1420 	1469
f 1420 	1421 	1469
f 1469 	1421 	1470
f 1421 	1422 	1470
f 1470 	1422 	1471
f 1422 	1423 	1471
f 1471 	1423 	1472
f 1423 	1424 	1472
f 1472 	1424 	1473
f 1424 	1425 	1473
f 1473 	1425 	1474
f 1425 	1426 	1474
f 1474 	1426 	1475
f 1426 	1427 	1475
f 1475 	1427 	1476
f 1427 	1428 	1476
f 1476 	1428 	1477
f 1428 	1429 	1477
f 1477 	1429 	1478
f 1429 	1430 	1478
f 1478 	1430 	1479
f 1430 	1431 	1479
f 1479 	1431 	1480
f 1431 	1432 	1480
f 1480 	1432 	1481
f 1432 	1433 	1481
f 1481 	1433 	1482
f 1433 	1434 	1482
f 1482 	1434 	1483
f 1434 	1435 	1483
f 1483 	1435 	1484
f 1435 	1436 	1484
f 1484 	1436 	1485
f 1436 	1437 	1485
f 1485 	1437 	1486
f 1437 	1438 	1486
f 1486 	1438 	1487
f 1438 	1439 	1487
f 1487 	1439 	1488
f 1439 	1440 	1488
f 1488 	1440 	1489
f 1440 	1441 	1489
f 1489 	1441 	1490
f 1441 	1442 	1490
f 1490 	1442 	1491
f 1442 	1443 	1491
f 1491 	1443 	1492
f 1443 	1444 	1492
f 1492 	1444 	1445
f 1444 	1397 	1445
f 1493 	1445 	1494
f 1445 	1446 	1494
f 1494 	1446 	1495
f 1446 	1447 	1495
f 1495 	1447 	1496
f 1447 	1448 	1496
f 1496 	1448 	1497
f 1448 	1449 	1497
f 1497 	1449 	1498
f 1449 	1450 	1498
f 1498 	1450 	1499
f 1450 	1451 	1499
f 1499 	1451 	1500
f 1451 	1452 	1500
f 1500 	1452 	1501
f 1452 	1453 	1501
f 1501 	1453 	1502
f 1453 	1454 	1502
f 1502 	1454 	1503
f 1454 	1455 	1503
f 1503 	1455 	1504
f 1455 	1456 	1504
f 1504 	1456 	1505
f 1456 	1457 	1505
f 1505 	1457 	1506
f 1457 	1458 	1506
f 1506 	1458 	1507
f 1458 	1459 	1507
f 1507 	1459 	1508
f 1459 	1460 	1508
f 1508 	1460 	1509
f 1460 	1461 	1509
f 1509 	1461 	1510
f 1461 	1462 	1510
f 1510 	1462 	1511
f 1462 	1463 	1511
f 1511 	1463 	1512
f 1463 	1464 	1512
f 1512 	1464 	1513
f 1464 	1465 	1513
f 1513 	1465 	1514
f 1465 	1466 	1514
f 1514 	1466 	1515
f 1466 	1467 	1515
f 1515 	1467 	1516
f 1467 	1468 	1516
f 1516 	1468 	1517
f 1468 	1469 	1517
f 1517 	1469 	1518
f 1469 	1470 	1518
f 1518 	1470 	1519
f 1470 	1471 	1519
f 1519 	1471 	1520
f 1471 	1472 	1520
f 1520 	1472 	1521
f 1472 	1473 	1521
f 1521 	1473 	1522
f 1473 	1474 	1522
f 1522 	1474 	1523
f 1474 	1475 	1523
f 1523 	1475 	1524
f 1475 	1476 	1524
f 1524 	1476 	1525
f 1476 	1477 	1525
f 1525 	1477 	1526
f 1477 	1478 	1526
f 1526 	1478 	1527
f 1478 	1479 	1527
f 1527 	1479 	1528
f 1479 	1480 	1528
f 1528 	1480 	1529
f 1480 	1481 	1529
f 1529 	1481 	1530
f 1481 	1482 	1530
f 1530 	1482 	1531
f 1482 	1483 	1531
f 1531 	1483 	1532
f 1483 	1484 	1532
f 1532 	1484 	1533
f 1484 	1485 	1533
f 1533 	1485 	1534
f 1485 	1486 	1534
f 1534 	1486 	1535
f 1486 	1487 	1535
f 1535 	1487 	1536
f 1487 	1488 	1536
f 1536 	1488 	1537
f 1488 	1489 	1537
f 1537 	1489 	1538
f 1489 	1490 	1538
f 1538 	1490 	1539
f 1490 	1491 	1539
f 1539 	1491 	1540
f 1491 	1492 	1540
f 1540 	1492 	1493
f 1492 	1445 	1493
f 1541 	1493 	1542
f 1493 	1494 	1542
f 1542 	1494 	1543
f 1494 	1495 	1543
f 1543 	1495 	1544
f 1495 	1496 	1544
f 1544 	1496 	1545
f 1496 	1497 	1545
f 1545 	1497 	1546
f 1497 	1498 	1546
f 1546 	1498 	1547
f 1498 	1499 	1547
f 1547 	1499 	1548
f 1499 	1500 	1548
f 1548 	1500 	1549
f 1500 	1501 	1549
f 1549 	1501 	1550
f 1501 	1502 	1550
f 1550 	1502 	1551
f 1502 	1503 	1551
f 1551 	1503 	1552
f 1503 	1504 	1552
f 1552 	1504 	1553
f 1504 	1505 	1553
f 1553 	1505 	1554
f 1505 	1506 	1554
f 1554 	1506 	1555
f 1506 	1507 	1555
f 1555 	1507 	1556
f 1507 	1508 	1556
f 1556 	1508 	1557
f 1508 	1509 	1557
f 1557 	1509 	1558
f 1509 	1510 	1558
f 1558 	1510 	1559
f 1510 	1511 	1559
f 1559 	1511 	1560
f 1511 	1512 	1560
f 1560 	1512 	1561
f 1512 	1513 	1561
f 1561 	1513 	1562
f 1513 	1514 	1562
f 1562 	1514 	1563
f 1514 	1515 	1563
f 1563 	1515 	1564
f 1515 	1516 	1564
f 1564 	1516 	1565
f 1516 	1517 	1565
f 1565 	1517 	1566
f 1517 	1518 	1566
f 1566 	1518 	1567
f 1518 	1519 	1567
f 1567 	1519 	1568
f 1519 	1520 	1568
f 1568 	1520 	1569
f 1520 	1521 	1569
f 1569 	1521 	1570
f 1521 	1522 	1570
f 1570 	1522 	1571
f 1522 	1523 	1571
f 1571 	1523 	1572
f 1523 	1524 	1572
f 1572 	1524 	1573
f 1524 	1525 	1573
f 1573 	1525 	1574
f 1525 	1526 	1574
f 1574 	1526 	1575
f 1526 	1527 	1575
f 1575 	1527 	1576
f 1527 	1528 	1576
f 1576 	1528 	1577
f 1528 	1529 	1577
f 1577 	1529 	1578
f 1529 	1530 	1578
f 1578 	1530 	1579
f 1530 	1531 	1579
f 1579 	1531 	1580
f 1531 	1532 	1580
f 1580 	1532 	1581
f 1532 	1533 	1581
f 1581 	1533 	1582
f 1533 	1534 	1582
f 1582 	1534 	1583
f 1534 	1535 	1583
f 1583 	1535 	1584
f 1535 	1536 	1584
f 1584 	1536 	1585
f 1536 	1537 	1585
f 1585 	1537 	1586
f 1537 	1538 	1586
f 1586 	1538 	1587
f 1538 	1539 	1587
f 1587 	1539 	1588
f 1539 	1540 	1588
f 1588 	1540 	1541
f 1540 	1493 	1541
f 1589 	1541 	1590
f 1541 	1542 	1590
f 1590 	1542 	1591
f 1542 	1543 	1591
f 1591 	1543 	1592
f 1543 	1544 	1592
f 1592 	1544 	1593
f 1544 	1545 	1593
f 1593 	1545 	1594
f 1545 	1546 	1594
f 1594 	1546 	1595
f 1546 	1547 	1595
f 1595 	1547 	1596
f 1547 	1548 	1596
f 1596 	1548 	1597
f 1548 	1549 	1597
f 1597 	1549 	1598
f 1549 	1550 	1598
f 1598 	1550 	1599
f 1550 	1551 	1599
f 1599 	1551 	1600
f 1551 	1552 	1600
f 1600 	1552 	1601
f 1552 	1553 	1601
f 1601 	1553 	1602
f 1553 	1554 	1602
f 1602 	1554 	1603
f 1554 	1555 	1603
f 1603 	1555 	1604
f 1555 	1556 	1604
f 1604 	1556 	1605
f 1556 	1557 	1605
f 1605 	1557 	1606
f 1557 	1558 	1606
f 1606 	1558 	1607
f 1558 	1559 	1607
f 1607 	1559 	1608
f 1559 	1560 	1608
f 1608 	1560 	1609
f 1560 	1561 	1609
f 1609 	1561 	1610
f 1561 	1562 	1610
f 1610 	1562 	1611
f 1562 	1563 	1611
f 1611 	1563 	1612
f 1563 	1564 	1612
f 1612 	1564 	1613
f 1564 	1565 	1613
f 1613 	1565 	1614
f 1565 	1566 	1614
f 1614 	1566 	1615
f 1566 	1567 	1615
f 1615 	1567 	1616
f 1567 	1568 	1616
f 1616 	1568 	1617
f 1568 	1569 	1617
f 1617 	1569 	1618
f 1569 	1570 	1618
f 1618 	1570 	1619
f 1570 	1571 	1619
f 1619 	1571 	1620
f 1571 	1572 	1620
f 1620 	1572 	1621
f 1572 	1573 	1621
f 1621 	1573 	1622
f 1573 	1574 	1622
f 1622 	1574 	1623
f 1574 	1575 	1623
f 1623 	1575 	1624
f 1575 	1576 	1624
f 1624 	1576 	1625
f 1576 	1577 	1625
f 1625 	1577 	1626
f 1577 	1578 	1626
f 1626 	1578 	1627
f 1578 	1579 	1627
f 1627 	1579 	1628
f 1579 	1580 	1628
f 1628 	1580 	1629
f 1580 	1581 	1629
f 1629 	1581 	1630
f 1581 	1582 	1630
f 1630 	1582 	1631
f 1582 	1583 	1631
f 1631 	1583 	1632
f 1583 	1584 	1632
f 1632 	1584 	1633
f 1584 	1585 	1633
f 1633 	1585 	1634
f 1585 	1586 	1634
f 1634 	1586 	1635
f 1586 	1587 	1635
f 1635 	1587 	1636
f 1587 	1588 	1636
f 1636 	1588 	1589
f 1588 	1541 	1589
f 485 	1589 	486
f 1589 	1590 	486
f 486 	1590 	487
f 1590 	1591 	487
f 487 	1591 	488
f 1591 	1592 	488
f 488 	1592 	489
f 1592 	1593 	489
f 489 	1593 	490
f 1593 	1594 	490
f 490 	1594 	491
f 1594 	1595 	491
f 491 	1595 	492
f 1595 	1596 	492
f 492 	1596 	493
f 1596 	1597 	493
f 493 	1597 	494
f 1597 	1598 	494
f 494 	1598 	495
f 1598 	1599 	495
f 495 	1599 	496
f 1599 	1600 	496
f 496 	1600 	497
f 1600 	1601 	497
f 497 	1601 	498
f 1601 	1602 	498
f 498 	1602 	499
f 1602 	1603 	499
f 499 	1603 	500
f 1603 	1604 	500
f 500 	1604 	501
f 1604 	1605 	501
f 501 	1605 	502
f 1605 	1606 	502
f 502 	1606 	503
f 1606 	1607 	503
f 503 	1607 	504
f 1607 	1608 	504
f 504 	1608 	505
f 1608 	1609 	505
f 505 	1609 	506
f 1609 	1610 	506
f 506 	1610 	507
f 1610 	1611 	507
f 507 	1611 	508
f 1611 	1612 	508
f 508 	1612 	509
f 1612 	1613 	509
f 509 	1613 	510
f 1613 	1614 	510
f 510 	1614 	511
f 1614 	1615 	511
f 511 	1615 	512
f 1615 	1616 	512
f 512 	1616 	513
f 1616 	1617 	513
f 513 	1617 	514
f 1617 	1618 	514
f 514 	1618 	515
f 1618 	1619 	515
f 515 	1619 	516
f 1619 	1620 	516
f 516 	1620 	517
f 1620 	1621 	517
f 517 	1621 	518
f 1621 	1622 	518
f 518 	1622 	519
f 1622 	1623 	519
f 519 	1623 	520
f 1623 	1624 	520
f 520 	1624 	521
f 1624 	1625 	521
f 521 	1625 	522
f 1625 	1626 	522
f 522 	1626 	523
f 1626 	1627 	523
f 523 	1627 	524
f 1627 	1628 	524
f 524 	1628 	525
f 1628 	1629 	525
f 525 	1629 	526
f 1629 	1630 	526
f 526 	1630 	527
f 1630 	1631 	527
f 527 	1631 	528
f 1631 	1632 	528
f 528 	1632 	529
f 1632 	1633 	529
f 529 	1633 	530
f 1633 	1634 	530
f 530 	1634 	531
f 1634 	1635 	531
f 531 	1635 	532
f 1635 	1636 	532
f 532 	1636 	485
f 1636 	1589 	485
# 2304 faces

 #end of obj_2

o obj_3
v 27.5 		0 		92.5
v 27.2647 		3.5895 		92.5
v 26.563 		7.1175 		92.5
v 25.4067 		10.5238 		92.5
v 23.8157 		13.75 		92.5
v 21.8172 		16.7409 		92.5
v 19.4454 		19.4454 		92.5
v 16.7409 		21.8172 		92.5
v 13.75 		23.8157 		92.5
v 10.5238 		25.4067 		92.5
v 7.1175 		26.563 		92.5
v 3.5895 		27.2647 		92.5
v 0 		27.5 		92.5
v -3.5895 		27.2647 		92.5
v -7.1175 		26.563 		92.5
v -10.5238 		25.4067 		92.5
v -13.75 		23.8157 		92.5
v -16.7409 		21.8172 		92.5
v -19.4454 		19.4454 		92.5
v -21.8172 		16.7409 		92.5
v -23.8157 		13.75 		92.5
v -25.4067 		10.5238 		92.5
v -26.563 		7.1175 		92.5
v -27.2647 		3.5895 		92.5
v -27.5 		0 		92.5
v -27.2647 		-3.5895 		92.5
v -26.563 		-7.1175 		92.5
v -25.4067 		-10.5238 		92.5
v -23.8157 		-13.75 		92.5
v -21.8172 		-16.7409 		92.5
v -19.4454 		-19.4454 		92.5
v -16.7409 		-21.8172 		92.5
v -13.75 		-23.8157 		92.5
v -10.5238 		-25.4067 		92.5
v -7.1175 		-26.563 		92.5
v -3.5895 		-27.2647 		92.5
v 0 		-27.5 		92.5
v 3.5895 		-27.2647 		92.5
v 7.1175 		-26.563 		92.5
v 10.5238 		-25.4067 		92.5
v 13.75 		-23.8157 		92.5
v 16.7409 		-21.8172 		92.5
v 19.4454 		-19.4454 		92.5
v 21.8172 		-16.7409 		92.5
v 23.8157 		-13.75 		92.5
v 25.4067 		-10.5238 		92.5
v 26.563 		-7.1175 		92.5
v 27.2647 		-3.5895 		92.5
v 27.4148 		0 		93.147
v 27.1803 		3.5784 		93.147
v 26.4807 		7.0955 		93.147
v 25.328 		10.4912 		93.147
v 23.7419 		13.7074 		93.147
v 21.7496 		16.6891 		93.147
v 19.3852 		19.3852 		93.147
v 16.6891 		21.7496 		93.147
v 13.7074 		23.7419 		93.147
v 10.4912 		25.328 		93.147
v 7.0955 		26.4807 		93.147
v 3.5784 		27.1803 		93.147
v 0 		27.4148 		93.147
v -3.5784 		27.1803 		93.147
v -7.0955 		26.4807 		93.147
v -10.4912 		25.328 		93.147
v -13.7074 		23.7419 		93.147
v -16.6891 		21.7496 		93.147
v -19.3852 		19.3852 		93.147
v -21.7496 		16.6891 		93.147
v -23.7419 		13.7074 		93.147
v -25.328 		10.4912 		93.147
v -26.4807 		7.0955 		93.147
v -27.1803 		3.5784 		93.147
v -27.4148 		0 		93.147
v -27.1803 		-3.5784 		93.147
v -26.4807 		-7.0955 		93.147
v -25.328 		-10.4912 		93.147
v -23.7419 		-13.7074 		93.147
v -21.7496 		-16.6891 		93.147
v -19.3852 		-19.3852 		93.147
v -16.6891 		-21.7496 		93.147
v -13.7074 		-23.7419 		93.147
v -10.4912 		-25.328 		93.147
v -7.0955 		-26.4807 		93.147
v -3.5784 		-27.1803 		93.147
v 0 		-27.4148 		93.147
v 3.5784 		-27.1803 		93.147
v 7.0955 		-26.4807 		93.147
v 10.4912 		-25.328 		93.147
v 13.7074 		-23.7419 		93.147
v 16.6891 		-21.7496 		93.147
v 19.3852 		-19.3852 		93.147
v 21.7496 		-16.6891 		93.147
v 23.7419 		-13.7074 		93.147
v 25.328 		-10.4912 		93.147
v 26.4807 		-7.0955 		93.147
v 27.1803 		-3.5784 		93.147
v 27.1651 		0 		93.75
v 26.9327 		3.5458 		93.75
v 26.2394 		7.0308 		93.75
v 25.0972 		10.3956 		93.75
v 23.5256 		13.5825 		93.75
v 21.5515 		16.537 		93.75
v 19.2086 		19.2086 		93.75
v 16.537 		21.5515 		93.75
v 13.5825 		23.5256 		93.75
v 10.3956 		25.0972 		93.75
v 7.0308 		26.2394 		93.75
v 3.5458 		26.9327 		93.75
v 0 		27.1651 		93.75
v -3.5458 		26.9327 		93.75
v -7.0308 		26.2394 		93.75
v -10.3956 		25.0972 		93.75
v -13.5825 		23.5256 		93.75
v -16.537 		21.5515 		93.75
v -19.2086 		19.2086 		93.75
v -21.5515 		16.537 		93.75
v -23.5256 		13.5825 		93.75
v -25.0972 		10.3956 		93.75
v -26.2394 		7.0308 		93.75
v -26.9327 		3.5458 		93.75
v -27.1651 		0 		93.75
v -26.9327 		-3.5458 		93.75
v -26.2394 		-7.0308 		93.75
v -25.0972 		-10.3956 		93.75
v -23.5256 		-13.5825 		93.75
v -21.5515 		-16.537 		93.75
v -19.2086 		-19.2086 		93.75
v -16.537 		-21.5515 		93.75
v -13.5825 		-23.5256 		93.75
v -10.3956 		-25.0972 		93.75
v -7.0308 		-26.2394 		93.75
v -3.5458 		-26.9327 		93.75
v 0 		-27.1651 		93.75
v 3.5458 		-26.9327 		93.75
v 7.0308 		-26.2394 		93.75
v 10.3956 		-25.0972 		93.75
v 13.5825 		-23.5256 		93.75
v 16.537 		-21.5515 		93.75
v 19.2086 		-19.2086 		93.75
v 21.5515 		-16.537 		93.75
v 23.5256 		-13.5825 		93.75
v 25.0972 		-10.3956 		93.75
v 26.2394 		-7.0308 		93.75
v 26.9327 		-3.5458 		93.75
v 26.7678 		0 		94.2678
v 26.5388 		3.4939 		94.2678
v 25.8557 		6.928 		94.2678
v 24.7302 		10.2436 		94.2678
v 23.1816 		13.3839 		94.2678
v 21.2363 		16.2952 		94.2678
v 18.9277 		18.9277 		94.2678
v 16.2952 		21.2363 		94.2678
v 13.3839 		23.1816 		94.2678
v 10.2436 		24.7302 		94.2678
v 6.928 		25.8557 		94.2678
v 3.4939 		26.5388 		94.2678
v 0 		26.7678 		94.2678
v -3.4939 		26.5388 		94.2678
v -6.928 		25.8557 		94.2678
v -10.2436 		24.7302 		94.2678
v -13.3839 		23.1816 		94.2678
v -16.2952 		21.2363 		94.2678
v -18.9277 		18.9277 		94.2678
v -21.2363 		16.2952 		94.2678
v -23.1816 		13.3839 		94.2678
v -24.7302 		10.2436 		94.2678
v -25.8557 		6.928 		94.2678
v -26.5388 		3.4939 		94.2678
v -26.7678 		0 		94.2678
v -26.5388 		-3.4939 		94.2678
v -25.8557 		-6.928 		94.2678
v -24.7302 		-10.2436 		94.2678
v -23.1816 		-13.3839 		94.2678
v -21.2363 		-16.2952 		94.2678
v -18.9277 		-18.9277 		94.2678
v -16.2952 		-21.2363 		94.2678
v -13.3839 		-23.1816 		94.2678
v -10.2436 		-24.7302 		94.2678
v -6.928 		-25.8557 		94.2678
v -3.4939 		-26.5388 		94.2678
v 0 		-26.7678 		94.2678
v 3.4939 		-26.5388 		94.2678
v 6.928 		-25.8557 		94.2678
v 10.2436 		-24.7302 		94.2678
v 13.3839 		-23.1816 		94.2678
v 16.2952 		-21.2363 		94.2678
v 18.9277 		-18.9277 		94.2678
v 21.2363 		-16.2952 		94.2678
v 23.1816 		-13.3839 		94.2678
v 24.7302 		-10.2436 		94.2678
v 25.8557 		-6.928 		94.2678
v 26.5388 		-3.4939 		94.2678
v 26.25 		0 		94.6651
v 26.0254 		3.4263 		94.6651
v 25.3556 		6.794 		94.6651
v 24.2518 		10.0454 		94.6651
v 22.7332 		13.125 		94.6651
v 20.8255 		15.98 		94.6651
v 18.5616 		18.5616 		94.6651
v 15.98 		20.8255 		94.6651
v 13.125 		22.7332 		94.6651
v 10.0454 		24.2518 		94.6651
v 6.794 		25.3556 		94.6651
v 3.4263 		26.0254 		94.6651
v 0 		26.25 		94.6651
v -3.4263 		26.0254 		94.6651
v -6.794 		25.3556 		94.6651
v -10.0454 		24.2518 		94.6651
v -13.125 		22.7332 		94.6651
v -15.98 		20.8255 		94.6651
v -18.5616 		18.5616 		94.6651
v -20.8255 		15.98 		94.6651
v -22.7332 		13.125 		94.6651
v -24.2518 		10.0454 		94.6651
v -25.3556 		6.794 		94.6651
v -26.0254 		3.4263 		94.6651
v -26.25 		0 		94.6651
v -26.0254 		-3.4263 		94.6651
v -25.3556 		-6.794 		94.6651
v -24.2518 		-10.0454 		94.6651
v -22.7332 		-13.125 		94.6651
v -20.8255 		-15.98 		94.6651
v -18.5616 		-18.5616 		94.6651
v -15.98 		-20.8255 		94.6651
v -13.125 		-22.7332 		94.6651
v -10.0454 		-24.2518 		94.6651
v -6.794 		-25.3556 		94.6651
v -3.4263 		-26.0254 		94.6651
v 0 		-26.25 		94.6651
v 3.4263 		-26.0254 		94.6651
v 6.794 		-25.3556 		94.6651
v 10.0454 		-24.2518 		94.6651
v 13.125 		-22.7332 		94.6651
v 15.98 		-20.8255 		94.6651
v 18.5616 		-18.5616 		94.6651
v 20.8255 		-15.98 		94.6651
v 22.7332 		-13.125 		94.6651
v 24.2518 		-10.0454 		94.6651
v 25.3556 		-6.794 		94.6651
v 26.0254 		-3.4263 		94.6651
v 25.647 		0 		94.9148
v 25.4276 		3.3476 		94.9148
v 24.7731 		6.6379 		94.9148
v 23.6948 		9.8147 		94.9148
v 22.211 		12.8235 		94.9148
v 20.3472 		15.6129 		94.9148
v 18.1352 		18.1352 		94.9148
v 15.6129 		20.3472 		94.9148
v 12.8235 		22.211 		94.9148
v 9.8147 		23.6948 		94.9148
v 6.6379 		24.7731 		94.9148
v 3.3476 		25.4276 		94.9148
v 0 		25.647 		94.9148
v -3.3476 		25.4276 		94.9148
v -6.6379 		24.7731 		94.9148
v -9.8147 		23.6948 		94.9148
v -12.8235 		22.211 		94.9148
v -15.6129 		20.3472 		94.9148
v -18.1352 		18.1352 		94.9148
v -20.3472 		15.6129 		94.9148
v -22.211 		12.8235 		94.9148
v -23.6948 		9.8147 		94.9148
v -24.7731 		6.6379 		94.9148
v -25.4276 		3.3476 		94.9148
v -25.647 		0 		94.9148
v -25.4276 		-3.3476 		94.9148
v -24.7731 		-6.6379 		94.9148
v -23.6948 		-9.8147 		94.9148
v -22.211 		-12.8235 		94.9148
v -20.3472 		-15.6129 		94.9148
v -18.1352 		-18.1352 		94.9148
v -15.6129 		-20.3472 		94.9148
v -12.8235 		-22.211 		94.9148
v -9.8147 		-23.6948 		94.9148
v -6.6379 		-24.7731 		94.9148
v -3.3476 		-25.4276 		94.9148
v 0 		-25.647 		94.9148
v 3.3476 		-25.4276 		94.9148
v 6.6379 		-24.7731 		94.9148
v 9.8147 		-23.6948 		94.9148
v 12.8235 		-22.211 		94.9148
v 15.6129 		-20.3472 		94.9148
v 18.1352 		-18.1352 		94.9148
v 20.3472 		-15.6129 		94.9148
v 22.211 		-12.8235 		94.9148
v 23.6948 		-9.8147 		94.9148
v 24.7731 		-6.6379 		94.9148
v 25.4276 		-3.3476 		94.9148
v 25 		0 		95
v 24.7861 		3.2632 		95
v 24.1481 		6.4705 		95
v 23.097 		9.5671 		95
v 21.6506 		12.5 		95
v 19.8338 		15.219 		95
v 17.6777 		17.6777 		95
v 15.219 		19.8338 		95
v 12.5 		21.6506 		95
v 9.5671 		23.097 		95
v 6.4705 		24.1481 		95
v 3.2632 		24.7861 		95
v 0 		25 		95
v -3.2632 		24.7861 		95
v -6.4705 		24.1481 		95
v -9.5671 		23.097 		95
v -12.5 		21.6506 		95
v -15.219 		19.8338 		95
v -17.6777 		17.6777 		95
v -19.8338 		15.219 		95
v -21.6506 		12.5 		95
v -23.097 		9.5671 		95
v -24.1481 		6.4705 		95
v -24.7861 		3.2632 		95
v -25 		0 		95
v -24.7861 		-3.2632 		95
v -24.1481 		-6.4705 		95
v -23.097 		-9.5671 		95
v -21.6506 		-12.5 		95
v -19.8338 		-15.219 		95
v -17.6777 		-17.6777 		95
v -15.219 		-19.8338 		95
v -12.5 		-21.6506 		95
v -9.5671 		-23.097 		95
v -6.4705 		-24.1481 		95
v -3.2632 		-24.7861 		95
v 0 		-25 		95
v 3.2632 		-24.7861 		95
v 6.4705 		-24.1481 		95
v 9.5671 		-23.097 		95
v 12.5 		-21.6506 		95
v 15.219 		-19.8338 		95
v 17.6777 		-17.6777 		95
v 19.8338 		-15.219 		95
v 21.6506 		-12.5 		95
v 23.097 		-9.5671 		95
v 24.1481 		-6.4705 		95
v 24.7861 		-3.2632 		95
v 24.353 		0 		94.9148
v 24.1446 		3.1787 		94.9148
v 23.5231 		6.303 		94.9148
v 22.4992 		9.3195 		94.9148
v 21.0903 		12.1765 		94.9148
v 19.3205 		14.8251 		94.9148
v 17.2201 		17.2201 		94.9148
v 14.8251 		19.3205 		94.9148
v 12.1765 		21.0903 		94.9148
v 9.3195 		22.4992 		94.9148
v 6.303 		23.5231 		94.9148
v 3.1787 		24.1446 		94.9148
v 0 		24.353 		94.9148
v -3.1787 		24.1446 		94.9148
v -6.303 		23.5231 		94.9148
v -9.3195 		22.4992 		94.9148
v -12.1765 		21.0903 		94.9148
v -14.8251 		19.3205 		94.9148
v -17.2201 		17.2201 		94.9148
v -19.3205 		14.8251 		94.9148
v -21.0903 		12.1765 		94.9148
v -22.4992 		9.3195 		94.9148
v -23.5231 		6.303 		94.9148
v -24.1446 		3.1787 		94.9148
v -24.353 		0 		94.9148
v -24.1446 		-3.1787 		94.9148
v -23.5231 		-6.303 		94.9148
v -22.4992 		-9.3195 		94.9148
v -21.0903 		-12.1765 		94.9148
v -19.3205 		-14.8251 		94.9148
v -17.2201 		-17.2201 		94.9148
v -14.8251 		-19.3205 		94.9148
v -12.1765 		-21.0903 		94.9148
v -9.3195 		-22.4992 		94.9148
v -6.303 		-23.5231 		94.9148
v -3.1787 		-24.1446 		94.9148
v 0 		-24.353 		94.9148
v 3.1787 		-24.1446 		94.9148
v 6.303 		-23.5231 		94.9148
v 9.3195 		-22.4992 		94.9148
v 12.1765 		-21.0903 		94.9148
v 14.8251 		-19.3205 		94.9148
v 17.2201 		-17.2201 		94.9148
v 19.3205 		-14.8251 		94.9148
v 21.0903 		-12.1765 		94.9148
v 22.4992 		-9.3195 		94.9148
v 23.5231 		-6.303 		94.9148
v 24.1446 		-3.1787 		94.9148
v 23.75 		0 		94.6651
v 23.5468 		3.1 		94.6651
v 22.9407 		6.147 		94.6651
v 21.9421 		9.0887 		94.6651
v 20.5681 		11.875 		94.6651
v 18.8421 		14.4581 		94.6651
v 16.7938 		16.7938 		94.6651
v 14.4581 		18.8421 		94.6651
v 11.875 		20.5681 		94.6651
v 9.0887 		21.9421 		94.6651
v 6.147 		22.9407 		94.6651
v 3.1 		23.5468 		94.6651
v 0 		23.75 		94.6651
v -3.1 		23.5468 		94.6651
v -6.147 		22.9407 		94.6651
v -9.0887 		21.9421 		94.6651
v -11.875 		20.5681 		94.6651
v -14.4581 		18.8421 		94.6651
v -16.7938 		16.7938 		94.6651
v -18.8421 		14.4581 		94.6651
v -20.5681 		11.875 		94.6651
v -21.9421 		9.0887 		94.6651
v -22.9407 		6.147 		94.6651
v -23.5468 		3.1 		94.6651
v -23.75 		0 		94.6651
v -23.5468 		-3.1 		94.6651
v -22.9407 		-6.147 		94.6651
v -21.9421 		-9.0887 		94.6651
v -20.5681 		-11.875 		94.6651
v -18.8421 		-14.4581 		94.6651
v -16.7938 		-16.7938 		94.6651
v -14.4581 		-18.8421 		94.6651
v -11.875 		-20.5681 		94.6651
v -9.0887 		-21.9421 		94.6651
v -6.147 		-22.9407 		94.6651
v -3.1 		-23.5468 		94.6651
v 0 		-23.75 		94.6651
v 3.1 		-23.5468 		94.6651
v 6.147 		-22.9407 		94.6651
v 9.0887 		-21.9421 		94.6651
v 11.875 		-20.5681 		94.6651
v 14.4581 		-18.8421 		94.6651
v 16.7938 		-16.7938 		94.6651
v 18.8421 		-14.4581 		94.6651
v 20.5681 		-11.875 		94.6651
v 21.9421 		-9.0887 		94.6651
v 22.9407 		-6.147 		94.6651
v 23.5468 		-3.1 		94.6651
v 23.2322 		0 		94.2678
v 23.0335 		3.0324 		94.2678
v 22.4406 		6.0129 		94.2678
v 21.4638 		8.8906 		94.2678
v 20.1197 		11.6161 		94.2678
v 18.4314 		14.1429 		94.2678
v 16.4277 		16.4277 		94.2678
v 14.1429 		18.4314 		94.2678
v 11.6161 		20.1197 		94.2678
v 8.8906 		21.4638 		94.2678
v 6.0129 		22.4406 		94.2678
v 3.0324 		23.0335 		94.2678
v 0 		23.2322 		94.2678
v -3.0324 		23.0335 		94.2678
v -6.0129 		22.4406 		94.2678
v -8.8906 		21.4638 		94.2678
v -11.6161 		20.1197 		94.2678
v -14.1429 		18.4314 		94.2678
v -16.4277 		16.4277 		94.2678
v -18.4314 		14.1429 		94.2678
v -20.1197 		11.6161 		94.2678
v -21.4638 		8.8906 		94.2678
v -22.4406 		6.0129 		94.2678
v -23.0335 		3.0324 		94.2678
v -23.2322 		0 		94.2678
v -23.0335 		-3.0324 		94.2678
v -22.4406 		-6.0129 		94.2678
v -21.4638 		-8.8906 		94.2678
v -20.1197 		-11.6161 		94.2678
v -18.4314 		-14.1429 		94.2678
v -16.4277 		-16.4277 		94.2678
v -14.1429 		-18.4314 		94.2678
v -11.6161 		-20.1197 		94.2678
v -8.8906 		-21.4638 		94.2678
v -6.0129 		-22.4406 		94.2678
v -3.0324 		-23.0335 		94.2678
v 0 		-23.2322 		94.2678
v 3.0324 		-23.0335 		94.2678
v 6.0129 		-22.4406 		94.2678
v 8.8906 		-21.4638 		94.2678
v 11.6161 		-20.1197 		94.2678
v 14.1429 		-18.4314 		94.2678
v 16.4277 		-16.4277 		94.2678
v 18.4314 		-14.1429 		94.2678
v 20.1197 		-11.6161 		94.2678
v 21.4638 		-8.8906 		94.2678
v 22.4406 		-6.0129 		94.2678
v 23.0335 		-3.0324 		94.2678
v 22.8349 		0 		93.75
v 22.6396 		2.9806 		93.75
v 22.0569 		5.9101 		93.75
v 21.0967 		8.7386 		93.75
v 19.7756 		11.4175 		93.75
v 18.1162 		13.901 		93.75
v 16.1467 		16.1467 		93.75
v 13.901 		18.1162 		93.75
v 11.4175 		19.7756 		93.75
v 8.7386 		21.0967 		93.75
v 5.9101 		22.0569 		93.75
v 2.9806 		22.6396 		93.75
v 0 		22.8349 		93.75
v -2.9806 		22.6396 		93.75
v -5.9101 		22.0569 		93.75
v -8.7386 		21.0967 		93.75
v -11.4175 		19.7756 		93.75
v -13.901 		18.1162 		93.75
v -16.1467 		16.1467 		93.75
v -18.1162 		13.901 		93.75
v -19.7756 		11.4175 		93.75
v -21.0967 		8.7386 		93.75
v -22.0569 		5.9101 		93.75
v -22.6396 		2.9806 		93.75
v -22.8349 		0 		93.75
v -22.6396 		-2.9806 		93.75
v -22.0569 		-5.9101 		93.75
v -21.0967 		-8.7386 		93.75
v -19.7756 		-11.4175 		93.75
v -18.1162 		-13.901 		93.75
v -16.1467 		-16.1467 		93.75
v -13.901 		-18.1162 		93.75
v -11.4175 		-19.7756 		93.75
v -8.7386 		-21.0967 		93.75
v -5.9101 		-22.0569 		93.75
v -2.9806 		-22.6396 		93.75
v 0 		-22.8349 		93.75
v 2.9806 		-22.6396 		93.75
v 5.9101 		-22.0569 		93.75
v 8.7386 		-21.0967 		93.75
v 11.4175 		-19.7756 		93.75
v 13.901 		-18.1162 		93.75
v 16.1467 		-16.1467 		93.75
v 18.1162 		-13.901 		93.75
v 19.7756 		-11.4175 		93.75
v 21.0967 		-8.7386 		93.75
v 22.0569 		-5.9101 		93.75
v 22.6396 		-2.9806 		93.75
v 22.5852 		0 		93.147
v 22.392 		2.948 		93.147
v 21.8156 		5.8455 		93.147
v 20.866 		8.643 		93.147
v 19.5593 		11.2926 		93.147
v 17.918 		13.749 		93.147
v 15.9701 		15.9701 		93.147
v 13.749 		17.918 		93.147
v 11.2926 		19.5593 		93.147
v 8.643 		20.866 		93.147
v 5.8455 		21.8156 		93.147
v 2.948 		22.392 		93.147
v 0 		22.5852 		93.147
v -2.948 		22.392 		93.147
v -5.8455 		21.8156 		93.147
v -8.643 		20.866 		93.147
v -11.2926 		19.5593 		93.147
v -13.749 		17.918 		93.147
v -15.9701 		15.9701 		93.147
v -17.918 		13.749 		93.147
v -19.5593 		11.2926 		93.147
v -20.866 		8.643 		93.147
v -21.8156 		5.8455 		93.147
v -22.392 		2.948 		93.147
v -22.5852 		0 		93.147
v -22.392 		-2.948 		93.147
v -21.8156 		-5.8455 		93.147
v -20.866 		-8.643 		93.147
v -19.5593 		-11.2926 		93.147
v -17.918 		-13.749 		93.147
v -15.9701 		-15.9701 		93.147
v -13.749 		-17.918 		93.147
v -11.2926 		-19.5593 		93.147
v -8.643 		-20.866 		93.147
v -5.8455 		-21.8156 		93.147
v -2.948 		-22.392 		93.147
v 0 		-22.5852 		93.147
v 2.948 		-22.392 		93.147
v 5.8455 		-21.8156 		93.147
v 8.643 		-20.866 		93.147
v 11.2926 		-19.5593 		93.147
v 13.749 		-17.918 		93.147
v 15.9701 		-15.9701 		93.147
v 17.918 		-13.749 		93.147
v 19.5593 		-11.2926 		93.147
v 20.866 		-8.643 		93.147
v 21.8156 		-5.8455 		93.147
v 22.392 		-2.948 		93.147
v 22.5 		0 		92.5
v 22.3075 		2.9368 		92.5
v 21.7333 		5.8234 		92.5
v 20.7873 		8.6104 		92.5
v 19.4856 		11.25 		92.5
v 17.8505 		13.6971 		92.5
v 15.9099 		15.9099 		92.5
v 13.6971 		17.8505 		92.5
v 11.25 		19.4856 		92.5
v 8.6104 		20.7873 		92.5
v 5.8234 		21.7333 		92.5
v 2.9368 		22.3075 		92.5
v 0 		22.5 		92.5
v -2.9368 		22.3075 		92.5
v -5.8234 		21.7333 		92.5
v -8.6104 		20.7873 		92.5
v -11.25 		19.4856 		92.5
v -13.6971 		17.8505 		92.5
v -15.9099 		15.9099 		92.5
v -17.8505 		13.6971 		92.5
v -19.4856 		11.25 		92.5
v -20.7873 		8.6104 		92.5
v -21.7333 		5.8234 		92.5
v -22.3075 		2.9368 		92.5
v -22.5 		0 		92.5
v -22.3075 		-2.9368 		92.5
v -21.7333 		-5.8234 		92.5
v -20.7873 		-8.6104 		92.5
v -19.4856 		-11.25 		92.5
v -17.8505 		-13.6971 		92.5
v -15.9099 		-15.9099 		92.5
v -13.6971 		-17.8505 		92.5
v -11.25 		-19.4856 		92.5
v -8.6104 		-20.7873 		92.5
v -5.8234 		-21.7333 		92.5
v -2.9368 		-22.3075 		92.5
v 0 		-22.5 		92.5
v 2.9368 		-22.3075 		92.5
v 5.8234 		-21.7333 		92.5
v 8.6104 		-20.7873 		92.5
v 11.25 		-19.4856 		92.5
v 13.6971 		-17.8505 		92.5
v 15.9099 		-15.9099 		92.5
v 17.8505 		-13.6971 		92.5
v 19.4856 		-11.25 		92.5
v 20.7873 		-8.6104 		92.5
v 21.7333 		-5.8234 		92.5
v 22.3075 		-2.9368 		92.5
v 22.5852 		0 		91.853
v 22.392 		2.948 		91.853
v 21.8156 		5.8455 		91.853
v 20.866 		8.643 		91.853
v 19.5593 		11.2926 		91.853
v 17.918 		13.749 		91.853
v 15.9701 		15.9701 		91.853
v 13.749 		17.918 		91.853
v 11.2926 		19.5593 		91.853
v 8.643 		20.866 		91.853
v 5.8455 		21.8156 		91.853
v 2.948 		22.392 		91.853
v 0 		22.5852 		91.853
v -2.948 		22.392 		91.853
v -5.8455 		21.8156 		91.853
v -8.643 		20.866 		91.853
v -11.2926 		19.5593 		91.853
v -13.749 		17.918 		91.853
v -15.9701 		15.9701 		91.853
v -17.918 		13.749 		91.853
v -19.5593 		11.2926 		91.853
v -20.866 		8.643 		91.853
v -21.8156 		5.8455 		91.853
v -22.392 		2.948 		91.853
v -22.5852 		0 		91.853
v -22.392 		-2.948 		91.853
v -21.8156 		-5.8455 		91.853
v -20.866 		-8.643 		91.853
v -19.5593 		-11.2926 		91.853
v -17.918 		-13.749 		91.853
v -15.9701 		-15.9701 		91.853
v -13.749 		-17.918 		91.853
v -11.2926 		-19.5593 		91.853
v -8.643 		-20.866 		91.853
v -5.8455 		-21.8156 		91.853
v -2.948 		-22.392 		91.853
v 0 		-22.5852 		91.853
v 2.948 		-22.392 		91.853
v 5.8455 		-21.8156 		91.853
v 8.643 		-20.866 		91.853
v 11.2926 		-19.5593 		91.853
v 13.749 		-17.918 		91.853
v 15.9701 		-15.9701 		91.853
v 17.918 		-13.749 		91.853
v 19.5593 		-11.2926 		91.853
v 20.866 		-8.643 		91.853
v 21.8156 		-5.8455 		91.853
v 22.392 		-2.948 		91.853
v 22.8349 		0 		91.25
v 22.6396 		2.9806 		91.25
v 22.0569 		5.9101 		91.25
v 21.0967 		8.7386 		91.25
v 19.7756 		11.4175 		91.25
v 18.1162 		13.901 		91.25
v 16.1467 		16.1467 		91.25
v 13.901 		18.1162 		91.25
v 11.4175 		19.7756 		91.25
v 8.7386 		21.0967 		91.25
v 5.9101 		22.0569 		91.25
v 2.9806 		22.6396 		91.25
v 0 		22.8349 		91.25
v -2.9806 		22.6396 		91.25
v -5.9101 		22.0569 		91.25
v -8.7386 		21.0967 		91.25
v -11.4175 		19.7756 		91.25
v -13.901 		18.1162 		91.25
v -16.1467 		16.1467 		91.25
v -18.1162 		13.901 		91.25
v -19.7756 		11.4175 		91.25
v -21.0967 		8.7386 		91.25
v -22.0569 		5.9101 		91.25
v -22.6396 		2.9806 		91.25
v -22.8349 		0 		91.25
v -22.6396 		-2.9806 		91.25
v -22.0569 		-5.9101 		91.25
v -21.0967 		-8.7386 		91.25
v -19.7756 		-11.4175 		91.25
v -18.1162 		-13.901 		91.25
v -16.1467 		-16.1467 		91.25
v -13.901 		-18.1162 		91.25
v -11.4175 		-19.7756 		91.25
v -8.7386 		-21.0967 		91.25
v -5.9101 		-22.0569 		91.25
v -2.9806 		-22.6396 		91.25
v 0 		-22.8349 		91.25
v 2.9806 		-22.6396 		91.25
v 5.9101 		-22.0569 		91.25
v 8.7386 		-21.0967 		91.25
v 11.4175 		-19.7756 		91.25
v 13.901 		-18.1162 		91.25
v 16.1467 		-16.1467 		91.25
v 18.1162 		-13.901 		91.25
v 19.7756 		-11.4175 		91.25
v 21.0967 		-8.7386 		91.25
v 22.0569 		-5.9101 		91.25
v 22.6396 		-2.9806 		91.25
v 23.2322 		0 		90.7322
v 23.0335 		3.0324 		90.7322
v 22.4406 		6.0129 		90.7322
v 21.4638 		8.8906 		90.7322
v 20.1197 		11.6161 		90.7322
v 18.4314 		14.1429 		90.7322
v 16.4277 		16.4277 		90.7322
v 14.1429 		18.4314 		90.7322
v 11.6161 		20.1197 		90.7322
v 8.8906 		21.4638 		90.7322
v 6.0129 		22.4406 		90.7322
v 3.0324 		23.0335 		90.7322
v 0 		23.2322 		90.7322
v -3.0324 		23.0335 		90.7322
v -6.0129 		22.4406 		90.7322
v -8.8906 		21.4638 		90.7322
v -11.6161 		20.1197 		90.7322
v -14.1429 		18.4314 		90.7322
v -16.4277 		16.4277 		90.7322
v -18.4314 		14.1429 		90.7322
v -20.1197 		11.6161 		90.7322
v -21.4638 		8.8906 		90.7322
v -22.4406 		6.0129 		90.7322
v -23.0335 		3.0324 		90.7322
v -23.2322 		0 		90.7322
v -23.0335 		-3.0324 		90.7322
v -22.4406 		-6.0129 		90.7322
v -21.4638 		-8.8906 		90.7322
v -20.1197 		-11.6161 		90.7322
v -18.4314 		-14.1429 		90.7322
v -16.4277 		-16.4277 		90.7322
v -14.1429 		-18.4314 		90.7322
v -11.6161 		-20.1197 		90.7322
v -8.8906 		-21.4638 		90.7322
v -6.0129 		-22.4406 		90.7322
v -3.0324 		-23.0335 		90.7322
v 0 		-23.2322 		90.7322
v 3.0324 		-23.0335 		90.7322
v 6.0129 		-22.4406 		90.7322
v 8.8906 		-21.4638 		90.7322
v 11.6161 		-20.1197 		90.7322
v 14.1429 		-18.4314 		90.7322
v 16.4277 		-16.4277 		90.7322
v 18.4314 		-14.1429 		90.7322
v 20.1197 		-11.6161 		90.7322
v 21.4638 		-8.8906 		90.7322
v 22.4406 		-6.0129 		90.7322
v 23.0335 		-3.0324 		90.7322
v 23.75 		0 		90.3349
v 23.5468 		3.1 		90.3349
v 22.9407 		6.147 		90.3349
v 21.9421 		9.0887 		90.3349
v 20.5681 		11.875 		90.3349
v 18.8421 		14.4581 		90.3349
v 16.7938 		16.7938 		90.3349
v 14.4581 		18.8421 		90.3349
v 11.875 		20.5681 		90.3349
v 9.0887 		21.9421 		90.3349
v 6.147 		22.9407 		90.3349
v 3.1 		23.5468 		90.3349
v 0 		23.75 		90.3349
v -3.1 		23.5468 		90.3349
v -6.147 		22.9407 		90.3349
v -9.0887 		21.9421 		90.3349
v -11.875 		20.5681 		90.3349
v -14.4581 		18.8421 		90.3349
v -16.7938 		16.7938 		90.3349
v -18.8421 		14.4581 		90.3349
v -20.5681 		11.875 		90.3349
v -21.9421 		9.0887 		90.3349
v -22.9407 		6.147 		90.3349
v -23.5468 		3.1 		90.3349
v -23.75 		0 		90.3349
v -23.5468 		-3.1 		90.3349
v -22.9407 		-6.147 		90.3349
v -21.9421 		-9.0887 		90.3349
v -20.5681 		-11.875 		90.3349
v -18.8421 		-14.4581 		90.3349
v -16.7938 		-16.7938 		90.3349
v -14.4581 		-18.8421 		90.3349
v -11.875 		-20.5681 		90.3349
v -9.0887 		-21.9421 		90.3349
v -6.147 		-22.9407 		90.3349
v -3.1 		-23.5468 		90.3349
v 0 		-23.75 		90.3349
v 3.1 		-23.5468 		90.3349
v 6.147 		-22.9407 		90.3349
v 9.0887 		-21.9421 		90.3349
v 11.875 		-20.5681 		90.3349
v 14.4581 		-18.8421 		90.3349
v 16.7938 		-16.7938 		90.3349
v 18.8421 		-14.4581 		90.3349
v 20.5681 		-11.875 		90.3349
v 21.9421 		-9.0887 		90.3349
v 22.9407 		-6.147 		90.3349
v 23.5468 		-3.1 		90.3349
v 24.353 		0 		90.0852
v 24.1446 		3.1787 		90.0852
v 23.5231 		6.303 		90.0852
v 22.4992 		9.3195 		90.0852
v 21.0903 		12.1765 		90.0852
v 19.3205 		14.8251 		90.0852
v 17.2201 		17.2201 		90.0852
v 14.8251 		19.3205 		90.0852
v 12.1765 		21.0903 		90.0852
v 9.3195 		22.4992 		90.0852
v 6.303 		23.5231 		90.0852
v 3.1787 		24.1446 		90.0852
v 0 		24.353 		90.0852
v -3.1787 		24.1446 		90.0852
v -6.303 		23.5231 		90.0852
v -9.3195 		22.4992 		90.0852
v -12.1765 		21.0903 		90.0852
v -14.8251 		19.3205 		90.0852
v -17.2201 		17.2201 		90.0852
v -19.3205 		14.8251 		90.0852
v -21.0903 		12.1765 		90.0852
v -22.4992 		9.3195 		90.0852
v -23.5231 		6.303 		90.0852
v -24.1446 		3.1787 		90.0852
v -24.353 		0 		90.0852
v -24.1446 		-3.1787 		90.0852
v -23.5231 		-6.303 		90.0852
v -22.4992 		-9.3195 		90.0852
v -21.0903 		-12.1765 		90.0852
v -19.3205 		-14.8251 		90.0852
v -17.2201 		-17.2201 		90.0852
v -14.8251 		-19.3205 		90.0852
v -12.1765 		-21.0903 		90.0852
v -9.3195 		-22.4992 		90.0852
v -6.303 		-23.5231 		90.0852
v -3.1787 		-24.1446 		90.0852
v 0 		-24.353 		90.0852
v 3.1787 		-24.1446 		90.0852
v 6.303 		-23.5231 		90.0852
v 9.3195 		-22.4992 		90.0852
v 12.1765 		-21.0903 		90.0852
v 14.8251 		-19.3205 		90.0852
v 17.2201 		-17.2201 		90.0852
v 19.3205 		-14.8251 		90.0852
v 21.0903 		-12.1765 		90.0852
v 22.4992 		-9.3195 		90.0852
v 23.5231 		-6.303 		90.0852
v 24.1446 		-3.1787 		90.0852
v 25 		0 		90
v 24.7861 		3.2632 		90
v 24.1481 		6.4705 		90
v 23.097 		9.5671 		90
v 21.6506 		12.5 		90
v 19.8338 		15.219 		90
v 17.6777 		17.6777 		90
v 15.219 		19.8338 		90
v 12.5 		21.6506 		90
v 9.5671 		23.097 		90
v 6.4705 		24.1481 		90
v 3.2632 		24.7861 		90
v 0 		25 		90
v -3.2632 		24.7861 		90
v -6.4705 		24.1481 		90
v -9.5671 		23.097 		90
v -12.5 		21.6506 		90
v -15.219 		19.8338 		90
v -17.6777 		17.6777 		90
v -19.8338 		15.219 		90
v -21.6506 		12.5 		90
v -23.097 		9.5671 		90
v -24.1481 		6.4705 		90
v -24.7861 		3.2632 		90
v -25 		0 		90
v -24.7861 		-3.2632 		90
v -24.1481 		-6.4705 		90
v -23.097 		-9.5671 		90
v -21.6506 		-12.5 		90
v -19.8338 		-15.219 		90
v -17.6777 		-17.6777 		90
v -15.219 		-19.8338 		90
v -12.5 		-21.6506 		90
v -9.5671 		-23.097 		90
v -6.4705 		-24.1481 		90
v -3.2632 		-24.7861 		90
v 0 		-25 		90
v 3.2632 		-24.7861 		90
v 6.4705 		-24.1481 		90
v 9.5671 		-23.097 		90
v 12.5 		-21.6506 		90
v 15.219 		-19.8338 		90
v 17.6777 		-17.6777 		90
v 19.8338 		-15.219 		90
v 21.6506 		-12.5 		90
v 23.097 		-9.5671 		90
v 24.1481 		-6.4705 		90
v 24.7861 		-3.2632 		90
v 25.647 		0 		90.0852
v 25.4276 		3.3476 		90.0852
v 24.7731 		6.6379 		90.0852
v 23.6948 		9.8147 		90.0852
v 22.211 		12.8235 		90.0852
v 20.3472 		15.6129 		90.0852
v 18.1352 		18.1352 		90.0852
v 15.6129 		20.3472 		90.0852
v 12.8235 		22.211 		90.0852
v 9.8147 		23.6948 		90.0852
v 6.6379 		24.7731 		90.0852
v 3.3476 		25.4276 		90.0852
v 0 		25.647 		90.0852
v -3.3476 		25.4276 		90.0852
v -6.6379 		24.7731 		90.0852
v -9.8147 		23.6948 		90.0852
v -12.8235 		22.211 		90.0852
v -15.6129 		20.3472 		90.0852
v -18.1352 		18.1352 		90.0852
v -20.3472 		15.6129 		90.0852
v -22.211 		12.8235 		90.0852
v -23.6948 		9.8147 		90.0852
v -24.7731 		6.6379 		90.0852
v -25.4276 		3.3476 		90.0852
v -25.647 		0 		90.0852
v -25.4276 		-3.3476 		90.0852
v -24.7731 		-6.6379 		90.0852
v -23.6948 		-9.8147 		90.0852
v -22.211 		-12.8235 		90.0852
v -20.3472 		-15.6129 		90.0852
v -18.1352 		-18.1352 		90.0852
v -15.6129 		-20.3472 		90.0852
v -12.8235 		-22.211 		90.0852
v -9.8147 		-23.6948 		90.0852
v -6.6379 		-24.7731 		90.0852
v -3.3476 		-25.4276 		90.0852
v 0 		-25.647 		90.0852
v 3.3476 		-25.4276 		90.0852
v 6.6379 		-24.7731 		90.0852
v 9.8147 		-23.6948 		90.0852
v 12.8235 		-22.211 		90.0852
v 15.6129 		-20.3472 		90.0852
v 18.1352 		-18.1352 		90.0852
v 20.3472 		-15.6129 		90.0852
v 22.211 		-12.8235 		90.0852
v 23.6948 		-9.8147 		90.0852
v 24.7731 		-6.6379 		90.0852
v 25.4276 		-3.3476 		90.0852
v 26.25 		0 		90.3349
v 26.0254 		3.4263 		90.3349
v 25.3556 		6.794 		90.3349
v 24.2518 		10.0454 		90.3349
v 22.7332 		13.125 		90.3349
v 20.8255 		15.98 		90.3349
v 18.5616 		18.5616 		90.3349
v 15.98 		20.8255 		90.3349
v 13.125 		22.7332 		90.3349
v 10.0454 		24.2518 		90.3349
v 6.794 		25.3556 		90.3349
v 3.4263 		26.0254 		90.3349
v 0 		26.25 		90.3349
v -3.4263 		26.0254 		90.3349
v -6.794 		25.3556 		90.3349
v -10.0454 		24.2518 		90.3349
v -13.125 		22.7332 		90.3349
v -15.98 		20.8255 		90.3349
v -18.5616 		18.5616 		90.3349
v -20.8255 		15.98 		90.3349
v -22.7332 		13.125 		90.3349
v -24.2518 		10.0454 		90.3349
v -25.3556 		6.794 		90.3349
v -26.0254 		3.4263 		90.3349
v -26.25 		0 		90.3349
v -26.0254 		-3.4263 		90.3349
v -25.3556 		-6.794 		90.3349
v -24.2518 		-10.0454 		90.3349
v -22.7332 		-13.125 		90.3349
v -20.8255 		-15.98 		90.3349
v -18.5616 		-18.5616 		90.3349
v -15.98 		-20.8255 		90.3349
v -13.125 		-22.7332 		90.3349
v -10.0454 		-24.2518 		90.3349
v -6.794 		-25.3556 		90.3349
v -3.4263 		-26.0254 		90.3349
v 0 		-26.25 		90.3349
v 3.4263 		-26.0254 		90.3349
v 6.794 		-25.3556 		90.3349
v 10.0454 		-24.2518 		90.3349
v 13.125 		-22.7332 		90.3349
v 15.98 		-20.8255 		90.3349
v 18.5616 		-18.5616 		90.3349
v 20.8255 		-15.98 		90.3349
v 22.7332 		-13.125 		90.3349
v 24.2518 		-10.0454 		90.3349
v 25.3556 		-6.794 		90.3349
v 26.0254 		-3.4263 		90.3349
v 26.7678 		0 		90.7322
v 26.5388 		3.4939 		90.7322
v 25.8557 		6.928 		90.7322
v 24.7302 		10.2436 		90.7322
v 23.1816 		13.3839 		90.7322
v 21.2363 		16.2952 		90.7322
v 18.9277 		18.9277 		90.7322
v 16.2952 		21.2363 		90.7322
v 13.3839 		23.1816 		90.7322
v 10.2436 		24.7302 		90.7322
v 6.928 		25.8557 		90.7322
v 3.4939 		26.5388 		90.7322
v 0 		26.7678 		90.7322
v -3.4939 		26.5388 		90.7322
v -6.928 		25.8557 		90.7322
v -10.2436 		24.7302 		90.7322
v -13.3839 		23.1816 		90.7322
v -16.2952 		21.2363 		90.7322
v -18.9277 		18.9277 		90.7322
v -21.2363 		16.2952 		90.7322
v -23.1816 		13.3839 		90.7322
v -24.7302 		10.2436 		90.7322
v -25.8557 		6.928 		90.7322
v -26.5388 		3.4939 		90.7322
v -26.7678 		0 		90.7322
v -26.5388 		-3.4939 		90.7322
v -25.8557 		-6.928 		90.7322
v -24.7302 		-10.2436 		90.7322
v -23.1816 		-13.3839 		90.7322
v -21.2363 		-16.2952 		90.7322
v -18.9277 		-18.9277 		90.7322
v -16.2952 		-21.2363 		90.7322
v -13.3839 		-23.1816 		90.7322
v -10.2436 		-24.7302 		90.7322
v -6.928 		-25.8557 		90.7322
v -3.4939 		-26.5388 		90.7322
v 0 		-26.7678 		90.7322
v 3.4939 		-26.5388 		90.7322
v 6.928 		-25.8557 		90.7322
v 10.2436 		-24.7302 		90.7322
v 13.3839 		-23.1816 		90.7322
v 16.2952 		-21.2363 		90.7322
v 18.9277 		-18.9277 		90.7322
v 21.2363 		-16.2952 		90.7322
v 23.1816 		-13.3839 		90.7322
v 24.7302 		-10.2436 		90.7322
v 25.8557 		-6.928 		90.7322
v 26.5388 		-3.4939 		90.7322
v 27.1651 		0 		91.25
v 26.9327 		3.5458 		91.25
v 26.2394 		7.0308 		91.25
v 25.0972 		10.3956 		91.25
v 23.5256 		13.5825 		91.25
v 21.5515 		16.537 		91.25
v 19.2086 		19.2086 		91.25
v 16.537 		21.5515 		91.25
v 13.5825 		23.5256 		91.25
v 10.3956 		25.0972 		91.25
v 7.0308 		26.2394 		91.25
v 3.5458 		26.9327 		91.25
v 0 		27.1651 		91.25
v -3.5458 		26.9327 		91.25
v -7.0308 		26.2394 		91.25
v -10.3956 		25.0972 		91.25
v -13.5825 		23.5256 		91.25
v -16.537 		21.5515 		91.25
v -19.2086 		19.2086 		91.25
v -21.5515 		16.537 		91.25
v -23.5256 		13.5825 		91.25
v -25.0972 		10.3956 		91.25
v -26.2394 		7.0308 		91.25
v -26.9327 		3.5458 		91.25
v -27.1651 		0 		91.25
v -26.9327 		-3.5458 		91.25
v -26.2394 		-7.0308 		91.25
v -25.0972 		-10.3956 		91.25
v -23.5256 		-13.5825 		91.25
v -21.5515 		-16.537 		91.25
v -19.2086 		-19.2086 		91.25
v -16.537 		-21.5515 		91.25
v -13.5825 		-23.5256 		91.25
v -10.3956 		-25.0972 		91.25
v -7.0308 		-26.2394 		91.25
v -3.5458 		-26.9327 		91.25
v 0 		-27.1651 		91.25
v 3.5458 		-26.9327 		91.25
v 7.0308 		-26.2394 		91.25
v 10.3956 		-25.0972 		91.25
v 13.5825 		-23.5256 		91.25
v 16.537 		-21.5515 		91.25
v 19.2086 		-19.2086 		91.25
v 21.5515 		-16.537 		91.25
v 23.5256 		-13.5825 		91.25
v 25.0972 		-10.3956 		91.25
v 26.2394 		-7.0308 		91.25
v 26.9327 		-3.5458 		91.25
v 27.4148 		0 		91.853
v 27.1803 		3.5784 		91.853
v 26.4807 		7.0955 		91.853
v 25.328 		10.4912 		91.853
v 23.7419 		13.7074 		91.853
v 21.7496 		16.6891 		91.853
v 19.3852 		19.3852 		91.853
v 16.6891 		21.7496 		91.853
v 13.7074 		23.7419 		91.853
v 10.4912 		25.328 		91.853
v 7.0955 		26.4807 		91.853
v 3.5784 		27.1803 		91.853
v 0 		27.4148 		91.853
v -3.5784 		27.1803 		91.853
v -7.0955 		26.4807 		91.853
v -10.4912 		25.328 		91.853
v -13.7074 		23.7419 		91.853
v -16.6891 		21.7496 		91.853
v -19.3852 		19.3852 		91.853
v -21.7496 		16.6891 		91.853
v -23.7419 		13.7074 		91.853
v -25.328 		10.4912 		91.853
v -26.4807 		7.0955 		91.853
v -27.1803 		3.5784 		91.853
v -27.4148 		0 		91.853
v -27.1803 		-3.5784 		91.853
v -26.4807 		-7.0955 		91.853
v -25.328 		-10.4912 		91.853
v -23.7419 		-13.7074 		91.853
v -21.7496 		-16.6891 		91.853
v -19.3852 		-19.3852 		91.853
v -16.6891 		-21.7496 		91.853
v -13.7074 		-23.7419 		91.853
v -10.4912 		-25.328 		91.853
v -7.0955 		-26.4807 		91.853
v -3.5784 		-27.1803 		91.853
v 0 		-27.4148 		91.853
v 3.5784 		-27.1803 		91.853
v 7.0955 		-26.4807 		91.853
v 10.4912 		-25.328 		91.853
v 13.7074 		-23.7419 		91.853
v 16.6891 		-21.7496 		91.853
v 19.3852 		-19.3852 		91.853
v 21.7496 		-16.6891 		91.853
v 23.7419 		-13.7074 		91.853
v 25.328 		-10.4912 		91.853
v 26.4807 		-7.0955 		91.853
v 27.1803 		-3.5784 		91.853
# 1152 vertices

g group_3_2829873

usemtl color_2829873
s 0

f 1685 	1637 	1686
f 1637 	1638 	1686
f 1686 	1638 	1687
f 1638 	1639 	1687
f 1687 	1639 	1688
f 1639 	1640 	1688
f 1688 	1640 	1689
f 1640 	1641 	1689
f 1689 	1641 	1690
f 1641 	1642 	1690
f 1690 	1642 	1691
f 1642 	1643 	1691
f 1691 	1643 	1692
f 1643 	1644 	1692
f 1692 	1644 	1693
f 1644 	1645 	1693
f 1693 	1645 	1694
f 1645 	1646 	1694
f 1694 	1646 	1695
f 1646 	1647 	1695
f 1695 	1647 	1696
f 1647 	1648 	1696
f 1696 	1648 	1697
f 1648 	1649 	1697
f 1697 	1649 	1698
f 1649 	1650 	1698
f 1698 	1650 	1699
f 1650 	1651 	1699
f 1699 	1651 	1700
f 1651 	1652 	1700
f 1700 	1652 	1701
f 1652 	1653 	1701
f 1701 	1653 	1702
f 1653 	1654 	1702
f 1702 	1654 	1703
f 1654 	1655 	1703
f 1703 	1655 	1704
f 1655 	1656 	1704
f 1704 	1656 	1705
f 1656 	1657 	1705
f 1705 	1657 	1706
f 1657 	1658 	1706
f 1706 	1658 	1707
f 1658 	1659 	1707
f 1707 	1659 	1708
f 1659 	1660 	1708
f 1708 	1660 	1709
f 1660 	1661 	1709
f 1709 	1661 	1710
f 1661 	1662 	1710
f 1710 	1662 	1711
f 1662 	1663 	1711
f 1711 	1663 	1712
f 1663 	1664 	1712
f 1712 	1664 	1713
f 1664 	1665 	1713
f 1713 	1665 	1714
f 1665 	1666 	1714
f 1714 	1666 	1715
f 1666 	1667 	1715
f 1715 	1667 	1716
f 1667 	1668 	1716
f 1716 	1668 	1717
f 1668 	1669 	1717
f 1717 	1669 	1718
f 1669 	1670 	1718
f 1718 	1670 	1719
f 1670 	1671 	1719
f 1719 	1671 	1720
f 1671 	1672 	1720
f 1720 	1672 	1721
f 1672 	1673 	1721
f 1721 	1673 	1722
f 1673 	1674 	1722
f 1722 	1674 	1723
f 1674 	1675 	1723
f 1723 	1675 	1724
f 1675 	1676 	1724
f 1724 	1676 	1725
f 1676 	1677 	1725
f 1725 	1677 	1726
f 1677 	1678 	1726
f 1726 	1678 	1727
f 1678 	1679 	1727
f 1727 	1679 	1728
f 1679 	1680 	1728
f 1728 	1680 	1729
f 1680 	1681 	1729
f 1729 	1681 	1730
f 1681 	1682 	1730
f 1730 	1682 	1731
f 1682 	1683 	1731
f 1731 	1683 	1732
f 1683 	1684 	1732
f 1732 	1684 	1685
f 1684 	1637 	1685
f 1733 	1685 	1734
f 1685 	1686 	1734
f 1734 	1686 	1735
f 1686 	1687 	1735
f 1735 	1687 	1736
f 1687 	1688 	1736
f 1736 	1688 	1737
f 1688 	1689 	1737
f 1737 	1689 	1738
f 1689 	1690 	1738
f 1738 	1690 	1739
f 1690 	1691 	1739
f 1739 	1691 	1740
f 1691 	1692 	1740
f 1740 	1692 	1741
f 1692 	1693 	1741
f 1741 	1693 	1742
f 1693 	1694 	1742
f 1742 	1694 	1743
f 1694 	1695 	1743
f 1743 	1695 	1744
f 1695 	1696 	1744
f 1744 	1696 	1745
f 1696 	1697 	1745
f 1745 	1697 	1746
f 1697 	1698 	1746
f 1746 	1698 	1747
f 1698 	1699 	1747
f 1747 	1699 	1748
f 1699 	1700 	1748
f 1748 	1700 	1749
f 1700 	1701 	1749
f 1749 	1701 	1750
f 1701 	1702 	1750
f 1750 	1702 	1751
f 1702 	1703 	1751
f 1751 	1703 	1752
f 1703 	1704 	1752
f 1752 	1704 	1753
f 1704 	1705 	1753
f 1753 	1705 	1754
f 1705 	1706 	1754
f 1754 	1706 	1755
f 1706 	1707 	1755
f 1755 	1707 	1756
f 1707 	1708 	1756
f 1756 	1708 	1757
f 1708 	1709 	1757
f 1757 	1709 	1758
f 1709 	1710 	1758
f 1758 	1710 	1759
f 1710 	1711 	1759
f 1759 	1711 	1760
f 1711 	1712 	1760
f 1760 	1712 	1761
f 1712 	1713 	1761
f 1761 	1713 	1762
f 1713 	1714 	1762
f 1762 	1714 	1763
f 1714 	1715 	1763
f 1763 	1715 	1764
f 1715 	1716 	1764
f 1764 	1716 	1765
f 1716 	1717 	1765
f 1765 	1717 	1766
f 1717 	1718 	1766
f 1766 	1718 	1767
f 1718 	1719 	1767
f 1767 	1719 	1768
f 1719 	1720 	1768
f 1768 	1720 	1769
f 1720 	1721 	1769
f 1769 	1721 	1770
f 1721 	1722 	1770
f 1770 	1722 	1771
f 1722 	1723 	1771
f 1771 	1723 	1772
f 1723 	1724 	1772
f 1772 	1724 	1773
f 1724 	1725 	1773
f 1773 	1725 	1774
f 1725 	1726 	1774
f 1774 	1726 	1775
f 1726 	1727 	1775
f 1775 	1727 	1776
f 1727 	1728 	1776
f 1776 	1728 	1777
f 1728 	1729 	1777
f 1777 	1729 	1778
f 1729 	1730 	1778
f 1778 	1730 	1779
f 1730 	1731 	1779
f 1779 	1731 	1780
f 1731 	1732 	1780
f 1780 	1732 	1733
f 1732 	1685 	1733
f 1781 	1733 	1782
f 1733 	1734 	1782
f 1782 	1734 	1783
f 1734 	1735 	1783
f 1783 	1735 	1784
f 1735 	1736 	1784
f 1784 	1736 	1785
f 1736 	1737 	1785
f 1785 	1737 	1786
f 1737 	1738 	1786
f 1786 	1738 	1787
f 1738 	1739 	1787
f 1787 	1739 	1788
f 1739 	1740 	1788
f 1788 	1740 	1789
f 1740 	1741 	1789
f 1789 	1741 	1790
f 1741 	1742 	1790
f 1790 	1742 	1791
f 1742 	1743 	1791
f 1791 	1743 	1792
f 1743 	1744 	1792
f 1792 	1744 	1793
f 1744 	1745 	1793
f 1793 	1745 	1794
f 1745 	1746 	1794
f 1794 	1746 	1795
f 1746 	1747 	1795
f 1795 	1747 	1796
f 1747 	1748 	1796
f 1796 	1748 	1797
f 1748 	1749 	1797
f 1797 	1749 	1798
f 1749 	1750 	1798
f 1798 	1750 	1799
f 1750 	1751 	1799
f 1799 	1751 	1800
f 1751 	1752 	1800
f 1800 	1752 	1801
f 1752 	1753 	1801
f 1801 	1753 	1802
f 1753 	1754 	1802
f 1802 	1754 	1803
f 1754 	1755 	1803
f 1803 	1755 	1804
f 1755 	1756 	1804
f 1804 	1756 	1805
f 1756 	1757 	1805
f 1805 	1757 	1806
f 1757 	1758 	1806
f 1806 	1758 	1807
f 1758 	1759 	1807
f 1807 	1759 	1808
f 1759 	1760 	1808
f 1808 	1760 	1809
f 1760 	1761 	1809
f 1809 	1761 	1810
f 1761 	1762 	1810
f 1810 	1762 	1811
f 1762 	1763 	1811
f 1811 	1763 	1812
f 1763 	1764 	1812
f 1812 	1764 	1813
f 1764 	1765 	1813
f 1813 	1765 	1814
f 1765 	1766 	1814
f 1814 	1766 	1815
f 1766 	1767 	1815
f 1815 	1767 	1816
f 1767 	1768 	1816
f 1816 	1768 	1817
f 1768 	1769 	1817
f 1817 	1769 	1818
f 1769 	1770 	1818
f 1818 	1770 	1819
f 1770 	1771 	1819
f 1819 	1771 	1820
f 1771 	1772 	1820
f 1820 	1772 	1821
f 1772 	1773 	1821
f 1821 	1773 	1822
f 1773 	1774 	1822
f 1822 	1774 	1823
f 1774 	1775 	1823
f 1823 	1775 	1824
f 1775 	1776 	1824
f 1824 	1776 	1825
f 1776 	1777 	1825
f 1825 	1777 	1826
f 1777 	1778 	1826
f 1826 	1778 	1827
f 1778 	1779 	1827
f 1827 	1779 	1828
f 1779 	1780 	1828
f 1828 	1780 	1781
f 1780 	1733 	1781
f 1829 	1781 	1830
f 1781 	1782 	1830
f 1830 	1782 	1831
f 1782 	1783 	1831
f 1831 	1783 	1832
f 1783 	1784 	1832
f 1832 	1784 	1833
f 1784 	1785 	1833
f 1833 	1785 	1834
f 1785 	1786 	1834
f 1834 	1786 	1835
f 1786 	1787 	1835
f 1835 	1787 	1836
f 1787 	1788 	1836
f 1836 	1788 	1837
f 1788 	1789 	1837
f 1837 	1789 	1838
f 1789 	1790 	1838
f 1838 	1790 	1839
f 1790 	1791 	1839
f 1839 	1791 	1840
f 1791 	1792 	1840
f 1840 	1792 	1841
f 1792 	1793 	1841
f 1841 	1793 	1842
f 1793 	1794 	1842
f 1842 	1794 	1843
f 1794 	1795 	1843
f 1843 	1795 	1844
f 1795 	1796 	1844
f 1844 	1796 	1845
f 1796 	1797 	1845
f 1845 	1797 	1846
f 1797 	1798 	1846
f 1846 	1798 	1847
f 1798 	1799 	1847
f 1847 	1799 	1848
f 1799 	1800 	1848
f 1848 	1800 	1849
f 1800 	1801 	1849
f 1849 	1801 	1850
f 1801 	1802 	1850
f 1850 	1802 	1851
f 1802 	1803 	1851
f 1851 	1803 	1852
f 1803 	1804 	1852
f 1852 	1804 	1853
f 1804 	1805 	1853
f 1853 	1805 	1854
f 1805 	1806 	1854
f 1854 	1806 	1855
f 1806 	1807 	1855
f 1855 	1807 	1856
f 1807 	1808 	1856
f 1856 	1808 	1857
f 1808 	1809 	1857
f 1857 	1809 	1858
f 1809 	1810 	1858
f 1858 	1810 	1859
f 1810 	1811 	1859
f 1859 	1811 	1860
f 1811 	1812 	1860
f 1860 	1812 	1861
f 1812 	1813 	1861
f 1861 	1813 	1862
f 1813 	1814 	1862
f 1862 	1814 	1863
f 1814 	1815 	1863
f 1863 	1815 	1864
f 1815 	1816 	1864
f 1864 	1816 	1865
f 1816 	1817 	1865
f 1865 	1817 	1866
f 1817 	1818 	1866
f 1866 	1818 	1867
f 1818 	1819 	1867
f 1867 	1819 	1868
f 1819 	1820 	1868
f 1868 	1820 	1869
f 1820 	1821 	1869
f 1869 	1821 	1870
f 1821 	1822 	1870
f 1870 	1822 	1871
f 1822 	1823 	1871
f 1871 	1823 	1872
f 1823 	1824 	1872
f 1872 	1824 	1873
f 1824 	1825 	1873
f 1873 	1825 	1874
f 1825 	1826 	1874
f 1874 	1826 	1875
f 1826 	1827 	1875
f 1875 	1827 	1876
f 1827 	1828 	1876
f 1876 	1828 	1829
f 1828 	1781 	1829
f 1877 	1829 	1878
f 1829 	1830 	1878
f 1878 	1830 	1879
f 1830 	1831 	1879
f 1879 	1831 	1880
f 1831 	1832 	1880
f 1880 	1832 	1881
f 1832 	1833 	1881
f 1881 	1833 	1882
f 1833 	1834 	1882
f 1882 	1834 	1883
f 1834 	1835 	1883
f 1883 	1835 	1884
f 1835 	1836 	1884
f 1884 	1836 	1885
f 1836 	1837 	1885
f 1885 	1837 	1886
f 1837 	1838 	1886
f 1886 	1838 	1887
f 1838 	1839 	1887
f 1887 	1839 	1888
f 1839 	1840 	1888
f 1888 	1840 	1889
f 1840 	1841 	1889
f 1889 	1841 	1890
f 1841 	1842 	1890
f 1890 	1842 	1891
f 1842 	1843 	1891
f 1891 	1843 	1892
f 1843 	1844 	1892
f 1892 	1844 	1893
f 1844 	1845 	1893
f 1893 	1845 	1894
f 1845 	1846 	1894
f 1894 	1846 	1895
f 1846 	1847 	1895
f 1895 	1847 	1896
f 1847 	1848 	1896
f 1896 	1848 	1897
f 1848 	1849 	1897
f 1897 	1849 	1898
f 1849 	1850 	1898
f 1898 	1850 	1899
f 1850 	1851 	1899
f 1899 	1851 	1900
f 1851 	1852 	1900
f 1900 	1852 	1901
f 1852 	1853 	1901
f 1901 	1853 	1902
f 1853 	1854 	1902
f 1902 	1854 	1903
f 1854 	1855 	1903
f 1903 	1855 	1904
f 1855 	1856 	1904
f 1904 	1856 	1905
f 1856 	1857 	1905
f 1905 	1857 	1906
f 1857 	1858 	1906
f 1906 	1858 	1907
f 1858 	1859 	1907
f 1907 	1859 	1908
f 1859 	1860 	1908
f 1908 	1860 	1909
f 1860 	1861 	1909
f 1909 	1861 	1910
f 1861 	1862 	1910
f 1910 	1862 	1911
f 1862 	1863 	1911
f 1911 	1863 	1912
f 1863 	1864 	1912
f 1912 	1864 	1913
f 1864 	1865 	1913
f 1913 	1865 	1914
f 1865 	1866 	1914
f 1914 	1866 	1915
f 1866 	1867 	1915
f 1915 	1867 	1916
f 1867 	1868 	1916
f 1916 	1868 	1917
f 1868 	1869 	1917
f 1917 	1869 	1918
f 1869 	1870 	1918
f 1918 	1870 	1919
f 1870 	1871 	1919
f 1919 	1871 	1920
f 1871 	1872 	1920
f 1920 	1872 	1921
f 1872 	1873 	1921
f 1921 	1873 	1922
f 1873 	1874 	1922
f 1922 	1874 	1923
f 1874 	1875 	1923
f 1923 	1875 	1924
f 1875 	1876 	1924
f 1924 	1876 	1877
f 1876 	1829 	1877
f 1925 	1877 	1926
f 1877 	1878 	1926
f 1926 	1878 	1927
f 1878 	1879 	1927
f 1927 	1879 	1928
f 1879 	1880 	1928
f 1928 	1880 	1929
f 1880 	1881 	1929
f 1929 	1881 	1930
f 1881 	1882 	1930
f 1930 	1882 	1931
f 1882 	1883 	1931
f 1931 	1883 	1932
f 1883 	1884 	1932
f 1932 	1884 	1933
f 1884 	1885 	1933
f 1933 	1885 	1934
f 1885 	1886 	1934
f 1934 	1886 	1935
f 1886 	1887 	1935
f 1935 	1887 	1936
f 1887 	1888 	1936
f 1936 	1888 	1937
f 1888 	1889 	1937
f 1937 	1889 	1938
f 1889 	1890 	1938
f 1938 	1890 	1939
f 1890 	1891 	1939
f 1939 	1891 	1940
f 1891 	1892 	1940
f 1940 	1892 	1941
f 1892 	1893 	1941
f 1941 	1893 	1942
f 1893 	1894 	1942
f 1942 	1894 	1943
f 1894 	1895 	1943
f 1943 	1895 	1944
f 1895 	1896 	1944
f 1944 	1896 	1945
f 1896 	1897 	1945
f 1945 	1897 	1946
f 1897 	1898 	1946
f 1946 	1898 	1947
f 1898 	1899 	1947
f 1947 	1899 	1948
f 1899 	1900 	1948
f 1948 	1900 	1949
f 1900 	1901 	1949
f 1949 	1901 	1950
f 1901 	1902 	1950
f 1950 	1902 	1951
f 1902 	1903 	1951
f 1951 	1903 	1952
f 1903 	1904 	1952
f 1952 	1904 	1953
f 1904 	1905 	1953
f 1953 	1905 	1954
f 1905 	1906 	1954
f 1954 	1906 	1955
f 1906 	1907 	1955
f 1955 	1907 	1956
f 1907 	1908 	1956
f 1956 	1908 	1957
f 1908 	1909 	1957
f 1957 	1909 	1958
f 1909 	1910 	1958
f 1958 	1910 	1959
f 1910 	1911 	1959
f 1959 	1911 	1960
f 1911 	1912 	1960
f 1960 	1912 	1961
f 1912 	1913 	1961
f 1961 	1913 	1962
f 1913 	1914 	1962
f 1962 	1914 	1963
f 1914 	1915 	1963
f 1963 	1915 	1964
f 1915 	1916 	1964
f 1964 	1916 	1965
f 1916 	1917 	1965
f 1965 	1917 	1966
f 1917 	1918 	1966
f 1966 	1918 	1967
f 1918 	1919 	1967
f 1967 	1919 	1968
f 1919 	1920 	1968
f 1968 	1920 	1969
f 1920 	1921 	1969
f 1969 	1921 	1970
f 1921 	1922 	1970
f 1970 	1922 	1971
f 1922 	1923 	1971
f 1971 	1923 	1972
f 1923 	1924 	1972
f 1972 	1924 	1925
f 1924 	1877 	1925
f 1973 	1925 	1974
f 1925 	1926 	1974
f 1974 	1926 	1975
f 1926 	1927 	1975
f 1975 	1927 	1976
f 1927 	1928 	1976
f 1976 	1928 	1977
f 1928 	1929 	1977
f 1977 	1929 	1978
f 1929 	1930 	1978
f 1978 	1930 	1979
f 1930 	1931 	1979
f 1979 	1931 	1980
f 1931 	1932 	1980
f 1980 	1932 	1981
f 1932 	1933 	1981
f 1981 	1933 	1982
f 1933 	1934 	1982
f 1982 	1934 	1983
f 1934 	1935 	1983
f 1983 	1935 	1984
f 1935 	1936 	1984
f 1984 	1936 	1985
f 1936 	1937 	1985
f 1985 	1937 	1986
f 1937 	1938 	1986
f 1986 	1938 	1987
f 1938 	1939 	1987
f 1987 	1939 	1988
f 1939 	1940 	1988
f 1988 	1940 	1989
f 1940 	1941 	1989
f 1989 	1941 	1990
f 1941 	1942 	1990
f 1990 	1942 	1991
f 1942 	1943 	1991
f 1991 	1943 	1992
f 1943 	1944 	1992
f 1992 	1944 	1993
f 1944 	1945 	1993
f 1993 	1945 	1994
f 1945 	1946 	1994
f 1994 	1946 	1995
f 1946 	1947 	1995
f 1995 	1947 	1996
f 1947 	1948 	1996
f 1996 	1948 	1997
f 1948 	1949 	1997
f 1997 	1949 	1998
f 1949 	1950 	1998
f 1998 	1950 	1999
f 1950 	1951 	1999
f 1999 	1951 	2000
f 1951 	1952 	2000
f 2000 	1952 	2001
f 1952 	1953 	2001
f 2001 	1953 	2002
f 1953 	1954 	2002
f 2002 	1954 	2003
f 1954 	1955 	2003
f 2003 	1955 	2004
f 1955 	1956 	2004
f 2004 	1956 	2005
f 1956 	1957 	2005
f 2005 	1957 	2006
f 1957 	1958 	2006
f 2006 	1958 	2007
f 1958 	1959 	2007
f 2007 	1959 	2008
f 1959 	1960 	2008
f 2008 	1960 	2009
f 1960 	1961 	2009
f 2009 	1961 	2010
f 1961 	1962 	2010
f 2010 	1962 	2011
f 1962 	1963 	2011
f 2011 	1963 	2012
f 1963 	1964 	2012
f 2012 	1964 	2013
f 1964 	1965 	2013
f 2013 	1965 	2014
f 1965 	1966 	2014
f 2014 	1966 	2015
f 1966 	1967 	2015
f 2015 	1967 	2016
f 1967 	1968 	2016
f 2016 	1968 	2017
f 1968 	1969 	2017
f 2017 	1969 	2018
f 1969 	1970 	2018
f 2018 	1970 	2019
f 1970 	1971 	2019
f 2019 	1971 	2020
f 1971 	1972 	2020
f 2020 	1972 	1973
f 1972 	1925 	1973
f 2021 	1973 	2022
f 1973 	1974 	2022
f 2022 	1974 	2023
f 1974 	1975 	2023
f 2023 	1975 	2024
f 1975 	1976 	2024
f 2024 	1976 	2025
f 1976 	1977 	2025
f 2025 	1977 	2026
f 1977 	1978 	2026
f 2026 	1978 	2027
f 1978 	1979 	2027
f 2027 	1979 	2028
f 1979 	1980 	2028
f 2028 	1980 	2029
f 1980 	1981 	2029
f 2029 	1981 	2030
f 1981 	1982 	2030
f 2030 	1982 	2031
f 1982 	1983 	2031
f 2031 	1983 	2032
f 1983 	1984 	2032
f 2032 	1984 	2033
f 1984 	1985 	2033
f 2033 	1985 	2034
f 1985 	1986 	2034
f 2034 	1986 	2035
f 1986 	1987 	2035
f 2035 	1987 	2036
f 1987 	1988 	2036
f 2036 	1988 	2037
f 1988 	1989 	2037
f 2037 	1989 	2038
f 1989 	1990 	2038
f 2038 	1990 	2039
f 1990 	1991 	2039
f 2039 	1991 	2040
f 1991 	1992 	2040
f 2040 	1992 	2041
f 1992 	1993 	2041
f 2041 	1993 	2042
f 1993 	1994 	2042
f 2042 	1994 	2043
f 1994 	1995 	2043
f 2043 	1995 	2044
f 1995 	1996 	2044
f 2044 	1996 	2045
f 1996 	1997 	2045
f 2045 	1997 	2046
f 1997 	1998 	2046
f 2046 	1998 	2047
f 1998 	1999 	2047
f 2047 	1999 	2048
f 1999 	2000 	2048
f 2048 	2000 	2049
f 2000 	2001 	2049
f 2049 	2001 	2050
f 2001 	2002 	2050
f 2050 	2002 	2051
f 2002 	2003 	2051
f 2051 	2003 	2052
f 2003 	2004 	2052
f 2052 	2004 	2053
f 2004 	2005 	2053
f 2053 	2005 	2054
f 2005 	2006 	2054
f 2054 	2006 	2055
f 2006 	2007 	2055
f 2055 	2007 	2056
f 2007 	2008 	2056
f 2056 	2008 	2057
f 2008 	2009 	2057
f 2057 	2009 	2058
f 2009 	2010 	2058
f 2058 	2010 	2059
f 2010 	2011 	2059
f 2059 	2011 	2060
f 2011 	2012 	2060
f 2060 	2012 	2061
f 2012 	2013 	2061
f 2061 	2013 	2062
f 2013 	2014 	2062
f 2062 	2014 	2063
f 2014 	2015 	2063
f 2063 	2015 	2064
f 2015 	2016 	2064
f 2064 	2016 	2065
f 2016 	2017 	2065
f 2065 	2017 	2066
f 2017 	2018 	2066
f 2066 	2018 	2067
f 2018 	2019 	2067
f 2067 	2019 	2068
f 2019 	2020 	2068
f 2068 	2020 	2021
f 2020 	1973 	2021
f 2069 	2021 	2070
f 2021 	2022 	2070
f 2070 	2022 	2071
f 2022 	2023 	2071
f 2071 	2023 	2072
f 2023 	2024 	2072
f 2072 	2024 	2073
f 2024 	2025 	2073
f 2073 	2025 	2074
f 2025 	2026 	2074
f 2074 	2026 	2075
f 2026 	2027 	2075
f 2075 	2027 	2076
f 2027 	2028 	2076
f 2076 	2028 	2077
f 2028 	2029 	2077
f 2077 	2029 	2078
f 2029 	2030 	2078
f 2078 	2030 	2079
f 2030 	2031 	2079
f 2079 	2031 	2080
f 2031 	2032 	2080
f 2080 	2032 	2081
f 2032 	2033 	2081
f 2081 	2033 	2082
f 2033 	2034 	2082
f 2082 	2034 	2083
f 2034 	2035 	2083
f 2083 	2035 	2084
f 2035 	2036 	2084
f 2084 	2036 	2085
f 2036 	2037 	2085
f 2085 	2037 	2086
f 2037 	2038 	2086
f 2086 	2038 	2087
f 2038 	2039 	2087
f 2087 	2039 	2088
f 2039 	2040 	2088
f 2088 	2040 	2089
f 2040 	2041 	2089
f 2089 	2041 	2090
f 2041 	2042 	2090
f 2090 	2042 	2091
f 2042 	2043 	2091
f 2091 	2043 	2092
f 2043 	2044 	2092
f 2092 	2044 	2093
f 2044 	2045 	2093
f 2093 	2045 	2094
f 2045 	2046 	2094
f 2094 	2046 	2095
f 2046 	2047 	2095
f 2095 	2047 	2096
f 2047 	2048 	2096
f 2096 	2048 	2097
f 2048 	2049 	2097
f 2097 	2049 	2098
f 2049 	2050 	2098
f 2098 	2050 	2099
f 2050 	2051 	2099
f 2099 	2051 	2100
f 2051 	2052 	2100
f 2100 	2052 	2101
f 2052 	2053 	2101
f 2101 	2053 	2102
f 2053 	2054 	2102
f 2102 	2054 	2103
f 2054 	2055 	2103
f 2103 	2055 	2104
f 2055 	2056 	2104
f 2104 	2056 	2105
f 2056 	2057 	2105
f 2105 	2057 	2106
f 2057 	2058 	2106
f 2106 	2058 	2107
f 2058 	2059 	2107
f 2107 	2059 	2108
f 2059 	2060 	2108
f 2108 	2060 	2109
f 2060 	2061 	2109
f 2109 	2061 	2110
f 2061 	2062 	2110
f 2110 	2062 	2111
f 2062 	2063 	2111
f 2111 	2063 	2112
f 2063 	2064 	2112
f 2112 	2064 	2113
f 2064 	2065 	2113
f 2113 	2065 	2114
f 2065 	2066 	2114
f 2114 	2066 	2115
f 2066 	2067 	2115
f 2115 	2067 	2116
f 2067 	2068 	2116
f 2116 	2068 	2069
f 2068 	2021 	2069
f 2117 	2069 	2118
f 2069 	2070 	2118
f 2118 	2070 	2119
f 2070 	2071 	2119
f 2119 	2071 	2120
f 2071 	2072 	2120
f 2120 	2072 	2121
f 2072 	2073 	2121
f 2121 	2073 	2122
f 2073 	2074 	2122
f 2122 	2074 	2123
f 2074 	2075 	2123
f 2123 	2075 	2124
f 2075 	2076 	2124
f 2124 	2076 	2125
f 2076 	2077 	2125
f 2125 	2077 	2126
f 2077 	2078 	2126
f 2126 	2078 	2127
f 2078 	2079 	2127
f 2127 	2079 	2128
f 2079 	2080 	2128
f 2128 	2080 	2129
f 2080 	2081 	2129
f 2129 	2081 	2130
f 2081 	2082 	2130
f 2130 	2082 	2131
f 2082 	2083 	2131
f 2131 	2083 	2132
f 2083 	2084 	2132
f 2132 	2084 	2133
f 2084 	2085 	2133
f 2133 	2085 	2134
f 2085 	2086 	2134
f 2134 	2086 	2135
f 2086 	2087 	2135
f 2135 	2087 	2136
f 2087 	2088 	2136
f 2136 	2088 	2137
f 2088 	2089 	2137
f 2137 	2089 	2138
f 2089 	2090 	2138
f 2138 	2090 	2139
f 2090 	2091 	2139
f 2139 	2091 	2140
f 2091 	2092 	2140
f 2140 	2092 	2141
f 2092 	2093 	2141
f 2141 	2093 	2142
f 2093 	2094 	2142
f 2142 	2094 	2143
f 2094 	2095 	2143
f 2143 	2095 	2144
f 2095 	2096 	2144
f 2144 	2096 	2145
f 2096 	2097 	2145
f 2145 	2097 	2146
f 2097 	2098 	2146
f 2146 	2098 	2147
f 2098 	2099 	2147
f 2147 	2099 	2148
f 2099 	2100 	2148
f 2148 	2100 	2149
f 2100 	2101 	2149
f 2149 	2101 	2150
f 2101 	2102 	2150
f 2150 	2102 	2151
f 2102 	2103 	2151
f 2151 	2103 	2152
f 2103 	2104 	2152
f 2152 	2104 	2153
f 2104 	2105 	2153
f 2153 	2105 	2154
f 2105 	2106 	2154
f 2154 	2106 	2155
f 2106 	2107 	2155
f 2155 	2107 	2156
f 2107 	2108 	2156
f 2156 	2108 	2157
f 2108 	2109 	2157
f 2157 	2109 	2158
f 2109 	2110 	2158
f 2158 	2110 	2159
f 2110 	2111 	2159
f 2159 	2111 	2160
f 2111 	2112 	2160
f 2160 	2112 	2161
f 2112 	2113 	2161
f 2161 	2113 	2162
f 2113 	2114 	2162
f 2162 	2114 	2163
f 2114 	2115 	2163
f 2163 	2115 	2164
f 2115 	2116 	2164
f 2164 	2116 	2117
f 2116 	2069 	2117
f 2165 	2117 	2166
f 2117 	2118 	2166
f 2166 	2118 	2167
f 2118 	2119 	2167
f 2167 	2119 	2168
f 2119 	2120 	2168
f 2168 	2120 	2169
f 2120 	2121 	2169
f 2169 	2121 	2170
f 2121 	2122 	2170
f 2170 	2122 	2171
f 2122 	2123 	2171
f 2171 	2123 	2172
f 2123 	2124 	2172
f 2172 	2124 	2173
f 2124 	2125 	2173
f 2173 	2125 	2174
f 2125 	2126 	2174
f 2174 	2126 	2175
f 2126 	2127 	2175
f 2175 	2127 	2176
f 2127 	2128 	2176
f 2176 	2128 	2177
f 2128 	2129 	2177
f 2177 	2129 	2178
f 2129 	2130 	2178
f 2178 	2130 	2179
f 2130 	2131 	2179
f 2179 	2131 	2180
f 2131 	2132 	2180
f 2180 	2132 	2181
f 2132 	2133 	2181
f 2181 	2133 	2182
f 2133 	2134 	2182
f 2182 	2134 	2183
f 2134 	2135 	2183
f 2183 	2135 	2184
f 2135 	2136 	2184
f 2184 	2136 	2185
f 2136 	2137 	2185
f 2185 	2137 	2186
f 2137 	2138 	2186
f 2186 	2138 	2187
f 2138 	2139 	2187
f 2187 	2139 	2188
f 2139 	2140 	2188
f 2188 	2140 	2189
f 2140 	2141 	2189
f 2189 	2141 	2190
f 2141 	2142 	2190
f 2190 	2142 	2191
f 2142 	2143 	2191
f 2191 	2143 	2192
f 2143 	2144 	2192
f 2192 	2144 	2193
f 2144 	2145 	2193
f 2193 	2145 	2194
f 2145 	2146 	2194
f 2194 	2146 	2195
f 2146 	2147 	2195
f 2195 	2147 	2196
f 2147 	2148 	2196
f 2196 	2148 	2197
f 2148 	2149 	2197
f 2197 	2149 	2198
f 2149 	2150 	2198
f 2198 	2150 	2199
f 2150 	2151 	2199
f 2199 	2151 	2200
f 2151 	2152 	2200
f 2200 	2152 	2201
f 2152 	2153 	2201
f 2201 	2153 	2202
f 2153 	2154 	2202
f 2202 	2154 	2203
f 2154 	2155 	2203
f 2203 	2155 	2204
f 2155 	2156 	2204
f 2204 	2156 	2205
f 2156 	2157 	2205
f 2205 	2157 	2206
f 2157 	2158 	2206
f 2206 	2158 	2207
f 2158 	2159 	2207
f 2207 	2159 	2208
f 2159 	2160 	2208
f 2208 	2160 	2209
f 2160 	2161 	2209
f 2209 	2161 	2210
f 2161 	2162 	2210
f 2210 	2162 	2211
f 2162 	2163 	2211
f 2211 	2163 	2212
f 2163 	2164 	2212
f 2212 	2164 	2165
f 2164 	2117 	2165
f 2213 	2165 	2214
f 2165 	2166 	2214
f 2214 	2166 	2215
f 2166 	2167 	2215
f 2215 	2167 	2216
f 2167 	2168 	2216
f 2216 	2168 	2217
f 2168 	2169 	2217
f 2217 	2169 	2218
f 2169 	2170 	2218
f 2218 	2170 	2219
f 2170 	2171 	2219
f 2219 	2171 	2220
f 2171 	2172 	2220
f 2220 	2172 	2221
f 2172 	2173 	2221
f 2221 	2173 	2222
f 2173 	2174 	2222
f 2222 	2174 	2223
f 2174 	2175 	2223
f 2223 	2175 	2224
f 2175 	2176 	2224
f 2224 	2176 	2225
f 2176 	2177 	2225
f 2225 	2177 	2226
f 2177 	2178 	2226
f 2226 	2178 	2227
f 2178 	2179 	2227
f 2227 	2179 	2228
f 2179 	2180 	2228
f 2228 	2180 	2229
f 2180 	2181 	2229
f 2229 	2181 	2230
f 2181 	2182 	2230
f 2230 	2182 	2231
f 2182 	2183 	2231
f 2231 	2183 	2232
f 2183 	2184 	2232
f 2232 	2184 	2233
f 2184 	2185 	2233
f 2233 	2185 	2234
f 2185 	2186 	2234
f 2234 	2186 	2235
f 2186 	2187 	2235
f 2235 	2187 	2236
f 2187 	2188 	2236
f 2236 	2188 	2237
f 2188 	2189 	2237
f 2237 	2189 	2238
f 2189 	2190 	2238
f 2238 	2190 	2239
f 2190 	2191 	2239
f 2239 	2191 	2240
f 2191 	2192 	2240
f 2240 	2192 	2241
f 2192 	2193 	2241
f 2241 	2193 	2242
f 2193 	2194 	2242
f 2242 	2194 	2243
f 2194 	2195 	2243
f 2243 	2195 	2244
f 2195 	2196 	2244
f 2244 	2196 	2245
f 2196 	2197 	2245
f 2245 	2197 	2246
f 2197 	2198 	2246
f 2246 	2198 	2247
f 2198 	2199 	2247
f 2247 	2199 	2248
f 2199 	2200 	2248
f 2248 	2200 	2249
f 2200 	2201 	2249
f 2249 	2201 	2250
f 2201 	2202 	2250
f 2250 	2202 	2251
f 2202 	2203 	2251
f 2251 	2203 	2252
f 2203 	2204 	2252
f 2252 	2204 	2253
f 2204 	2205 	2253
f 2253 	2205 	2254
f 2205 	2206 	2254
f 2254 	2206 	2255
f 2206 	2207 	2255
f 2255 	2207 	2256
f 2207 	2208 	2256
f 2256 	2208 	2257
f 2208 	2209 	2257
f 2257 	2209 	2258
f 2209 	2210 	2258
f 2258 	2210 	2259
f 2210 	2211 	2259
f 2259 	2211 	2260
f 2211 	2212 	2260
f 2260 	2212 	2213
f 2212 	2165 	2213
f 2261 	2213 	2262
f 2213 	2214 	2262
f 2262 	2214 	2263
f 2214 	2215 	2263
f 2263 	2215 	2264
f 2215 	2216 	2264
f 2264 	2216 	2265
f 2216 	2217 	2265
f 2265 	2217 	2266
f 2217 	2218 	2266
f 2266 	2218 	2267
f 2218 	2219 	2267
f 2267 	2219 	2268
f 2219 	2220 	2268
f 2268 	2220 	2269
f 2220 	2221 	2269
f 2269 	2221 	2270
f 2221 	2222 	2270
f 2270 	2222 	2271
f 2222 	2223 	2271
f 2271 	2223 	2272
f 2223 	2224 	2272
f 2272 	2224 	2273
f 2224 	2225 	2273
f 2273 	2225 	2274
f 2225 	2226 	2274
f 2274 	2226 	2275
f 2226 	2227 	2275
f 2275 	2227 	2276
f 2227 	2228 	2276
f 2276 	2228 	2277
f 2228 	2229 	2277
f 2277 	2229 	2278
f 2229 	2230 	2278
f 2278 	2230 	2279
f 2230 	2231 	2279
f 2279 	2231 	2280
f 2231 	2232 	2280
f 2280 	2232 	2281
f 2232 	2233 	2281
f 2281 	2233 	2282
f 2233 	2234 	2282
f 2282 	2234 	2283
f 2234 	2235 	2283
f 2283 	2235 	2284
f 2235 	2236 	2284
f 2284 	2236 	2285
f 2236 	2237 	2285
f 2285 	2237 	2286
f 2237 	2238 	2286
f 2286 	2238 	2287
f 2238 	2239 	2287
f 2287 	2239 	2288
f 2239 	2240 	2288
f 2288 	2240 	2289
f 2240 	2241 	2289
f 2289 	2241 	2290
f 2241 	2242 	2290
f 2290 	2242 	2291
f 2242 	2243 	2291
f 2291 	2243 	2292
f 2243 	2244 	2292
f 2292 	2244 	2293
f 2244 	2245 	2293
f 2293 	2245 	2294
f 2245 	2246 	2294
f 2294 	2246 	2295
f 2246 	2247 	2295
f 2295 	2247 	2296
f 2247 	2248 	2296
f 2296 	2248 	2297
f 2248 	2249 	2297
f 2297 	2249 	2298
f 2249 	2250 	2298
f 2298 	2250 	2299
f 2250 	2251 	2299
f 2299 	2251 	2300
f 2251 	2252 	2300
f 2300 	2252 	2301
f 2252 	2253 	2301
f 2301 	2253 	2302
f 2253 	2254 	2302
f 2302 	2254 	2303
f 2254 	2255 	2303
f 2303 	2255 	2304
f 2255 	2256 	2304
f 2304 	2256 	2305
f 2256 	2257 	2305
f 2305 	2257 	2306
f 2257 	2258 	2306
f 2306 	2258 	2307
f 2258 	2259 	2307
f 2307 	2259 	2308
f 2259 	2260 	2308
f 2308 	2260 	2261
f 2260 	2213 	2261
f 2309 	2261 	2310
f 2261 	2262 	2310
f 2310 	2262 	2311
f 2262 	2263 	2311
f 2311 	2263 	2312
f 2263 	2264 	2312
f 2312 	2264 	2313
f 2264 	2265 	2313
f 2313 	2265 	2314
f 2265 	2266 	2314
f 2314 	2266 	2315
f 2266 	2267 	2315
f 2315 	2267 	2316
f 2267 	2268 	2316
f 2316 	2268 	2317
f 2268 	2269 	2317
f 2317 	2269 	2318
f 2269 	2270 	2318
f 2318 	2270 	2319
f 2270 	2271 	2319
f 2319 	2271 	2320
f 2271 	2272 	2320
f 2320 	2272 	2321
f 2272 	2273 	2321
f 2321 	2273 	2322
f 2273 	2274 	2322
f 2322 	2274 	2323
f 2274 	2275 	2323
f 2323 	2275 	2324
f 2275 	2276 	2324
f 2324 	2276 	2325
f 2276 	2277 	2325
f 2325 	2277 	2326
f 2277 	2278 	2326
f 2326 	2278 	2327
f 2278 	2279 	2327
f 2327 	2279 	2328
f 2279 	2280 	2328
f 2328 	2280 	2329
f 2280 	2281 	2329
f 2329 	2281 	2330
f 2281 	2282 	2330
f 2330 	2282 	2331
f 2282 	2283 	2331
f 2331 	2283 	2332
f 2283 	2284 	2332
f 2332 	2284 	2333
f 2284 	2285 	2333
f 2333 	2285 	2334
f 2285 	2286 	2334
f 2334 	2286 	2335
f 2286 	2287 	2335
f 2335 	2287 	2336
f 2287 	2288 	2336
f 2336 	2288 	2337
f 2288 	2289 	2337
f 2337 	2289 	2338
f 2289 	2290 	2338
f 2338 	2290 	2339
f 2290 	2291 	2339
f 2339 	2291 	2340
f 2291 	2292 	2340
f 2340 	2292 	2341
f 2292 	2293 	2341
f 2341 	2293 	2342
f 2293 	2294 	2342
f 2342 	2294 	2343
f 2294 	2295 	2343
f 2343 	2295 	2344
f 2295 	2296 	2344
f 2344 	2296 	2345
f 2296 	2297 	2345
f 2345 	2297 	2346
f 2297 	2298 	2346
f 2346 	2298 	2347
f 2298 	2299 	2347
f 2347 	2299 	2348
f 2299 	2300 	2348
f 2348 	2300 	2349
f 2300 	2301 	2349
f 2349 	2301 	2350
f 2301 	2302 	2350
f 2350 	2302 	2351
f 2302 	2303 	2351
f 2351 	2303 	2352
f 2303 	2304 	2352
f 2352 	2304 	2353
f 2304 	2305 	2353
f 2353 	2305 	2354
f 2305 	2306 	2354
f 2354 	2306 	2355
f 2306 	2307 	2355
f 2355 	2307 	2356
f 2307 	2308 	2356
f 2356 	2308 	2309
f 2308 	2261 	2309
f 2357 	2309 	2358
f 2309 	2310 	2358
f 2358 	2310 	2359
f 2310 	2311 	2359
f 2359 	2311 	2360
f 2311 	2312 	2360
f 2360 	2312 	2361
f 2312 	2313 	2361
f 2361 	2313 	2362
f 2313 	2314 	2362
f 2362 	2314 	2363
f 2314 	2315 	2363
f 2363 	2315 	2364
f 2315 	2316 	2364
f 2364 	2316 	2365
f 2316 	2317 	2365
f 2365 	2317 	2366
f 2317 	2318 	2366
f 2366 	2318 	2367
f 2318 	2319 	2367
f 2367 	2319 	2368
f 2319 	2320 	2368
f 2368 	2320 	2369
f 2320 	2321 	2369
f 2369 	2321 	2370
f 2321 	2322 	2370
f 2370 	2322 	2371
f 2322 	2323 	2371
f 2371 	2323 	2372
f 2323 	2324 	2372
f 2372 	2324 	2373
f 2324 	2325 	2373
f 2373 	2325 	2374
f 2325 	2326 	2374
f 2374 	2326 	2375
f 2326 	2327 	2375
f 2375 	2327 	2376
f 2327 	2328 	2376
f 2376 	2328 	2377
f 2328 	2329 	2377
f 2377 	2329 	2378
f 2329 	2330 	2378
f 2378 	2330 	2379
f 2330 	2331 	2379
f 2379 	2331 	2380
f 2331 	2332 	2380
f 2380 	2332 	2381
f 2332 	2333 	2381
f 2381 	2333 	2382
f 2333 	2334 	2382
f 2382 	2334 	2383
f 2334 	2335 	2383
f 2383 	2335 	2384
f 2335 	2336 	2384
f 2384 	2336 	2385
f 2336 	2337 	2385
f 2385 	2337 	2386
f 2337 	2338 	2386
f 2386 	2338 	2387
f 2338 	2339 	2387
f 2387 	2339 	2388
f 2339 	2340 	2388
f 2388 	2340 	2389
f 2340 	2341 	2389
f 2389 	2341 	2390
f 2341 	2342 	2390
f 2390 	2342 	2391
f 2342 	2343 	2391
f 2391 	2343 	2392
f 2343 	2344 	2392
f 2392 	2344 	2393
f 2344 	2345 	2393
f 2393 	2345 	2394
f 2345 	2346 	2394
f 2394 	2346 	2395
f 2346 	2347 	2395
f 2395 	2347 	2396
f 2347 	2348 	2396
f 2396 	2348 	2397
f 2348 	2349 	2397
f 2397 	2349 	2398
f 2349 	2350 	2398
f 2398 	2350 	2399
f 2350 	2351 	2399
f 2399 	2351 	2400
f 2351 	2352 	2400
f 2400 	2352 	2401
f 2352 	2353 	2401
f 2401 	2353 	2402
f 2353 	2354 	2402
f 2402 	2354 	2403
f 2354 	2355 	2403
f 2403 	2355 	2404
f 2355 	2356 	2404
f 2404 	2356 	2357
f 2356 	2309 	2357
f 2405 	2357 	2406
f 2357 	2358 	2406
f 2406 	2358 	2407
f 2358 	2359 	2407
f 2407 	2359 	2408
f 2359 	2360 	2408
f 2408 	2360 	2409
f 2360 	2361 	2409
f 2409 	2361 	2410
f 2361 	2362 	2410
f 2410 	2362 	2411
f 2362 	2363 	2411
f 2411 	2363 	2412
f 2363 	2364 	2412
f 2412 	2364 	2413
f 2364 	2365 	2413
f 2413 	2365 	2414
f 2365 	2366 	2414
f 2414 	2366 	2415
f 2366 	2367 	2415
f 2415 	2367 	2416
f 2367 	2368 	2416
f 2416 	2368 	2417
f 2368 	2369 	2417
f 2417 	2369 	2418
f 2369 	2370 	2418
f 2418 	2370 	2419
f 2370 	2371 	2419
f 2419 	2371 	2420
f 2371 	2372 	2420
f 2420 	2372 	2421
f 2372 	2373 	2421
f 2421 	2373 	2422
f 2373 	2374 	2422
f 2422 	2374 	2423
f 2374 	2375 	2423
f 2423 	2375 	2424
f 2375 	2376 	2424
f 2424 	2376 	2425
f 2376 	2377 	2425
f 2425 	2377 	2426
f 2377 	2378 	2426
f 2426 	2378 	2427
f 2378 	2379 	2427
f 2427 	2379 	2428
f 2379 	2380 	2428
f 2428 	2380 	2429
f 2380 	2381 	2429
f 2429 	2381 	2430
f 2381 	2382 	2430
f 2430 	2382 	2431
f 2382 	2383 	2431
f 2431 	2383 	2432
f 2383 	2384 	2432
f 2432 	2384 	2433
f 2384 	2385 	2433
f 2433 	2385 	2434
f 2385 	2386 	2434
f 2434 	2386 	2435
f 2386 	2387 	2435
f 2435 	2387 	2436
f 2387 	2388 	2436
f 2436 	2388 	2437
f 2388 	2389 	2437
f 2437 	2389 	2438
f 2389 	2390 	2438
f 2438 	2390 	2439
f 2390 	2391 	2439
f 2439 	2391 	2440
f 2391 	2392 	2440
f 2440 	2392 	2441
f 2392 	2393 	2441
f 2441 	2393 	2442
f 2393 	2394 	2442
f 2442 	2394 	2443
f 2394 	2395 	2443
f 2443 	2395 	2444
f 2395 	2396 	2444
f 2444 	2396 	2445
f 2396 	2397 	2445
f 2445 	2397 	2446
f 2397 	2398 	2446
f 2446 	2398 	2447
f 2398 	2399 	2447
f 2447 	2399 	2448
f 2399 	2400 	2448
f 2448 	2400 	2449
f 2400 	2401 	2449
f 2449 	2401 	2450
f 2401 	2402 	2450
f 2450 	2402 	2451
f 2402 	2403 	2451
f 2451 	2403 	2452
f 2403 	2404 	2452
f 2452 	2404 	2405
f 2404 	2357 	2405
f 2453 	2405 	2454
f 2405 	2406 	2454
f 2454 	2406 	2455
f 2406 	2407 	2455
f 2455 	2407 	2456
f 2407 	2408 	2456
f 2456 	2408 	2457
f 2408 	2409 	2457
f 2457 	2409 	2458
f 2409 	2410 	2458
f 2458 	2410 	2459
f 2410 	2411 	2459
f 2459 	2411 	2460
f 2411 	2412 	2460
f 2460 	2412 	2461
f 2412 	2413 	2461
f 2461 	2413 	2462
f 2413 	2414 	2462
f 2462 	2414 	2463
f 2414 	2415 	2463
f 2463 	2415 	2464
f 2415 	2416 	2464
f 2464 	2416 	2465
f 2416 	2417 	2465
f 2465 	2417 	2466
f 2417 	2418 	2466
f 2466 	2418 	2467
f 2418 	2419 	2467
f 2467 	2419 	2468
f 2419 	2420 	2468
f 2468 	2420 	2469
f 2420 	2421 	2469
f 2469 	2421 	2470
f 2421 	2422 	2470
f 2470 	2422 	2471
f 2422 	2423 	2471
f 2471 	2423 	2472
f 2423 	2424 	2472
f 2472 	2424 	2473
f 2424 	2425 	2473
f 2473 	2425 	2474
f 2425 	2426 	2474
f 2474 	2426 	2475
f 2426 	2427 	2475
f 2475 	2427 	2476
f 2427 	2428 	2476
f 2476 	2428 	2477
f 2428 	2429 	2477
f 2477 	2429 	2478
f 2429 	2430 	2478
f 2478 	2430 	2479
f 2430 	2431 	2479
f 2479 	2431 	2480
f 2431 	2432 	2480
f 2480 	2432 	2481
f 2432 	2433 	2481
f 2481 	2433 	2482
f 2433 	2434 	2482
f 2482 	2434 	2483
f 2434 	2435 	2483
f 2483 	2435 	2484
f 2435 	2436 	2484
f 2484 	2436 	2485
f 2436 	2437 	2485
f 2485 	2437 	2486
f 2437 	2438 	2486
f 2486 	2438 	2487
f 2438 	2439 	2487
f 2487 	2439 	2488
f 2439 	2440 	2488
f 2488 	2440 	2489
f 2440 	2441 	2489
f 2489 	2441 	2490
f 2441 	2442 	2490
f 2490 	2442 	2491
f 2442 	2443 	2491
f 2491 	2443 	2492
f 2443 	2444 	2492
f 2492 	2444 	2493
f 2444 	2445 	2493
f 2493 	2445 	2494
f 2445 	2446 	2494
f 2494 	2446 	2495
f 2446 	2447 	2495
f 2495 	2447 	2496
f 2447 	2448 	2496
f 2496 	2448 	2497
f 2448 	2449 	2497
f 2497 	2449 	2498
f 2449 	2450 	2498
f 2498 	2450 	2499
f 2450 	2451 	2499
f 2499 	2451 	2500
f 2451 	2452 	2500
f 2500 	2452 	2453
f 2452 	2405 	2453
f 2501 	2453 	2502
f 2453 	2454 	2502
f 2502 	2454 	2503
f 2454 	2455 	2503
f 2503 	2455 	2504
f 2455 	2456 	2504
f 2504 	2456 	2505
f 2456 	2457 	2505
f 2505 	2457 	2506
f 2457 	2458 	2506
f 2506 	2458 	2507
f 2458 	2459 	2507
f 2507 	2459 	2508
f 2459 	2460 	2508
f 2508 	2460 	2509
f 2460 	2461 	2509
f 2509 	2461 	2510
f 2461 	2462 	2510
f 2510 	2462 	2511
f 2462 	2463 	2511
f 2511 	2463 	2512
f 2463 	2464 	2512
f 2512 	2464 	2513
f 2464 	2465 	2513
f 2513 	2465 	2514
f 2465 	2466 	2514
f 2514 	2466 	2515
f 2466 	2467 	2515
f 2515 	2467 	2516
f 2467 	2468 	2516
f 2516 	2468 	2517
f 2468 	2469 	2517
f 2517 	2469 	2518
f 2469 	2470 	2518
f 2518 	2470 	2519
f 2470 	2471 	2519
f 2519 	2471 	2520
f 2471 	2472 	2520
f 2520 	2472 	2521
f 2472 	2473 	2521
f 2521 	2473 	2522
f 2473 	2474 	2522
f 2522 	2474 	2523
f 2474 	2475 	2523
f 2523 	2475 	2524
f 2475 	2476 	2524
f 2524 	2476 	2525
f 2476 	2477 	2525
f 2525 	2477 	2526
f 2477 	2478 	2526
f 2526 	2478 	2527
f 2478 	2479 	2527
f 2527 	2479 	2528
f 2479 	2480 	2528
f 2528 	2480 	2529
f 2480 	2481 	2529
f 2529 	2481 	2530
f 2481 	2482 	2530
f 2530 	2482 	2531
f 2482 	2483 	2531
f 2531 	2483 	2532
f 2483 	2484 	2532
f 2532 	2484 	2533
f 2484 	2485 	2533
f 2533 	2485 	2534
f 2485 	2486 	2534
f 2534 	2486 	2535
f 2486 	2487 	2535
f 2535 	2487 	2536
f 2487 	2488 	2536
f 2536 	2488 	2537
f 2488 	2489 	2537
f 2537 	2489 	2538
f 2489 	2490 	2538
f 2538 	2490 	2539
f 2490 	2491 	2539
f 2539 	2491 	2540
f 2491 	2492 	2540
f 2540 	2492 	2541
f 2492 	2493 	2541
f 2541 	2493 	2542
f 2493 	2494 	2542
f 2542 	2494 	2543
f 2494 	2495 	2543
f 2543 	2495 	2544
f 2495 	2496 	2544
f 2544 	2496 	2545
f 2496 	2497 	2545
f 2545 	2497 	2546
f 2497 	2498 	2546
f 2546 	2498 	2547
f 2498 	2499 	2547
f 2547 	2499 	2548
f 2499 	2500 	2548
f 2548 	2500 	2501
f 2500 	2453 	2501
f 2549 	2501 	2550
f 2501 	2502 	2550
f 2550 	2502 	2551
f 2502 	2503 	2551
f 2551 	2503 	2552
f 2503 	2504 	2552
f 2552 	2504 	2553
f 2504 	2505 	2553
f 2553 	2505 	2554
f 2505 	2506 	2554
f 2554 	2506 	2555
f 2506 	2507 	2555
f 2555 	2507 	2556
f 2507 	2508 	2556
f 2556 	2508 	2557
f 2508 	2509 	2557
f 2557 	2509 	2558
f 2509 	2510 	2558
f 2558 	2510 	2559
f 2510 	2511 	2559
f 2559 	2511 	2560
f 2511 	2512 	2560
f 2560 	2512 	2561
f 2512 	2513 	2561
f 2561 	2513 	2562
f 2513 	2514 	2562
f 2562 	2514 	2563
f 2514 	2515 	2563
f 2563 	2515 	2564
f 2515 	2516 	2564
f 2564 	2516 	2565
f 2516 	2517 	2565
f 2565 	2517 	2566
f 2517 	2518 	2566
f 2566 	2518 	2567
f 2518 	2519 	2567
f 2567 	2519 	2568
f 2519 	2520 	2568
f 2568 	2520 	2569
f 2520 	2521 	2569
f 2569 	2521 	2570
f 2521 	2522 	2570
f 2570 	2522 	2571
f 2522 	2523 	2571
f 2571 	2523 	2572
f 2523 	2524 	2572
f 2572 	2524 	2573
f 2524 	2525 	2573
f 2573 	2525 	2574
f 2525 	2526 	2574
f 2574 	2526 	2575
f 2526 	2527 	2575
f 2575 	2527 	2576
f 2527 	2528 	2576
f 2576 	2528 	2577
f 2528 	2529 	2577
f 2577 	2529 	2578
f 2529 	2530 	2578
f 2578 	2530 	2579
f 2530 	2531 	2579
f 2579 	2531 	2580
f 2531 	2532 	2580
f 2580 	2532 	2581
f 2532 	2533 	2581
f 2581 	2533 	2582
f 2533 	2534 	2582
f 2582 	2534 	2583
f 2534 	2535 	2583
f 2583 	2535 	2584
f 2535 	2536 	2584
f 2584 	2536 	2585
f 2536 	2537 	2585
f 2585 	2537 	2586
f 2537 	2538 	2586
f 2586 	2538 	2587
f 2538 	2539 	2587
f 2587 	2539 	2588
f 2539 	2540 	2588
f 2588 	2540 	2589
f 2540 	2541 	2589
f 2589 	2541 	2590
f 2541 	2542 	2590
f 2590 	2542 	2591
f 2542 	2543 	2591
f 2591 	2543 	2592
f 2543 	2544 	2592
f 2592 	2544 	2593
f 2544 	2545 	2593
f 2593 	2545 	2594
f 2545 	2546 	2594
f 2594 	2546 	2595
f 2546 	2547 	2595
f 2595 	2547 	2596
f 2547 	2548 	2596
f 2596 	2548 	2549
f 2548 	2501 	2549
f 2597 	2549 	2598
f 2549 	2550 	2598
f 2598 	2550 	2599
f 2550 	2551 	2599
f 2599 	2551 	2600
f 2551 	2552 	2600
f 2600 	2552 	2601
f 2552 	2553 	2601
f 2601 	2553 	2602
f 2553 	2554 	2602
f 2602 	2554 	2603
f 2554 	2555 	2603
f 2603 	2555 	2604
f 2555 	2556 	2604
f 2604 	2556 	2605
f 2556 	2557 	2605
f 2605 	2557 	2606
f 2557 	2558 	2606
f 2606 	2558 	2607
f 2558 	2559 	2607
f 2607 	2559 	2608
f 2559 	2560 	2608
f 2608 	2560 	2609
f 2560 	2561 	2609
f 2609 	2561 	2610
f 2561 	2562 	2610
f 2610 	2562 	2611
f 2562 	2563 	2611
f 2611 	2563 	2612
f 2563 	2564 	2612
f 2612 	2564 	2613
f 2564 	2565 	2613
f 2613 	2565 	2614
f 2565 	2566 	2614
f 2614 	2566 	2615
f 2566 	2567 	2615
f 2615 	2567 	2616
f 2567 	2568 	2616
f 2616 	2568 	2617
f 2568 	2569 	2617
f 2617 	2569 	2618
f 2569 	2570 	2618
f 2618 	2570 	2619
f 2570 	2571 	2619
f 2619 	2571 	2620
f 2571 	2572 	2620
f 2620 	2572 	2621
f 2572 	2573 	2621
f 2621 	2573 	2622
f 2573 	2574 	2622
f 2622 	2574 	2623
f 2574 	2575 	2623
f 2623 	2575 	2624
f 2575 	2576 	2624
f 2624 	2576 	2625
f 2576 	2577 	2625
f 2625 	2577 	2626
f 2577 	2578 	2626
f 2626 	2578 	2627
f 2578 	2579 	2627
f 2627 	2579 	2628
f 2579 	2580 	2628
f 2628 	2580 	2629
f 2580 	2581 	2629
f 2629 	2581 	2630
f 2581 	2582 	2630
f 2630 	2582 	2631
f 2582 	2583 	2631
f 2631 	2583 	2632
f 2583 	2584 	2632
f 2632 	2584 	2633
f 2584 	2585 	2633
f 2633 	2585 	2634
f 2585 	2586 	2634
f 2634 	2586 	2635
f 2586 	2587 	2635
f 2635 	2587 	2636
f 2587 	2588 	2636
f 2636 	2588 	2637
f 2588 	2589 	2637
f 2637 	2589 	2638
f 2589 	2590 	2638
f 2638 	2590 	2639
f 2590 	2591 	2639
f 2639 	2591 	2640
f 2591 	2592 	2640
f 2640 	2592 	2641
f 2592 	2593 	2641
f 2641 	2593 	2642
f 2593 	2594 	2642
f 2642 	2594 	2643
f 2594 	2595 	2643
f 2643 	2595 	2644
f 2595 	2596 	2644
f 2644 	2596 	2597
f 2596 	2549 	2597
f 2645 	2597 	2646
f 2597 	2598 	2646
f 2646 	2598 	2647
f 2598 	2599 	2647
f 2647 	2599 	2648
f 2599 	2600 	2648
f 2648 	2600 	2649
f 2600 	2601 	2649
f 2649 	2601 	2650
f 2601 	2602 	2650
f 2650 	2602 	2651
f 2602 	2603 	2651
f 2651 	2603 	2652
f 2603 	2604 	2652
f 2652 	2604 	2653
f 2604 	2605 	2653
f 2653 	2605 	2654
f 2605 	2606 	2654
f 2654 	2606 	2655
f 2606 	2607 	2655
f 2655 	2607 	2656
f 2607 	2608 	2656
f 2656 	2608 	2657
f 2608 	2609 	2657
f 2657 	2609 	2658
f 2609 	2610 	2658
f 2658 	2610 	2659
f 2610 	2611 	2659
f 2659 	2611 	2660
f 2611 	2612 	2660
f 2660 	2612 	2661
f 2612 	2613 	2661
f 2661 	2613 	2662
f 2613 	2614 	2662
f 2662 	2614 	2663
f 2614 	2615 	2663
f 2663 	2615 	2664
f 2615 	2616 	2664
f 2664 	2616 	2665
f 2616 	2617 	2665
f 2665 	2617 	2666
f 2617 	2618 	2666
f 2666 	2618 	2667
f 2618 	2619 	2667
f 2667 	2619 	2668
f 2619 	2620 	2668
f 2668 	2620 	2669
f 2620 	2621 	2669
f 2669 	2621 	2670
f 2621 	2622 	2670
f 2670 	2622 	2671
f 2622 	2623 	2671
f 2671 	2623 	2672
f 2623 	2624 	2672
f 2672 	2624 	2673
f 2624 	2625 	2673
f 2673 	2625 	2674
f 2625 	2626 	2674
f 2674 	2626 	2675
f 2626 	2627 	2675
f 2675 	2627 	2676
f 2627 	2628 	2676
f 2676 	2628 	2677
f 2628 	2629 	2677
f 2677 	2629 	2678
f 2629 	2630 	2678
f 2678 	2630 	2679
f 2630 	2631 	2679
f 2679 	2631 	2680
f 2631 	2632 	2680
f 2680 	2632 	2681
f 2632 	2633 	2681
f 2681 	2633 	2682
f 2633 	2634 	2682
f 2682 	2634 	2683
f 2634 	2635 	2683
f 2683 	2635 	2684
f 2635 	2636 	2684
f 2684 	2636 	2685
f 2636 	2637 	2685
f 2685 	2637 	2686
f 2637 	2638 	2686
f 2686 	2638 	2687
f 2638 	2639 	2687
f 2687 	2639 	2688
f 2639 	2640 	2688
f 2688 	2640 	2689
f 2640 	2641 	2689
f 2689 	2641 	2690
f 2641 	2642 	2690
f 2690 	2642 	2691
f 2642 	2643 	2691
f 2691 	2643 	2692
f 2643 	2644 	2692
f 2692 	2644 	2645
f 2644 	2597 	2645
f 2693 	2645 	2694
f 2645 	2646 	2694
f 2694 	2646 	2695
f 2646 	2647 	2695
f 2695 	2647 	2696
f 2647 	2648 	2696
f 2696 	2648 	2697
f 2648 	2649 	2697
f 2697 	2649 	2698
f 2649 	2650 	2698
f 2698 	2650 	2699
f 2650 	2651 	2699
f 2699 	2651 	2700
f 2651 	2652 	2700
f 2700 	2652 	2701
f 2652 	2653 	2701
f 2701 	2653 	2702
f 2653 	2654 	2702
f 2702 	2654 	2703
f 2654 	2655 	2703
f 2703 	2655 	2704
f 2655 	2656 	2704
f 2704 	2656 	2705
f 2656 	2657 	2705
f 2705 	2657 	2706
f 2657 	2658 	2706
f 2706 	2658 	2707
f 2658 	2659 	2707
f 2707 	2659 	2708
f 2659 	2660 	2708
f 2708 	2660 	2709
f 2660 	2661 	2709
f 2709 	2661 	2710
f 2661 	2662 	2710
f 2710 	2662 	2711
f 2662 	2663 	2711
f 2711 	2663 	2712
f 2663 	2664 	2712
f 2712 	2664 	2713
f 2664 	2665 	2713
f 2713 	2665 	2714
f 2665 	2666 	2714
f 2714 	2666 	2715
f 2666 	2667 	2715
f 2715 	2667 	2716
f 2667 	2668 	2716
f 2716 	2668 	2717
f 2668 	2669 	2717
f 2717 	2669 	2718
f 2669 	2670 	2718
f 2718 	2670 	2719
f 2670 	2671 	2719
f 2719 	2671 	2720
f 2671 	2672 	2720
f 2720 	2672 	2721
f 2672 	2673 	2721
f 2721 	2673 	2722
f 2673 	2674 	2722
f 2722 	2674 	2723
f 2674 	2675 	2723
f 2723 	2675 	2724
f 2675 	2676 	2724
f 2724 	2676 	2725
f 2676 	2677 	2725
f 2725 	2677 	2726
f 2677 	2678 	2726
f 2726 	2678 	2727
f 2678 	2679 	2727
f 2727 	2679 	2728
f 2679 	2680 	2728
f 2728 	2680 	2729
f 2680 	2681 	2729
f 2729 	2681 	2730
f 2681 	2682 	2730
f 2730 	2682 	2731
f 2682 	2683 	2731
f 2731 	2683 	2732
f 2683 	2684 	2732
f 2732 	2684 	2733
f 2684 	2685 	2733
f 2733 	2685 	2734
f 2685 	2686 	2734
f 2734 	2686 	2735
f 2686 	2687 	2735
f 2735 	2687 	2736
f 2687 	2688 	2736
f 2736 	2688 	2737
f 2688 	2689 	2737
f 2737 	2689 	2738
f 2689 	2690 	2738
f 2738 	2690 	2739
f 2690 	2691 	2739
f 2739 	2691 	2740
f 2691 	2692 	2740
f 2740 	2692 	2693
f 2692 	2645 	2693
f 2741 	2693 	2742
f 2693 	2694 	2742
f 2742 	2694 	2743
f 2694 	2695 	2743
f 2743 	2695 	2744
f 2695 	2696 	2744
f 2744 	2696 	2745
f 2696 	2697 	2745
f 2745 	2697 	2746
f 2697 	2698 	2746
f 2746 	2698 	2747
f 2698 	2699 	2747
f 2747 	2699 	2748
f 2699 	2700 	2748
f 2748 	2700 	2749
f 2700 	2701 	2749
f 2749 	2701 	2750
f 2701 	2702 	2750
f 2750 	2702 	2751
f 2702 	2703 	2751
f 2751 	2703 	2752
f 2703 	2704 	2752
f 2752 	2704 	2753
f 2704 	2705 	2753
f 2753 	2705 	2754
f 2705 	2706 	2754
f 2754 	2706 	2755
f 2706 	2707 	2755
f 2755 	2707 	2756
f 2707 	2708 	2756
f 2756 	2708 	2757
f 2708 	2709 	2757
f 2757 	2709 	2758
f 2709 	2710 	2758
f 2758 	2710 	2759
f 2710 	2711 	2759
f 2759 	2711 	2760
f 2711 	2712 	2760
f 2760 	2712 	2761
f 2712 	2713 	2761
f 2761 	2713 	2762
f 2713 	2714 	2762
f 2762 	2714 	2763
f 2714 	2715 	2763
f 2763 	2715 	2764
f 2715 	2716 	2764
f 2764 	2716 	2765
f 2716 	2717 	2765
f 2765 	2717 	2766
f 2717 	2718 	2766
f 2766 	2718 	2767
f 2718 	2719 	2767
f 2767 	2719 	2768
f 2719 	2720 	2768
f 2768 	2720 	2769
f 2720 	2721 	2769
f 2769 	2721 	2770
f 2721 	2722 	2770
f 2770 	2722 	2771
f 2722 	2723 	2771
f 2771 	2723 	2772
f 2723 	2724 	2772
f 2772 	2724 	2773
f 2724 	2725 	2773
f 2773 	2725 	2774
f 2725 	2726 	2774
f 2774 	2726 	2775
f 2726 	2727 	2775
f 2775 	2727 	2776
f 2727 	2728 	2776
f 2776 	2728 	2777
f 2728 	2729 	2777
f 2777 	2729 	2778
f 2729 	2730 	2778
f 2778 	2730 	2779
f 2730 	2731 	2779
f 2779 	2731 	2780
f 2731 	2732 	2780
f 2780 	2732 	2781
f 2732 	2733 	2781
f 2781 	2733 	2782
f 2733 	2734 	2782
f 2782 	2734 	2783
f 2734 	2735 	2783
f 2783 	2735 	2784
f 2735 	2736 	2784
f 2784 	2736 	2785
f 2736 	2737 	2785
f 2785 	2737 	2786
f 2737 	2738 	2786
f 2786 	2738 	2787
f 2738 	2739 	2787
f 2787 	2739 	2788
f 2739 	2740 	2788
f 2788 	2740 	2741
f 2740 	2693 	2741
f 1637 	2741 	1638
f 2741 	2742 	1638
f 1638 	2742 	1639
f 2742 	2743 	1639
f 1639 	2743 	1640
f 2743 	2744 	1640
f 1640 	2744 	1641
f 2744 	2745 	1641
f 1641 	2745 	1642
f 2745 	2746 	1642
f 1642 	2746 	1643
f 2746 	2747 	1643
f 1643 	2747 	1644
f 2747 	2748 	1644
f 1644 	2748 	1645
f 2748 	2749 	1645
f 1645 	2749 	1646
f 2749 	2750 	1646
f 1646 	2750 	1647
f 2750 	2751 	1647
f 1647 	2751 	1648
f 2751 	2752 	1648
f 1648 	2752 	1649
f 2752 	2753 	1649
f 1649 	2753 	1650
f 2753 	2754 	1650
f 1650 	2754 	1651
f 2754 	2755 	1651
f 1651 	2755 	1652
f 2755 	2756 	1652
f 1652 	2756 	1653
f 2756 	2757 	1653
f 1653 	2757 	1654
f 2757 	2758 	1654
f 1654 	2758 	1655
f 2758 	2759 	1655
f 1655 	2759 	1656
f 2759 	2760 	1656
f 1656 	2760 	1657
f 2760 	2761 	1657
f 1657 	2761 	1658
f 2761 	2762 	1658
f 1658 	2762 	1659
f 2762 	2763 	1659
f 1659 	2763 	1660
f 2763 	2764 	1660
f 1660 	2764 	1661
f 2764 	2765 	1661
f 1661 	2765 	1662
f 2765 	2766 	1662
f 1662 	2766 	1663
f 2766 	2767 	1663
f 1663 	2767 	1664
f 2767 	2768 	1664
f 1664 	2768 	1665
f 2768 	2769 	1665
f 1665 	2769 	1666
f 2769 	2770 	1666
f 1666 	2770 	1667
f 2770 	2771 	1667
f 1667 	2771 	1668
f 2771 	2772 	1668
f 1668 	2772 	1669
f 2772 	2773 	1669
f 1669 	2773 	1670
f 2773 	2774 	1670
f 1670 	2774 	1671
f 2774 	2775 	1671
f 1671 	2775 	1672
f 2775 	2776 	1672
f 1672 	2776 	1673
f 2776 	2777 	1673
f 1673 	2777 	1674
f 2777 	2778 	1674
f 1674 	2778 	1675
f 2778 	2779 	1675
f 1675 	2779 	1676
f 2779 	2780 	1676
f 1676 	2780 	1677
f 2780 	2781 	1677
f 1677 	2781 	1678
f 2781 	2782 	1678
f 1678 	2782 	1679
f 2782 	2783 	1679
f 1679 	2783 	1680
f 2783 	2784 	1680
f 1680 	2784 	1681
f 2784 	2785 	1681
f 1681 	2785 	1682
f 2785 	2786 	1682
f 1682 	2786 	1683
f 2786 	2787 	1683
f 1683 	2787 	1684
f 2787 	2788 	1684
f 1684 	2788 	1637
f 2788 	2741 	1637
# 2304 faces

 #end of obj_3

o obj_4
v -18.4781 		7.6537 		40
v -19.3189 		5.1767 		40
v -19.8287 		2.6106 		40
v -19.9998 		0 		40
v -14.1421 		14.1421 		40
v -15.8675 		12.175 		40
v -17.3206 		10.0006 		40
v -21.3949 		12.9337 		40
v -19.6795 		15.4185 		40
v -17.6777 		17.6777 		40
v -24.5911 		4.5064 		40
v -23.8677 		7.4374 		40
v -22.7971 		10.2601 		40
v 19.6795 		-15.4185 		40
v -19.3189 		-5.1767 		40
v -18.4781 		-7.6537 		40
v -17.3206 		-10.0006 		40
v 21.3949 		-12.9337 		40
v -15.8675 		-12.175 		40
v 19.3189 		5.1767 		40
v -14.1421 		-14.1421 		40
v -19.8287 		-2.6106 		40
v 19.3189 		-5.1767 		40
v 18.4781 		-7.6537 		40
v 19.8287 		-2.6106 		40
v -17.6777 		-17.6777 		40
v -19.6795 		-15.4185 		40
v -21.3949 		-12.9337 		40
v -22.7971 		-10.2601 		40
v 19.9998 		0 		40
v -23.8677 		-7.4374 		40
v -24.5911 		-4.5064 		40
v -24.9545 		-1.5097 		40
v -24.9545 		1.5097 		40
v 19.8287 		2.6106 		40
v -14.1421 		14.1421 		65
v -17.6777 		17.6777 		65
v 15.8675 		-12.175 		40
v 17.3206 		-10.0006 		40
v 24.9545 		-1.5097 		40
v 24.5911 		-4.5064 		40
v 23.8677 		-7.4373 		40
v 17.3206 		10.0006 		40
v 15.8675 		12.175 		40
v 14.1421 		14.1421 		40
v 21.3949 		12.9337 		40
v 19.6795 		15.4185 		40
v 17.6777 		17.6777 		40
v -15.8675 		12.175 		65
v -17.3206 		10.0006 		65
v -19.6795 		15.4185 		65
v -21.3949 		12.9337 		65
v -22.7971 		10.2601 		65
v -23.8677 		7.4374 		65
v -24.5911 		4.5064 		65
v 14.1421 		-14.1421 		40
v -18.4781 		7.6537 		65
v -18.4781 		-7.6537 		65
v -19.3189 		-5.1767 		65
v 17.6777 		-17.6777 		40
v -17.3206 		-10.0006 		65
v -15.8675 		-12.175 		65
v -14.1421 		-14.1421 		65
v -19.3189 		5.1767 		65
v -19.8287 		-2.6106 		65
v -19.8287 		2.6106 		65
v -19.9998 		0 		65
v -24.9545 		1.5097 		65
v -24.9545 		-1.5097 		65
v -24.5911 		-4.5064 		65
v -23.8677 		-7.4374 		65
v -22.7971 		-10.2601 		65
v -21.3949 		-12.9337 		65
v -19.6795 		-15.4185 		65
v -17.6777 		-17.6777 		65
v 15.8675 		-12.175 		65
v 17.3206 		-10.0006 		65
v 23.8677 		-7.4373 		65
v 24.5911 		-4.5064 		65
v 24.9545 		-1.5097 		65
v 18.4781 		-7.6537 		65
v 17.3206 		10.0006 		65
v 15.8675 		12.175 		65
v 19.6795 		15.4185 		65
v 17.6777 		17.6777 		65
v 14.1421 		14.1421 		65
v 21.3949 		12.9337 		65
v 17.6777 		-17.6777 		65
v 14.1421 		-14.1421 		65
v 24.9545 		1.5097 		65
v 24.5911 		4.5064 		65
v 23.8677 		7.4374 		65
v 18.4781 		7.6537 		65
v 18.4781 		7.6537 		40
v 22.7971 		10.2601 		65
v 22.7971 		-10.2601 		65
v 21.3949 		-12.9337 		65
v 19.6795 		-15.4185 		65
v 19.3189 		5.1767 		65
v 19.3189 		-5.1767 		65
v 19.8287 		-2.6106 		65
v 19.9998 		0 		65
v 19.8287 		2.6106 		65
v 24.9545 		1.5097 		40
v 24.5911 		4.5064 		40
v 23.8677 		7.4374 		40
v 22.7971 		10.2601 		40
v 22.7971 		-10.2601 		40
# 108 vertices

g group_4_8768998

usemtl color_8768998
s 0

f 2792 	2822 	2791
f 2810 	2821 	2792
f 2795 	2796 	2794
f 2794 	2797 	2793
f 2798 	2793 	2797
f 2796 	2797 	2794
f 2789 	2801 	2795
f 2799 	2800 	2790
f 2790 	2791 	2799
f 2790 	2800 	2789
f 2801 	2789 	2800
f 2796 	2795 	2801
f 2807 	2809 	2815
f 2818 	2813 	2890
f 2817 	2819 	2804
f 2804 	2805 	2817
f 2803 	2804 	2819
f 2820 	2803 	2819
f 2821 	2822 	2792
f 2799 	2791 	2822
f 2821 	2810 	2820
f 2803 	2820 	2810
f 2816 	2817 	2805
f 2805 	2807 	2816
f 2815 	2816 	2807
f 2814 	2815 	2809
f 2818 	2890 	2891
f 2818 	2891 	2823
f 2823 	2891 	2808
f 2840 	2797 	2796
f 2827 	2826 	2865
f 2856 	2799 	2822
f 2812 	2827 	2865
f 2807 	2805 	2850
f 2850 	2851 	2807
f 2809 	2807 	2851
f 2810 	2792 	2853
f 2803 	2810 	2853
f 2822 	2821 	2856
f 2873 	2835 	2836
f 2819 	2817 	2860
f 2825 	2839 	2824
f 2817 	2816 	2860
f 2845 	2838 	2841
f 2840 	2841 	2838
f 2842 	2845 	2841
f 2843 	2852 	2842
f 2845 	2842 	2852
f 2838 	2837 	2840
f 2839 	2840 	2837
f 2837 	2824 	2839
f 2848 	2802 	2876
f 2825 	2824 	2798
f 2793 	2798 	2824
f 2846 	2847 	2859
f 2860 	2861 	2849
f 2850 	2862 	2851
f 2852 	2843 	2854
f 2843 	2856 	2854
f 2855 	2854 	2856
f 2853 	2855 	2857
f 2856 	2857 	2855
f 2857 	2858 	2853
f 2847 	2853 	2858
f 2858 	2859 	2847
f 2859 	2860 	2846
f 2849 	2846 	2860
f 2849 	2861 	2850
f 2862 	2850 	2861
f 2863 	2851 	2862
f 2846 	2849 	2804
f 2805 	2804 	2849
f 2850 	2805 	2849
f 2854 	2855 	2792
f 2792 	2855 	2853
f 2824 	2837 	2794
f 2847 	2803 	2853
f 2794 	2837 	2838
f 2794 	2838 	2795
f 2856 	2821 	2857
f 2820 	2858 	2857
f 2820 	2857 	2821
f 2795 	2838 	2845
f 2858 	2820 	2859
f 2819 	2859 	2820
f 2856 	2843 	2799
f 2860 	2859 	2819
f 2816 	2861 	2860
f 2841 	2800 	2842
f 2843 	2842 	2799
f 2800 	2799 	2842
f 2815 	2862 	2861
f 2815 	2861 	2816
f 2825 	2797 	2839
f 2863 	2862 	2815
f 2797 	2840 	2839
f 2790 	2789 	2852
f 2845 	2852 	2789
f 2854 	2791 	2852
f 2790 	2852 	2791
f 2791 	2854 	2792
f 2804 	2803 	2847
f 2804 	2847 	2846
f 2824 	2794 	2793
f 2845 	2789 	2795
f 2868 	2889 	2867
f 2884 	2866 	2869
f 2886 	2885 	2864
f 2815 	2814 	2863
f 2809 	2851 	2863
f 2872 	2873 	2874
f 2872 	2874 	2871
f 2870 	2875 	2871
f 2865 	2864 	2885
f 2864 	2877 	2886
f 2876 	2886 	2877
f 2814 	2809 	2863
f 2828 	2892 	2868
f 2833 	2874 	2873
f 2833 	2873 	2836
f 2876 	2877 	2844
f 2848 	2876 	2844
f 2881 	2882 	2887
f 2884 	2885 	2806
f 2884 	2896 	2866
f 2876 	2802 	2886
f 2802 	2806 	2886
f 2885 	2886 	2806
f 2811 	2812 	2869
f 2811 	2869 	2888
f 2888 	2889 	2811
f 2813 	2811 	2889
f 2890 	2813 	2889
f 2891 	2887 	2808
f 2865 	2826 	2864
f 2869 	2812 	2865
f 2867 	2829 	2868
f 2828 	2868 	2829
f 2867 	2866 	2830
f 2867 	2830 	2829
f 2871 	2832 	2870
f 2831 	2870 	2832
f 2874 	2833 	2832
f 2874 	2832 	2871
f 2883 	2834 	2875
f 2872 	2875 	2835
f 2834 	2835 	2875
f 2835 	2873 	2872
f 2877 	2864 	2844
f 2826 	2844 	2864
f 2878 	2868 	2892
f 2892 	2893 	2879
f 2892 	2879 	2878
f 2880 	2879 	2894
f 2893 	2894 	2879
f 2808 	2887 	2882
f 2892 	2823 	2893
f 2893 	2808 	2894
f 2895 	2894 	2882
f 2882 	2831 	2895
f 2881 	2870 	2831
f 2882 	2881 	2831
f 2802 	2826 	2806
f 2894 	2895 	2883
f 2894 	2883 	2880
f 2882 	2894 	2808
f 2895 	2834 	2883
f 2896 	2884 	2806
f 2830 	2866 	2896
f 2840 	2796 	2801
f 2840 	2801 	2841
f 2808 	2893 	2823
f 2818 	2823 	2892
f 2801 	2800 	2841
f 2896 	2806 	2827
f 2826 	2827 	2806
f 2825 	2798 	2797
f 2896 	2827 	2812
f 2811 	2830 	2812
f 2828 	2829 	2813
f 2892 	2828 	2818
f 2818 	2828 	2813
f 2813 	2829 	2811
f 2830 	2811 	2829
f 2896 	2812 	2830
f 2832 	2834 	2831
f 2834 	2832 	2835
f 2834 	2895 	2831
f 2832 	2833 	2835
f 2836 	2835 	2833
f 2848 	2844 	2802
f 2826 	2802 	2844
f 2872 	2871 	2875
f 2875 	2870 	2883
f 2870 	2881 	2883
f 2883 	2881 	2880
f 2880 	2887 	2879
f 2878 	2879 	2891
f 2888 	2869 	2866
f 2869 	2865 	2884
f 2867 	2888 	2866
f 2885 	2884 	2865
f 2887 	2880 	2881
f 2888 	2867 	2889
f 2890 	2889 	2868
f 2891 	2879 	2887
f 2868 	2878 	2890
f 2891 	2890 	2878
# 208 faces

 #end of obj_4

o obj_5
v 6.33 		23.623 		65
v 9.359 		22.595 		65
v 12.228 		21.18 		65
v 14.888 		19.403 		65
v 17.293 		17.293 		65
v 19.403 		14.888 		65
v 21.18 		12.228 		65
v 22.595 		9.359 		65
v 23.623 		6.33 		65
v 24.247 		3.192 		65
v -12.5 		-21.651 		78.138
v -12.5 		-21.651 		75.3068
v -9.359 		22.595 		65
v -6.33 		23.623 		65
v -3.192 		24.247 		65
v 0 		24.457 		65
v 3.192 		24.247 		65
v -18.926 		-13.503 		75.413
v -20.342 		-13.503 		73.998
v -20.9807 		-13.503 		74.6367
v -6.501 		18.926 		75.413
v -20.9807 		-13.503 		77.4677
v -6.501 		20.342 		73.998
v -6.501 		24.1375 		77.7935
v -6.501 		24.1375 		80.6245
v -14.888 		19.403 		65
v -12.228 		21.18 		65
v -23.7981 		-7.501 		77.4541
v -20.342 		-7.501 		73.998
v -0.5 		24.587 		81.074
v -0.5 		24.9672 		80.6935
v -0.5 		24.9672 		78.6232
v -0.5 		20.342 		73.998
v -0.5 		18.926 		75.413
v 0.5 		18.926 		75.413
v 0.5 		20.342 		73.998
v 0.5 		24.9672 		78.6232
v -24.247 		3.192 		65
v 0.5 		24.9672 		80.6935
v -23.623 		6.33 		65
v 0.5 		24.587 		81.074
v -22.595 		9.359 		65
v -21.18 		12.228 		65
v -19.403 		14.888 		65
v -17.293 		17.293 		65
v -7.501 		18.926 		75.413
v -7.501 		20.342 		73.998
v -13.503 		20.342 		73.998
v -13.503 		18.926 		75.413
v 24.457 		0 		65
v 24.247 		-3.192 		65
v 23.623 		-6.33 		65
v 22.595 		-9.359 		65
v 21.18 		-12.228 		65
v 19.403 		-14.888 		65
v 3.192 		24.247 		100
v 17.293 		-17.293 		65
v 3.263 		24.786 		99.62
v 14.888 		-19.403 		65
v 12.228 		-21.18 		65
v 9.359 		-22.595 		65
v 6.33 		-23.623 		65
v 0 		25 		99.62
v 0 		24.457 		100
v 0 		-24.457 		65
v -3.192 		-24.247 		65
v -6.33 		-23.623 		65
v -9.359 		-22.595 		65
v -3.192 		24.247 		100
v 3.192 		-24.247 		65
v -3.263 		24.786 		99.62
v -6.47 		24.148 		99.62
v -6.33 		23.623 		100
v -19.403 		-14.888 		65
v -21.18 		-12.228 		65
v -22.595 		-9.359 		65
v -23.623 		-6.33 		65
v -24.247 		-3.192 		65
v -24.457 		0 		65
v -9.359 		22.595 		100
v -12.228 		-21.18 		65
v -14.888 		-19.403 		65
v -17.293 		-17.293 		65
v -9.567 		23.097 		99.62
v 14.888 		19.403 		100
v 12.228 		21.18 		100
v 6.33 		23.623 		100
v 9.359 		22.595 		100
v -12.5 		21.651 		99.62
v 24.247 		3.192 		100
v 23.623 		6.33 		100
v 22.595 		9.359 		100
v -15.219 		19.834 		99.62
v 21.18 		12.228 		100
v 19.403 		14.888 		100
v 17.293 		17.293 		100
v -12.228 		21.18 		100
v -14.888 		19.403 		100
v -17.678 		17.678 		99.62
v -19.834 		15.219 		99.62
v -21.651 		12.5 		99.62
v -23.097 		9.567 		99.62
v -17.293 		17.293 		100
v -24.148 		6.47 		99.62
v -19.403 		14.888 		100
v -21.18 		12.228 		100
v -23.623 		6.33 		100
v -24.247 		3.192 		100
v -24.786 		3.263 		99.62
v -22.595 		9.359 		100
v 19.403 		-14.888 		100
v 21.18 		-12.228 		100
v 23.623 		-6.33 		100
v 24.247 		-3.192 		100
v 24.457 		0 		100
v 22.595 		-9.359 		100
v 6.33 		-23.623 		100
v 9.359 		-22.595 		100
v 12.228 		-21.18 		100
v 14.888 		-19.403 		100
v 17.293 		-17.293 		100
v 0 		-24.457 		100
v 3.192 		-24.247 		100
v -6.33 		-23.623 		100
v -3.192 		-24.247 		100
v -9.359 		-22.595 		100
v -24.457 		0 		100
v -24.247 		-3.192 		100
v -23.623 		-6.33 		100
v -22.595 		-9.359 		100
v -21.18 		-12.228 		100
v 4.2633 		24.587 		81.074
v 3.263 		24.786 		80.8749
v -19.403 		-14.888 		100
v -17.293 		-17.293 		100
v -14.888 		-19.403 		100
v -12.228 		-21.18 		100
v 3.263 		24.786 		78.442
v -21.651 		-12.5 		99.62
v -23.097 		-9.567 		99.62
v 15.219 		19.834 		99.62
v 12.5 		21.651 		99.62
v 9.567 		23.097 		99.62
v -19.834 		-15.219 		99.62
v 6.47 		24.148 		99.62
v -17.678 		-17.678 		99.62
v -15.219 		-19.834 		99.62
v -3.263 		24.786 		80.8749
v -12.5 		-21.651 		99.62
v -3.263 		24.786 		78.442
v -4.2633 		24.587 		81.074
v -6.47 		24.148 		80.635
v -6.47 		24.148 		77.804
v -7.501 		23.7981 		77.4541
v -7.501 		23.7981 		80.2851
v -9.567 		23.097 		79.584
v -9.567 		23.097 		76.753
v -12.5 		21.651 		78.138
v 24.786 		3.263 		99.62
v -12.5 		21.651 		75.307
v 24.148 		6.47 		99.62
v -13.503 		20.9807 		77.4677
v -13.503 		20.9807 		74.6367
v 23.097 		9.567 		99.62
v 21.651 		12.5 		99.62
v 19.834 		15.219 		99.62
v 17.678 		17.678 		99.62
v -20.9814 		13.502 		74.6374
v -20.9814 		13.502 		77.4684
v 0.5 		-24.9672 		78.6224
v 0.5 		-24.9672 		80.6938
v 3.263 		-24.786 		80.875
v -21.651 		12.5 		78.138
v 3.263 		-24.786 		78.4412
v -21.651 		12.5 		75.307
v 4.2633 		-24.587 		81.074
v 24.786 		3.263 		80.875
v 20.9814 		13.502 		74.6373
v 21.651 		12.5 		75.3068
v -23.097 		9.567 		79.584
v -9.567 		-23.097 		79.584
v -23.097 		9.567 		76.753
v -9.567 		-23.097 		76.7525
v -7.501 		-23.7981 		80.2851
v -7.501 		-23.7981 		77.4535
v -6.501 		-24.1375 		77.7928
v -6.501 		-24.1375 		80.6245
v -6.47 		-24.148 		80.635
v -23.7981 		7.501 		80.2851
v -23.7981 		7.501 		77.4541
v -24.1375 		6.501 		77.7935
v -24.1375 		6.501 		80.6245
v -6.47 		-24.148 		77.8033
v -24.148 		6.47 		80.635
v 7.501 		-23.7981 		80.2851
v -4.2633 		-24.587 		81.074
v -3.263 		-24.786 		80.875
v -24.148 		6.47 		77.804
v -3.263 		-24.786 		78.4412
v -24.587 		4.2633 		81.074
v -24.786 		3.263 		80.8749
v -0.5 		-24.9672 		80.6938
v -0.5 		-24.9672 		78.6224
v -24.786 		3.263 		78.442
v 0.5 		-24.587 		81.074
v 0.5 		-20.342 		73.998
v 0.5 		-18.926 		75.413
v 13.503 		20.9807 		74.6367
v 13.503 		20.9807 		77.4677
v -0.5 		-24.587 		81.074
v -0.5 		-18.926 		75.413
v -0.5 		-20.342 		73.998
v -6.501 		-20.342 		73.998
v 12.5 		21.651 		78.138
v -6.501 		-18.926 		75.413
v -7.501 		-18.926 		75.413
v -7.501 		-20.342 		73.998
v 12.5 		21.651 		75.307
v 7.501 		-18.926 		75.413
v 13.503 		-18.926 		75.413
v 9.567 		23.097 		79.584
v 13.503 		-20.9807 		77.4677
v 12.5 		-21.651 		78.138
v 9.567 		-23.097 		79.584
v 9.567 		23.097 		76.753
v 6.501 		-18.926 		75.413
v 6.501 		-24.1375 		80.6245
v 6.47 		-24.148 		80.635
v 21.651 		-12.5 		99.62
v 13.503 		-20.9807 		74.6366
v 13.503 		-20.342 		73.998
v 7.501 		-20.342 		73.998
v 7.501 		-23.7981 		77.4535
v 9.567 		-23.097 		76.7525
v 12.5 		-21.651 		75.3068
v 23.097 		-9.567 		99.62
v 7.501 		23.7981 		80.2851
v 7.501 		23.7981 		77.4541
v 6.501 		24.1375 		77.7935
v 6.501 		24.1375 		80.6245
v 6.501 		-24.1375 		77.7928
v 6.501 		-20.342 		73.998
v 6.47 		24.148 		80.635
v 24.148 		-6.47 		99.62
v 6.47 		-24.148 		77.8033
v 20.342 		0.5 		73.998
v 24.9672 		0.5 		78.6224
v 6.47 		24.148 		77.804
v 24.9672 		-0.5 		78.6224
v 20.342 		-0.5 		73.998
v 20.342 		-6.501 		73.998
v 24.1375 		-6.501 		77.7928
v 24.148 		-6.47 		77.8033
v 24.786 		-3.263 		78.4412
v 24.786 		3.263 		78.4412
v 23.7981 		-7.501 		77.4535
v 20.342 		-7.501 		73.998
v 20.342 		-13.503 		73.998
v 20.9807 		-13.503 		74.6366
v 21.651 		-12.5 		75.3068
v 23.097 		-9.567 		76.7525
v 24.587 		4.2633 		81.074
v 24.148 		6.47 		80.635
v 21.651 		-12.5 		65.38
v 24.148 		6.47 		77.8033
v 24.1375 		6.501 		80.6245
v 24.1375 		6.501 		77.7928
v 23.7981 		7.501 		77.4535
v 23.7981 		7.501 		80.2851
v 23.097 		9.567 		79.584
v 23.097 		-9.567 		65.38
v 23.097 		9.567 		76.7525
v 21.651 		12.5 		78.138
v 24.148 		-6.47 		65.38
v -24.9672 		0.5 		80.6935
v -18.926 		-7.501 		75.413
v -24.9672 		0.5 		78.6232
v 20.9814 		13.502 		77.4684
v -23.7981 		-7.501 		80.2851
v -18.926 		-6.501 		75.413
v -20.342 		-6.501 		73.998
v -24.1375 		-6.501 		77.7935
v -24.1375 		-6.501 		80.6245
v -24.587 		-0.5 		81.074
v -24.9672 		-0.5 		80.6935
v -24.9672 		-0.5 		78.6232
v -20.342 		-0.5 		73.998
v -18.926 		-0.5 		75.413
v 18.926 		13.502 		75.413
v 20.342 		13.502 		73.998
v -18.926 		0.5 		75.413
v -20.342 		0.5 		73.998
v -24.587 		0.5 		81.074
v 20.342 		7.501 		73.998
v 18.926 		7.501 		75.413
v 18.926 		6.501 		75.413
v 20.342 		6.501 		73.998
v 24.786 		-3.263 		99.62
v 25 		0 		99.62
v -24.786 		-3.263 		80.8749
v -24.786 		-3.263 		78.442
v -24.587 		-4.2633 		81.074
v 6.501 		20.342 		73.998
v 6.501 		18.926 		75.413
v 7.501 		18.926 		75.413
v 7.501 		20.342 		73.998
v -24.148 		-6.47 		80.635
v 13.503 		20.342 		73.998
v 13.503 		18.926 		75.413
v -24.148 		-6.47 		77.804
v 6.47 		-24.148 		99.62
v -23.097 		-9.567 		79.584
v 9.567 		-23.097 		99.62
v -23.097 		-9.567 		76.753
v 12.5 		-21.651 		99.62
v -21.651 		-12.5 		78.138
v 24.786 		-3.263 		65.38
v 15.219 		-19.834 		99.62
v -21.651 		-12.5 		75.307
v 17.678 		-17.678 		99.62
v 25 		0 		65.38
v 19.834 		-15.219 		99.62
v 15.219 		19.834 		65.38
v -20.342 		6.501 		73.998
v -18.926 		6.501 		75.413
v -18.926 		7.501 		75.413
v -20.342 		7.501 		73.998
v -20.342 		13.502 		73.998
v -18.926 		13.502 		75.413
v -13.503 		-20.9807 		74.6366
v -13.503 		-20.9807 		77.4677
v 6.47 		-24.148 		65.38
v 9.567 		-23.097 		65.38
v 12.5 		-21.651 		65.38
v 3.263 		24.786 		65.38
v 15.219 		-19.834 		65.38
v 0 		25 		65.38
v -13.503 		-20.342 		73.998
v -13.503 		-18.926 		75.413
v 17.678 		-17.678 		65.38
v -3.263 		24.786 		65.38
v 19.834 		-15.219 		65.38
v -6.47 		24.148 		65.38
v -9.567 		23.097 		65.38
v 3.263 		-24.786 		65.38
v 0 		-25 		65.38
v -12.5 		21.651 		65.38
v 3.263 		-24.786 		99.62
v 0 		-25 		99.62
v -9.567 		-23.097 		65.38
v -9.567 		-23.097 		99.62
v -15.219 		19.834 		65.38
v -6.47 		-24.148 		99.62
v -3.263 		-24.786 		99.62
v -6.47 		-24.148 		65.38
v 20.9807 		-13.503 		77.4677
v 21.651 		-12.5 		78.138
v -3.263 		-24.786 		65.38
v 23.097 		-9.567 		79.584
v 23.7981 		-7.501 		80.2851
v 24.1375 		-6.501 		80.6245
v -17.678 		17.678 		65.38
v 24.148 		-6.47 		80.635
v 24.587 		-4.2633 		81.074
v 24.786 		-3.263 		80.875
v -19.834 		15.219 		65.38
v -21.651 		12.5 		65.38
v 24.9672 		-0.5 		80.6938
v -25 		0 		99.62
v -24.786 		-3.263 		99.62
v -23.097 		9.567 		65.38
v -24.148 		-6.47 		99.62
v 24.9672 		0.5 		80.6938
v -25 		0 		65.38
v -24.148 		6.47 		65.38
v -24.786 		-3.263 		65.38
v -24.786 		3.263 		65.38
v 24.587 		0.5 		81.074
v 18.926 		0.5 		75.413
v 24.587 		-0.5 		81.074
v 18.926 		-0.5 		75.413
v 18.926 		-6.501 		75.413
v -24.148 		-6.47 		65.38
v 18.926 		-7.501 		75.413
v 18.926 		-13.503 		75.413
v -23.097 		-9.567 		65.38
v -21.651 		-12.5 		65.38
v 12.5 		21.651 		65.38
v 9.567 		23.097 		65.38
v 6.47 		24.148 		65.38
v -19.834 		-15.219 		65.38
v 24.786 		3.263 		65.38
v -17.678 		-17.678 		65.38
v -15.219 		-19.834 		65.38
v -12.5 		-21.651 		65.38
v 24.148 		6.47 		65.38
v 23.097 		9.567 		65.38
v 21.651 		12.5 		65.38
v 19.834 		15.219 		65.38
v 17.678 		17.678 		65.38
# 400 vertices

g group_5_6383466

usemtl color_6383466
s 0

f 2899 	2979 	2898
f 2900 	2979 	2899
f 2902 	2979 	2901
f 2905 	2950 	2904
f 2906 	2950 	2905
f 2951 	2953 	2904
f 2946 	2950 	2906
f 2897 	2979 	2913
f 2898 	2979 	2897
f 2912 	2913 	2970
f 2901 	2979 	2900
f 2914 	2915 	2916
f 2914 	2916 	2918
f 2917 	2919 	2920
f 2917 	2920 	2921
f 2909 	2910 	2923
f 2922 	2923 	2910
f 2929 	2930 	2928
f 2927 	2928 	2930
f 2926 	2927 	2930
f 2931 	2932 	2933
f 2931 	2933 	2935
f 2931 	2935 	2937
f 2939 	2910 	2938
f 2936 	2938 	2910
f 2940 	2910 	2939
f 2941 	2910 	2940
f 2922 	2910 	2941
f 2934 	2936 	2910
f 2911 	2974 	2910
f 2942 	2943 	2944
f 2942 	2944 	2945
f 2949 	2950 	2948
f 2947 	2948 	2950
f 2946 	2947 	2950
f 2951 	2904 	2950
f 2902 	2903 	2953
f 2903 	2904 	2953
f 2956 	2902 	2955
f 2957 	2902 	2956
f 2958 	2902 	2957
f 2959 	2960 	2954
f 2960 	2952 	2954
f 2965 	2960 	2959
f 2964 	2902 	2963
f 2962 	2963 	2902
f 2964 	2977 	2902
f 2961 	2962 	2902
f 2953 	2955 	2902
f 2966 	2902 	2958
f 2961 	2902 	2966
f 2967 	2965 	2959
f 2968 	2969 	2967
f 2973 	2911 	2972
f 2971 	2972 	2911
f 2974 	2911 	2973
f 2975 	2910 	2974
f 2934 	2910 	2975
f 2970 	2971 	2911
f 2911 	2912 	2970
f 2969 	2965 	2967
f 2976 	2969 	2968
f 2979 	2902 	2978
f 2977 	2978 	2902
f 2970 	2913 	2979
f 2980 	2976 	2968
f 2992 	2983 	2952
f 2984 	2983 	2982
f 2981 	2982 	2983
f 2993 	2976 	2980
f 2985 	2993 	2980
f 2989 	2994 	2985
f 2990 	3004 	2988
f 2987 	2988 	3004
f 2991 	3003 	2990
f 2981 	2983 	2992
f 3011 	2986 	3004
f 2994 	2993 	2985
f 2989 	2999 	2994
f 2976 	2992 	2969
f 2965 	2992 	2960
f 2952 	2960 	2992
f 2965 	2969 	2992
f 2992 	3003 	2991
f 2976 	2993 	2992
f 2992 	2994 	2999
f 2993 	2994 	2992
f 2998 	3090 	3000
f 3002 	2992 	3001
f 3090 	3096 	3000
f 2999 	3001 	2992
f 2992 	3002 	3006
f 2992 	3006 	3003
f 3004 	2990 	3003
f 3008 	3012 	3004
f 2995 	2999 	2989
f 2986 	2987 	3004
f 2996 	3001 	2995
f 3010 	3011 	3004
f 3009 	3010 	3004
f 3016 	3017 	3004
f 3007 	3008 	3004
f 3009 	3004 	3012
f 3015 	3004 	3014
f 3001 	2999 	2995
f 3002 	3001 	2996
f 2997 	3002 	2996
f 2998 	3006 	2997
f 3016 	3004 	3015
f 3007 	3004 	3017
f 3013 	3014 	3004
f 3006 	3002 	2997
f 3000 	3003 	2998
f 3006 	2998 	3003
f 3004 	3003 	3000
f 3021 	3018 	3004
f 3018 	3019 	3004
f 3019 	3013 	3004
f 3020 	3021 	3004
f 3022 	3020 	3004
f 3005 	3004 	3000
f 3027 	3030 	3024
f 3023 	3004 	3005
f 3026 	3027 	3025
f 3024 	3025 	3027
f 3023 	3024 	3030
f 3031 	3004 	3030
f 3032 	3004 	3031
f 2930 	2929 	2919
f 2930 	2919 	2917
f 3029 	2954 	3028
f 2954 	3041 	3028
f 3035 	3027 	3036
f 3033 	3004 	3032
f 3023 	3030 	3004
f 3022 	3004 	3033
f 2933 	3233 	2935
f 2954 	3029 	2959
f 3037 	3110 	3038
f 3030 	3027 	3035
f 2935 	2959 	3029
f 3110 	3117 	3038
f 2959 	2935 	3233
f 2933 	3034 	3233
f 3039 	3139 	3041
f 2959 	3233 	2927
f 3139 	3028 	3041
f 3044 	2959 	2927
f 3044 	2967 	2959
f 2928 	2927 	3233
f 3046 	2928 	3233
f 3040 	3030 	3035
f 2982 	2981 	3037
f 3038 	2982 	3037
f 3048 	2968 	3047
f 3039 	2984 	3038
f 3031 	3030 	3040
f 2984 	2982 	3038
f 3042 	3031 	3040
f 3041 	2983 	3039
f 3050 	3051 	2920
f 2921 	2920 	3051
f 3043 	3032 	3042
f 2983 	2984 	3039
f 3048 	2921 	2980
f 3052 	2980 	3051
f 3051 	2980 	2921
f 3032 	3031 	3042
f 3033 	3032 	3043
f 3041 	2952 	2983
f 3239 	3053 	3050
f 3239 	3050 	2920
f 3239 	2920 	3049
f 3045 	3033 	3043
f 2954 	2952 	3041
f 3052 	3054 	2985
f 2985 	2980 	3052
f 3033 	3045 	3022
f 3053 	3240 	3056
f 2989 	3058 	3248
f 3059 	3248 	3058
f 3054 	3058 	2989
f 3054 	2989 	2985
f 3056 	3243 	3059
f 3005 	3097 	3265
f 3248 	2995 	2989
f 3057 	2987 	3055
f 2987 	2986 	3055
f 2988 	2987 	3057
f 2995 	3258 	3262
f 3060 	2988 	3057
f 2996 	2995 	3262
f 2990 	2988 	3060
f 3061 	2990 	3060
f 2907 	3045 	3043
f 3062 	2991 	3061
f 3262 	3263 	3064
f 3077 	3045 	2907
f 3065 	3262 	3064
f 2991 	2990 	3061
f 3067 	3242 	3066
f 2992 	2991 	3062
f 3063 	2992 	3062
f 3068 	3245 	3067
f 2997 	2996 	3069
f 3065 	3069 	2996
f 3262 	3065 	2996
f 2981 	3063 	3037
f 3066 	3242 	3070
f 3063 	2981 	2992
f 3075 	3294 	3074
f 2998 	2997 	3076
f 3069 	3076 	2997
f 3080 	3081 	3082
f 3080 	3082 	3083
f 3295 	3063 	3062
f 3249 	3247 	3084
f 3083 	3084 	3247
f 3085 	3086 	3087
f 3085 	3087 	3088
f 3251 	3089 	3082
f 3251 	3082 	3081
f 3251 	3081 	3079
f 3090 	2998 	3088
f 3085 	3088 	2998
f 3076 	3085 	2998
f 3093 	3250 	3092
f 3250 	3249 	3092
f 3087 	3086 	3271
f 3086 	3078 	3271
f 3251 	3254 	3089
f 3098 	3099 	3242
f 3097 	3005 	3096
f 3005 	3000 	3096
f 3098 	3245 	3093
f 3242 	3245 	3098
f 3219 	3037 	3063
f 3242 	3099 	3095
f 3102 	3103 	3066
f 3067 	3066 	3103
f 3101 	3067 	3103
f 3037 	3219 	3105
f 3104 	3105 	3219
f 3171 	3265 	3097
f 3098 	3106 	3107
f 3108 	3099 	3107
f 3098 	3107 	3099
f 3082 	3109 	3111
f 3082 	3111 	3083
f 3110 	3037 	3105
f 3113 	3081 	3112
f 3080 	3112 	3081
f 3219 	3284 	3104
f 2945 	2944 	3059
f 2945 	3059 	3058
f 3102 	3138 	3103
f 3122 	3103 	3138
f 3050 	2943 	2942
f 3050 	2942 	3051
f 3108 	3107 	3111
f 3108 	3111 	3109
f 3039 	3038 	3117
f 3116 	3118 	3115
f 3118 	3119 	3115
f 3119 	3120 	3115
f 3091 	3115 	3120
f 3114 	3285 	3121
f 3124 	3103 	3123
f 3126 	3127 	3128
f 3129 	3130 	3128
f 3130 	3131 	3128
f 3126 	3128 	3131
f 3132 	3012 	3125
f 3133 	3134 	3135
f 3133 	3135 	3136
f 3012 	3008 	3125
f 3141 	3137 	3102
f 3138 	3102 	3137
f 3140 	3009 	3132
f 3139 	3039 	3136
f 3133 	3136 	3039
f 3117 	3133 	3039
f 3135 	3134 	3286
f 3134 	3121 	3286
f 3285 	3286 	3121
f 3132 	3009 	3012
f 3055 	3195 	3073
f 3147 	3148 	3146
f 3148 	3149 	3146
f 3149 	3150 	3146
f 3145 	3146 	3150
f 3072 	3068 	3101
f 3067 	3101 	3068
f 3098 	3093 	3106
f 3092 	3106 	3093
f 3143 	3217 	3151
f 3154 	3155 	3153
f 3155 	3156 	3153
f 3156 	3157 	3153
f 3152 	3153 	3157
f 3072 	3101 	3103
f 3122 	3123 	3103
f 3072 	3103 	3124
f 2953 	2951 	3238
f 3159 	3057 	3158
f 3057 	3055 	3158
f 3073 	3158 	3055
f 3107 	3106 	3092
f 3107 	3092 	3084
f 3107 	3084 	3083
f 3107 	3083 	3111
f 2950 	3160 	2951
f 3164 	3165 	3163
f 3162 	3163 	3165
f 3112 	3080 	3077
f 2907 	3112 	3077
f 3160 	3238 	2951
f 3102 	3066 	3070
f 3070 	3141 	3102
f 3165 	3060 	3162
f 3166 	3060 	3165
f 3057 	3159 	3060
f 3162 	3060 	3159
f 3167 	3160 	2950
f 3163 	3292 	3164
f 3161 	3292 	3163
f 3168 	3164 	3292
f 3109 	3082 	3108
f 3082 	3089 	3108
f 3089 	3095 	3108
f 3099 	3108 	3095
f 2949 	3167 	2950
f 3166 	3169 	3061
f 3166 	3061 	3060
f 2908 	3079 	3113
f 3081 	3113 	3079
f 3168 	3293 	3075
f 3173 	3270 	3171
f 3294 	3295 	3074
f 3062 	3174 	3295
f 3074 	3295 	3174
f 2924 	2925 	3172
f 2924 	3172 	3175
f 3176 	3177 	3178
f 3176 	3178 	3179
f 3169 	3174 	3062
f 3169 	3062 	3061
f 3034 	3144 	3231
f 3183 	3184 	3182
f 3181 	3182 	3184
f 3180 	3181 	3184
f 3100 	3270 	3173
f 3265 	3171 	3270
f 3186 	3074 	3185
f 3174 	3185 	3074
f 3265 	3270 	3181
f 3187 	3188 	3173
f 3187 	3173 	3171
f 3187 	3171 	3189
f 3164 	3190 	3191
f 3164 	3191 	3165
f 3193 	3163 	3192
f 3162 	3192 	3163
f 3010 	3009 	3140
f 2915 	2914 	3172
f 2915 	3172 	2925
f 3191 	3190 	3186
f 3191 	3186 	3185
f 3194 	3010 	3140
f 3177 	3176 	3184
f 3177 	3184 	3183
f 3142 	3193 	3192
f 3195 	3011 	3194
f 3196 	3265 	3181
f 3185 	3174 	3191
f 3174 	3169 	3191
f 3169 	3166 	3191
f 3165 	3191 	3166
f 3010 	3194 	3011
f 3182 	3181 	3270
f 3197 	3182 	3270
f 3159 	3275 	3162
f 3158 	3275 	3159
f 2986 	3011 	3195
f 3135 	3199 	3200
f 3135 	3200 	3136
f 3201 	3202 	3134
f 3201 	3134 	3133
f 3203 	3268 	3198
f 3268 	3266 	3198
f 3055 	2986 	3195
f 3104 	3204 	3205
f 3104 	3205 	3105
f 2924 	3175 	3178
f 3179 	3178 	3175
f 3205 	3204 	3202
f 3205 	3202 	3201
f 3170 	3167 	2949
f 3208 	3036 	3175
f 3175 	3036 	3179
f 3179 	3036 	3203
f 3139 	3136 	2931
f 3200 	2931 	3136
f 3279 	3210 	2924
f 3279 	2924 	3178
f 3279 	3178 	3206
f 2948 	3170 	2949
f 3105 	3205 	3201
f 3133 	3117 	3201
f 3117 	3110 	3201
f 3105 	3201 	3110
f 2947 	3213 	2948
f 3210 	3282 	3215
f 3144 	2932 	3135
f 3034 	2932 	3144
f 3213 	3170 	2948
f 3040 	2918 	3287
f 3204 	3104 	3202
f 3104 	3114 	3202
f 3114 	3121 	3202
f 3134 	3202 	3121
f 2916 	3287 	2918
f 3212 	2918 	3040
f 2931 	3200 	2932
f 3199 	2932 	3200
f 3074 	3186 	3190
f 3164 	3168 	3190
f 3168 	3075 	3190
f 3074 	3190 	3075
f 3047 	3044 	2926
f 2927 	2926 	3044
f 2935 	3029 	2937
f 3028 	2937 	3029
f 3163 	3193 	3142
f 3143 	3151 	3142
f 3151 	3161 	3142
f 3163 	3142 	3161
f 3219 	3296 	2901
f 2945 	3058 	2942
f 3058 	3054 	2942
f 3054 	3052 	2942
f 3051 	2942 	3052
f 3217 	3213 	2947
f 3287 	3042 	3040
f 2917 	2921 	2930
f 2921 	3048 	2930
f 3048 	3047 	2930
f 2926 	2930 	3047
f 2946 	3217 	2947
f 2937 	3028 	2931
f 3028 	3139 	2931
f 3207 	3014 	3013
f 3087 	3220 	3221
f 3087 	3221 	3088
f 3209 	3014 	3207
f 3222 	3223 	3086
f 3222 	3086 	3085
f 3290 	3043 	3042
f 3015 	3014 	3209
f 3064 	3224 	3225
f 3064 	3225 	3065
f 3157 	3156 	3167
f 3211 	3015 	3209
f 3214 	3016 	3211
f 3157 	3167 	3170
f 3223 	3222 	3225
f 3223 	3225 	3224
f 3150 	3149 	3213
f 3226 	3227 	3290
f 3043 	3290 	3227
f 3150 	3213 	3217
f 3211 	3016 	3015
f 3227 	2907 	3043
f 3017 	3016 	3214
f 3090 	3088 	3187
f 3221 	3187 	3088
f 3096 	3090 	3187
f 3290 	3291 	3226
f 3222 	3085 	3076
f 3222 	3076 	3069
f 3222 	3069 	3065
f 3222 	3065 	3225
f 3216 	3017 	3214
f 3094 	3188 	3087
f 3094 	3100 	3188
f 3173 	3188 	3100
f 3224 	3064 	3223
f 3064 	3071 	3223
f 3071 	3078 	3223
f 3086 	3223 	3078
f 3079 	2908 	3246
f 3221 	3220 	3187
f 3188 	3187 	3220
f 3218 	3007 	3216
f 3059 	2944 	2943
f 3050 	3053 	2943
f 3053 	3056 	2943
f 3059 	2943 	3056
f 3017 	3216 	3007
f 3198 	3196 	3180
f 3181 	3180 	3196
f 3008 	3007 	3218
f 2920 	2919 	2929
f 2928 	3046 	2929
f 3046 	3049 	2929
f 2920 	2929 	3049
f 3125 	3008 	3218
f 2957 	3229 	2958
f 3096 	3189 	3097
f 3171 	3097 	3189
f 3229 	3228 	2958
f 3199 	3135 	2932
f 2933 	2932 	3034
f 3072 	3124 	3207
f 2956 	3230 	2957
f 2897 	2913 	3231
f 2914 	2918 	3172
f 2918 	3212 	3172
f 3212 	3208 	3172
f 3175 	3172 	3208
f 2957 	3230 	3229
f 3198 	3180 	3184
f 3176 	3179 	3184
f 3179 	3203 	3184
f 3198 	3184 	3203
f 3232 	3230 	2956
f 3129 	3091 	3137
f 3123 	3137 	3091
f 3233 	3231 	2913
f 3187 	3189 	3096
f 3091 	3209 	3123
f 3120 	3209 	3091
f 3124 	3123 	3209
f 3124 	3209 	3207
f 2955 	3232 	2956
f 2912 	3233 	2913
f 3226 	3234 	3235
f 3226 	3235 	3227
f 3137 	3228 	3129
f 3141 	3228 	3137
f 2953 	3236 	2955
f 2911 	3237 	2912
f 3234 	3113 	3235
f 3112 	3235 	3113
f 3230 	3131 	3229
f 3236 	3232 	2955
f 3237 	3233 	2912
f 3120 	3119 	3211
f 3120 	3211 	3209
f 3238 	3236 	2953
f 3239 	3237 	2911
f 3227 	3235 	3112
f 3227 	3112 	2907
f 3234 	3226 	3113
f 2908 	3113 	3226
f 3130 	3229 	3131
f 2910 	3239 	2911
f 2909 	3240 	2910
f 2916 	2915 	2925
f 2924 	3210 	2925
f 3210 	3215 	2925
f 2916 	2925 	3215
f 3240 	3239 	2910
f 3118 	3126 	3232
f 3178 	3177 	3183
f 3182 	3197 	3183
f 3197 	3206 	3183
f 3178 	3183 	3206
f 3232 	3214 	3118
f 3119 	3118 	3214
f 3119 	3214 	3211
f 3130 	3129 	3228
f 3229 	3130 	3228
f 3220 	3087 	3188
f 3131 	3230 	3126
f 2966 	3241 	2961
f 3230 	3232 	3126
f 3231 	3233 	3034
f 3241 	3242 	2961
f 3237 	3046 	3233
f 3239 	3049 	3237
f 3046 	3237 	3049
f 2966 	3228 	3241
f 3053 	3239 	3240
f 3070 	3242 	3241
f 3232 	3216 	3214
f 3228 	3141 	3241
f 3236 	3216 	3232
f 3068 	3244 	3245
f 3242 	3067 	3245
f 3228 	2966 	2958
f 3243 	2909 	2923
f 3207 	3244 	3072
f 3068 	3072 	3244
f 3218 	3216 	3238
f 3247 	3045 	3077
f 3243 	3240 	2909
f 3248 	3243 	2923
f 3238 	3216 	3236
f 3077 	3080 	3247
f 3080 	3083 	3247
f 3248 	3059 	3243
f 3084 	3092 	3249
f 3251 	3246 	2964
f 3218 	3238 	3252
f 3155 	3252 	3238
f 2922 	3248 	2923
f 3250 	3093 	3245
f 3019 	3018 	3245
f 3258 	3248 	2922
f 2963 	3251 	2964
f 3253 	3218 	3252
f 2962 	3254 	2963
f 3244 	3019 	3245
f 3160 	3156 	3155
f 3160 	3155 	3238
f 3013 	3244 	3207
f 3243 	3056 	3240
f 2963 	3254 	3251
f 3244 	3013 	3019
f 3160 	3167 	3156
f 3247 	3022 	3045
f 3242 	3254 	2962
f 3256 	3152 	3148
f 3256 	3148 	3257
f 3259 	3132 	3257
f 3256 	3257 	3132
f 3258 	2922 	2941
f 3249 	3020 	3247
f 3242 	2962 	2961
f 3170 	3149 	3148
f 3170 	3148 	3152
f 3170 	3152 	3157
f 3020 	3022 	3247
f 3262 	3258 	2941
f 3021 	3020 	3249
f 3261 	3194 	3260
f 3194 	3140 	3260
f 3250 	3021 	3249
f 3070 	3241 	3141
f 3018 	3250 	3245
f 3170 	3213 	3149
f 2940 	3262 	2941
f 3018 	3021 	3250
f 3195 	3264 	3217
f 2939 	3263 	2940
f 3145 	3217 	3264
f 3261 	3264 	3195
f 3079 	3246 	3251
f 3262 	2940 	3263
f 3194 	3261 	3195
f 3266 	3265 	3196
f 3267 	3263 	2939
f 3095 	3089 	3254
f 3217 	3145 	3150
f 3196 	3198 	3266
f 3095 	3254 	3242
f 3195 	3217 	3269
f 3268 	3203 	3036
f 2938 	3267 	2939
f 3143 	3269 	3217
f 3036 	3208 	3035
f 3212 	3035 	3208
f 3271 	3267 	2938
f 3195 	3269 	3073
f 3212 	3040 	3035
f 2975 	3270 	2934
f 2936 	3271 	2938
f 3265 	3023 	3005
f 2974 	3272 	2975
f 3142 	3275 	3143
f 3269 	3143 	3275
f 3274 	3269 	3275
f 2934 	3273 	2936
f 3264 	3276 	3277
f 3146 	3145 	3277
f 3264 	3277 	3145
f 3024 	3023 	3265
f 3272 	3270 	2975
f 3273 	3271 	2936
f 3148 	3147 	3278
f 3148 	3278 	3257
f 3266 	3024 	3265
f 3279 	3272 	2974
f 3270 	3273 	2934
f 3153 	3152 	3280
f 3256 	3280 	3152
f 3100 	3094 	3273
f 3268 	3025 	3266
f 3155 	3154 	3281
f 3155 	3281 	3252
f 2973 	3279 	2974
f 3275 	3142 	3192
f 3025 	3024 	3266
f 2972 	3282 	2973
f 3026 	3025 	3268
f 3278 	3147 	3146
f 3278 	3146 	3277
f 3282 	3279 	2973
f 3036 	3026 	3268
f 2995 	3248 	3258
f 3281 	3154 	3153
f 3281 	3153 	3280
f 3027 	3026 	3036
f 3269 	3274 	3073
f 3158 	3073 	3274
f 2971 	3283 	2972
f 3071 	3064 	3263
f 3264 	3261 	3276
f 3260 	3276 	3261
f 3283 	3282 	2972
f 2900 	3219 	2901
f 3158 	3274 	3275
f 3192 	3162 	3275
f 3078 	3071 	3267
f 3263 	3267 	3071
f 2971 	3287 	3283
f 2899 	3284 	2900
f 3277 	3276 	3260
f 3277 	3260 	3259
f 3277 	3259 	3257
f 3277 	3257 	3278
f 3282 	3283 	3215
f 3094 	3087 	3271
f 3267 	3271 	3078
f 3284 	3219 	2900
f 3285 	3284 	2899
f 3271 	3273 	3094
f 3280 	3256 	3255
f 3280 	3255 	3253
f 3280 	3253 	3252
f 3280 	3252 	3281
f 3287 	2971 	2970
f 3127 	3126 	3116
f 3118 	3116 	3126
f 3273 	3270 	3100
f 2898 	3285 	2899
f 3129 	3128 	3115
f 3129 	3115 	3091
f 3125 	3218 	3253
f 3138 	3137 	3122
f 3123 	3122 	3137
f 3286 	3285 	2898
f 3253 	3255 	3125
f 3132 	3125 	3255
f 3127 	3116 	3115
f 3127 	3115 	3128
f 2897 	3286 	2898
f 3259 	3140 	3132
f 3255 	3256 	3132
f 3272 	3197 	3270
f 3259 	3260 	3140
f 3279 	3206 	3272
f 3197 	3272 	3206
f 2897 	3231 	3286
f 3210 	3279 	3282
f 3296 	3219 	3063
f 3114 	3104 	3284
f 3284 	3285 	3114
f 3287 	2916 	3283
f 3144 	3135 	3286
f 3286 	3231 	3144
f 2979 	3289 	2970
f 2906 	3288 	2946
f 3289 	3287 	2970
f 3290 	3289 	2979
f 2978 	3290 	2979
f 3288 	3217 	2946
f 2977 	3291 	2978
f 3292 	3288 	2906
f 2978 	3291 	3290
f 3292 	3161 	3288
f 3246 	3291 	2977
f 2905 	3292 	2906
f 2904 	3293 	2905
f 3246 	2977 	2964
f 3293 	3292 	2905
f 3215 	3283 	2916
f 2903 	3294 	2904
f 3042 	3287 	3289
f 3042 	3289 	3290
f 2908 	3226 	3291
f 3291 	3246 	2908
f 2904 	3294 	3293
f 3295 	3294 	2903
f 2902 	3295 	2903
f 2901 	3296 	2902
f 3296 	3295 	2902
f 3151 	3217 	3288
f 3151 	3288 	3161
f 3293 	3168 	3292
f 3294 	3075 	3293
f 3296 	3063 	3295
f 2967 	3047 	2968
f 3044 	3047 	2967
f 3048 	2980 	2968
# 796 faces

 #end of obj_5

o obj_6
v 5 		-25 		24
v 5 		-25 		16
v 5 		-23 		16
v 5 		-23 		24
v -5 		-23 		24
v -5 		-23 		16
v -5 		-25 		16
v -5 		-25 		24
v 4 		-25.5 		22.5
v 4 		-25.5 		18.5
v 0.1 		-25 		17.625
v 4 		-25 		18.5
v 4 		-25 		22.5
v -1.348 		-25 		17.994
v -1.444 		-25 		17.974
v -4 		-25.5 		18.5
v -4 		-25.5 		22.5
v -1.444 		-25.5 		17.974
v -4 		-25 		22.5
v -4 		-25 		18.5
v -1.348 		-25.5 		17.994
v -3.25 		-25 		18
v -3.348 		-25 		17.994
v -3.348 		-25.5 		17.994
v -3.25 		-25.5 		18
v -1.537 		-25 		17.943
v -1.537 		-25.5 		17.943
v -3.392 		-25 		17.9848
v -1.625 		-25 		17.9
v -1.625 		-25.5 		17.9
v -2.526 		-25 		17.056
v -2.526 		-25.5 		17.056
v -2.5367 		-25 		17.024
v -1.707 		-25 		17.845
v -2.506 		-25 		17.152
v -2.506 		-25.5 		17.152
v -2.526 		-25 		17.444
v -1.707 		-25.5 		17.845
v -2.506 		-25 		17.348
v 1.5 		-25.5 		17.25
v -2.5 		-25 		17.25
v 1.494 		-25.5 		17.348
v -2.5 		-25.5 		17.25
v 1.474 		-25.5 		17.444
v 1.443 		-25.5 		17.537
v 1.4 		-25.5 		17.625
v 1.345 		-25.5 		17.707
v 1.28 		-25.5 		17.78
v 1.207 		-25.5 		17.845
v 1.125 		-25.5 		17.9
v -2.5567 		-25 		17.536
v 1.037 		-25.5 		17.943
v -1.78 		-25 		17.78
v -2.506 		-25.5 		17.348
v 0.944 		-25.5 		17.974
v -1.78 		-25.5 		17.78
v 0.848 		-25.5 		17.994
v 0.057 		-25 		17.537
v -3.444 		-25 		17.974
v 0.057 		-25.5 		17.537
v 0.1 		-25.5 		17.625
v -1.845 		-25 		17.707
v -1.845 		-25.5 		17.707
v -3.537 		-25 		17.943
v -0.5 		-25 		18.5
v 0.026 		-25 		17.444
v 0.026 		-25.5 		17.444
v -2.5 		-25 		18.5
v -3.625 		-25 		17.9
v -1.9 		-25 		17.625
v -1.9 		-25.5 		17.625
v -3.707 		-25 		17.845
v 0.006 		-25 		17.348
v 0.006 		-25.5 		17.348
v -3.78 		-25 		17.78
v -1.943 		-25 		17.537
v -1.943 		-25.5 		17.537
v 0 		-25 		17.25
v 0 		-25.5 		17.25
v -3.845 		-25 		17.707
v -4 		-25 		17.25
v -1.974 		-25 		17.444
v -1.974 		-25.5 		17.444
v -3.9 		-25 		17.625
v 0.006 		-25 		17.152
v 0.006 		-25.5 		17.152
v -3.943 		-25 		17.537
v -1.994 		-25 		17.348
v -1.994 		-25.5 		17.348
v 0.026 		-25 		17.056
v 0.026 		-25.5 		17.056
v -3.974 		-25 		17.444
v -2 		-25 		17.25
v -2 		-25.5 		17.25
v -3.994 		-25 		17.348
v 0.0367 		-25 		17.024
v 0.75 		-25 		16.5
v 0.75 		-25.5 		18
v -1.994 		-25 		17.152
v -1.994 		-25.5 		17.152
v 0.848 		-25 		16.506
v 0.848 		-25.5 		16.506
v 0.75 		-25.5 		16.5
v -3.994 		-25 		17.152
v 0 		-25 		16.5
v -1.25 		-25 		16.5
v -1.974 		-25 		17.056
v -1.974 		-25.5 		17.056
v 0.944 		-25 		16.526
v -3.974 		-25 		17.056
v 0.944 		-25.5 		16.526
v -2.5 		-25 		16.5
v -1.9633 		-25 		17.024
v -3.25 		-25 		16.5
v -3.9633 		-25 		17.024
v 1.037 		-25 		16.557
v 1.037 		-25.5 		16.557
v -1.152 		-25 		16.506
v -3.152 		-25 		16.506
v -1.152 		-25.5 		16.506
v -1.25 		-25.5 		16.5
v 1.125 		-25 		16.6
v 1.125 		-25.5 		16.6
v -3.056 		-25 		16.526
v -1.056 		-25 		16.526
v -1.056 		-25.5 		16.526
v 1.207 		-25 		16.655
v -2.963 		-25 		16.557
v 1.207 		-25.5 		16.655
v -0.963 		-25 		16.557
v -0.963 		-25.5 		16.557
v -2.875 		-25 		16.6
v 1.28 		-25 		16.72
v 1.28 		-25.5 		16.72
v -2.793 		-25 		16.655
v -0.875 		-25 		16.6
v -0.875 		-25.5 		16.6
v 1.345 		-25 		16.793
v 1.345 		-25.5 		16.793
v -2.72 		-25 		16.72
v -0.793 		-25 		16.655
v -0.793 		-25.5 		16.655
v -2.655 		-25 		16.793
v 1.4 		-25 		16.875
v 1.4 		-25.5 		16.875
v -0.72 		-25 		16.72
v -0.72 		-25.5 		16.72
v -2.6 		-25 		16.875
v 1.443 		-25 		16.963
v -0.655 		-25 		16.793
v 1.443 		-25.5 		16.963
v -2.557 		-25 		16.963
v -0.655 		-25.5 		16.793
v -0.6 		-25 		16.875
v -0.6 		-25.5 		16.875
v 1.4633 		-25 		17.024
v -3.348 		-25 		16.506
v -3.392 		-25 		16.5152
v -0.557 		-25 		16.963
v -0.557 		-25.5 		16.963
v 0.704 		-25 		16.5028
v -3.943 		-25 		16.963
v -0.5367 		-25 		17.024
v 0.057 		-25 		16.963
v 0.057 		-25.5 		16.963
v -3.9 		-25 		16.875
v -1.344 		-25 		16.5058
v 0.1 		-25 		16.875
v 0.1 		-25.5 		16.875
v -3.845 		-25 		16.793
v 1.474 		-25.5 		17.056
v 1.494 		-25.5 		17.152
v 0.155 		-25 		16.793
v 0.155 		-25.5 		16.793
v -3.78 		-25 		16.72
v -1.943 		-25 		16.963
v -1.943 		-25.5 		16.963
v -3.707 		-25 		16.655
v 0.22 		-25 		16.72
v 0.22 		-25.5 		16.72
v -1.9 		-25 		16.875
v -1.9 		-25.5 		16.875
v -3.625 		-25 		16.6
v 0.293 		-25 		16.655
v 0.293 		-25.5 		16.655
v -1.845 		-25 		16.793
v -1.845 		-25.5 		16.793
v -3.537 		-25 		16.557
v 0.375 		-25 		16.6
v 0.375 		-25.5 		16.6
v -1.78 		-25 		16.72
v -1.78 		-25.5 		16.72
v -3.444 		-25 		16.526
v 0.652 		-25.5 		17.994
v 0.556 		-25.5 		17.974
v 0.463 		-25.5 		17.943
v 0.375 		-25.5 		17.9
v 0.293 		-25.5 		17.845
v 0.463 		-25 		16.557
v -1.707 		-25 		16.655
v 0.22 		-25.5 		17.78
v 0.463 		-25.5 		16.557
v -1.707 		-25.5 		16.655
v 0.155 		-25.5 		17.707
v -1.625 		-25 		16.6
v 0.556 		-25 		16.526
v -1.625 		-25.5 		16.6
v 0.556 		-25.5 		16.526
v 0.652 		-25 		16.506
v -1.537 		-25 		16.557
v 0.652 		-25.5 		16.506
v -1.537 		-25.5 		16.557
v -1.444 		-25 		16.526
v -1.444 		-25.5 		16.526
v -1.348 		-25 		16.506
v -1.348 		-25.5 		16.506
v -0.526 		-25 		17.056
v -0.526 		-25.5 		17.056
v -0.506 		-25 		17.152
v -0.506 		-25.5 		17.152
v -2.557 		-25 		17.537
v -2.557 		-25.5 		17.537
v -0.5 		-25 		17.25
v -2.6 		-25 		17.625
v -0.5 		-25.5 		17.25
v -2.6 		-25.5 		17.625
v -2.655 		-25 		17.707
v -0.506 		-25 		17.348
v -2.655 		-25.5 		17.707
v -0.506 		-25.5 		17.348
v -2.72 		-25 		17.78
v -2.72 		-25.5 		17.78
v -0.526 		-25 		17.444
v -0.526 		-25.5 		17.444
v -2.793 		-25 		17.845
v -2.793 		-25.5 		17.845
v -0.557 		-25 		17.537
v -0.557 		-25.5 		17.537
v -2.875 		-25 		17.9
v -2.875 		-25.5 		17.9
v -0.6 		-25.5 		17.625
v -0.655 		-25.5 		17.707
v -0.6 		-25 		17.625
v -0.72 		-25.5 		17.78
v -0.793 		-25.5 		17.845
v -0.875 		-25.5 		17.9
v -0.963 		-25.5 		17.943
v -1.056 		-25.5 		17.974
v -1.152 		-25.5 		17.994
v -2.963 		-25 		17.943
v -1.25 		-25.5 		18
v -2.963 		-25.5 		17.943
v -0.655 		-25 		17.707
v -3.056 		-25 		17.974
v -3.056 		-25.5 		17.974
v -0.72 		-25 		17.78
v -3.152 		-25 		17.994
v -3.152 		-25.5 		17.994
v -0.793 		-25 		17.845
v -0.875 		-25 		17.9
v -2.526 		-25.5 		17.444
v -0.963 		-25 		17.943
v -1.056 		-25 		17.974
v -1.152 		-25 		17.994
v -1.25 		-25 		18
v -1.344 		-25 		17.9942
v -3.444 		-25.5 		17.974
v -3.537 		-25.5 		17.943
v -3.625 		-25.5 		17.9
v -3.707 		-25.5 		17.845
v 1.5 		-25 		17.25
v -3.78 		-25.5 		17.78
v -3.845 		-25.5 		17.707
v 0.75 		-25 		18
v -3.9 		-25.5 		17.625
v -3.943 		-25.5 		17.537
v 1.474 		-25 		17.056
v -3.974 		-25.5 		17.444
v 1.494 		-25 		17.152
v -3.994 		-25.5 		17.348
v -4 		-25.5 		17.25
v 1.494 		-25 		17.348
v -3.994 		-25.5 		17.152
v -3.974 		-25.5 		17.056
v 1.474 		-25 		17.444
v 1.443 		-25 		17.537
v 1.4 		-25 		17.625
v 1.345 		-25 		17.707
v -3.152 		-25.5 		16.506
v -3.348 		-25.5 		16.506
v -3.25 		-25.5 		16.5
v -3.056 		-25.5 		16.526
v -2.963 		-25.5 		16.557
v 1.28 		-25 		17.78
v -2.875 		-25.5 		16.6
v -2.793 		-25.5 		16.655
v -2.72 		-25.5 		16.72
v -2.655 		-25.5 		16.793
v -2.6 		-25.5 		16.875
v -2.557 		-25.5 		16.963
v 1.207 		-25 		17.845
v 1.125 		-25 		17.9
v -3.943 		-25.5 		16.963
v -3.9 		-25.5 		16.875
v -3.845 		-25.5 		16.793
v -3.78 		-25.5 		16.72
v -3.707 		-25.5 		16.655
v 1.037 		-25 		17.943
v -3.625 		-25.5 		16.6
v -3.537 		-25.5 		16.557
v -3.444 		-25.5 		16.526
v 0.944 		-25 		17.974
v 0.848 		-25 		17.994
v 0.704 		-25 		17.9972
v 0.652 		-25 		17.994
v 0.556 		-25 		17.974
v 0.463 		-25 		17.943
v 0.375 		-25 		17.9
v 0.293 		-25 		17.845
v 0.22 		-25 		17.78
v 0.155 		-25 		17.707
# 321 vertices

g group_6_1973790

usemtl color_1973790
s 0

f 3297 	3298 	3299
f 3297 	3299 	3300
f 3301 	3302 	3303
f 3301 	3303 	3304
f 3300 	3301 	3304
f 3300 	3304 	3297
f 3298 	3303 	3302
f 3298 	3302 	3299
f 3389 	3384 	3335
f 3355 	3316 	3360
f 3360 	3316 	3365
f 3365 	3316 	3368
f 3376 	3316 	3380
f 3368 	3316 	3371
f 3297 	3309 	3308
f 3297 	3308 	3298
f 3371 	3316 	3376
f 3383 	3380 	3316
f 3400 	3377 	3303
f 3377 	3391 	3303
f 3303 	3388 	3316
f 3304 	3303 	3316
f 3304 	3316 	3315
f 3391 	3388 	3303
f 3304 	3315 	3309
f 3304 	3309 	3297
f 3383 	3316 	3388
f 3400 	3303 	3406
f 3411 	3406 	3303
f 3298 	3393 	3401
f 3401 	3414 	3298
f 3463 	3303 	3402
f 3408 	3415 	3303
f 3484 	3303 	3489
f 3298 	3402 	3303
f 3410 	3303 	3415
f 3415 	3408 	3420
f 3424 	3420 	3408
f 3424 	3408 	3428
f 3378 	3372 	3347
f 3327 	3329 	3409
f 3408 	3472 	3444
f 3408 	3444 	3439
f 3436 	3408 	3439
f 3428 	3408 	3431
f 3431 	3408 	3436
f 3364 	3523 	3366
f 3405 	3298 	3412
f 3372 	3366 	3520
f 3520 	3517 	3372
f 3517 	3347 	3372
f 3410 	3453 	3303
f 3335 	3337 	3389
f 3411 	3303 	3458
f 3458 	3303 	3462
f 3462 	3303 	3466
f 3466 	3303 	3471
f 3471 	3303 	3474
f 3474 	3303 	3479
f 3303 	3484 	3479
f 3453 	3454 	3303
f 3454 	3489 	3303
f 3300 	3299 	3302
f 3300 	3302 	3301
f 3412 	3298 	3418
f 3423 	3418 	3298
f 3423 	3298 	3429
f 3445 	3298 	3452
f 3440 	3298 	3445
f 3386 	3381 	3515
f 3513 	3459 	3392
f 3464 	3401 	3469
f 3469 	3401 	3475
f 3475 	3401 	3480
f 3480 	3401 	3485
f 3485 	3401 	3495
f 3495 	3401 	3502
f 3502 	3401 	3505
f 3393 	3457 	3401
f 3395 	3389 	3337
f 3505 	3401 	3457
f 3401 	3421 	3414
f 3402 	3298 	3414
f 3421 	3401 	3426
f 3561 	3361 	3562
f 3364 	3310 	3361
f 3515 	3513 	3386
f 3374 	3369 	3524
f 3392 	3386 	3513
f 3460 	3392 	3459
f 3459 	3455 	3460
f 3446 	3401 	3450
f 3442 	3401 	3446
f 3437 	3401 	3442
f 3426 	3401 	3432
f 3555 	3552 	3361
f 3308 	3578 	3567
f 3575 	3298 	3567
f 3434 	3298 	3440
f 3308 	3567 	3298
f 3434 	3429 	3298
f 3539 	3307 	3549
f 3549 	3361 	3552
f 3570 	3609 	3361
f 3361 	3609 	3308
f 3597 	3590 	3308
f 3584 	3583 	3308
f 3582 	3581 	3308
f 3558 	3556 	3361
f 3452 	3298 	3573
f 3555 	3361 	3556
f 3573 	3298 	3575
f 3558 	3361 	3559
f 3559 	3361 	3560
f 3561 	3560 	3361
f 3578 	3308 	3581
f 3582 	3308 	3583
f 3584 	3308 	3590
f 3562 	3361 	3310
f 3330 	3325 	3364
f 3310 	3364 	3311
f 3358 	3349 	3364
f 3311 	3364 	3322
f 3608 	3604 	3308
f 3322 	3364 	3325
f 3358 	3364 	3366
f 3597 	3308 	3598
f 3330 	3364 	3349
f 3598 	3308 	3604
f 3608 	3308 	3609
f 3570 	3361 	3610
f 3610 	3361 	3611
f 3615 	3614 	3361
f 3611 	3361 	3612
f 3361 	3549 	3307
f 3612 	3361 	3613
f 3613 	3361 	3614
f 3539 	3533 	3307
f 3615 	3361 	3616
f 3529 	3354 	3533
f 3616 	3361 	3617
f 3617 	3361 	3307
f 3307 	3533 	3354
f 3354 	3529 	3362
f 3362 	3529 	3369
f 3529 	3524 	3369
f 3524 	3519 	3374
f 3381 	3374 	3519
f 3519 	3515 	3381
f 3432 	3401 	3437
f 3298 	3405 	3397
f 3298 	3397 	3393
f 3401 	3455 	3450
f 3464 	3460 	3455
f 3401 	3464 	3455
f 3337 	3331 	3395
f 3403 	3395 	3331
f 3333 	3335 	3384
f 3472 	3408 	3477
f 3477 	3408 	3482
f 3501 	3496 	3408
f 3482 	3408 	3487
f 3303 	3511 	3408
f 3487 	3408 	3496
f 3501 	3408 	3506
f 3506 	3408 	3509
f 3509 	3408 	3511
f 3463 	3511 	3303
f 3553 	3364 	3318
f 3550 	3364 	3553
f 3550 	3546 	3364
f 3535 	3531 	3364
f 3316 	3318 	3364
f 3384 	3378 	3333
f 3347 	3333 	3378
f 3520 	3366 	3523
f 3523 	3364 	3527
f 3527 	3364 	3531
f 3535 	3364 	3546
f 3355 	3324 	3316
f 3316 	3319 	3318
f 3319 	3316 	3324
f 3448 	3444 	3472
f 3329 	3448 	3472
f 3472 	3409 	3329
f 3331 	3327 	3403
f 3409 	3403 	3327
# 187 faces

g group_6_2052607

usemtl color_2052607
s 0

f 3305 	3306 	3308
f 3305 	3308 	3309
f 3312 	3313 	3315
f 3312 	3315 	3316
f 3309 	3315 	3313
f 3309 	3313 	3305
f 3361 	3312 	3364
f 3364 	3312 	3316
f 3313 	3312 	3306
f 3313 	3306 	3305
f 3308 	3306 	3361
f 3312 	3361 	3306
# 12 faces

g group_6_4634441

usemtl color_4634441
s 0

f 3307 	3354 	3356
f 3307 	3356 	3357
f 3354 	3362 	3363
f 3354 	3363 	3356
f 3362 	3369 	3370
f 3362 	3370 	3363
f 3369 	3374 	3375
f 3369 	3375 	3370
f 3375 	3374 	3381
f 3375 	3381 	3382
f 3381 	3386 	3387
f 3381 	3387 	3382
f 3386 	3392 	3387
f 3397 	3398 	3399
f 3397 	3399 	3393
f 3405 	3407 	3398
f 3405 	3398 	3397
f 3412 	3413 	3407
f 3412 	3407 	3405
f 3418 	3419 	3413
f 3418 	3413 	3412
f 3423 	3425 	3419
f 3423 	3419 	3418
f 3429 	3430 	3425
f 3429 	3425 	3423
f 3434 	3435 	3430
f 3434 	3430 	3429
f 3440 	3441 	3435
f 3440 	3435 	3434
f 3445 	3447 	3441
f 3445 	3441 	3440
f 3447 	3445 	3452
f 3399 	3457 	3393
f 3392 	3460 	3461
f 3392 	3461 	3387
f 3460 	3464 	3465
f 3460 	3465 	3461
f 3336 	3338 	3340
f 3336 	3340 	3341
f 3336 	3341 	3342
f 3336 	3342 	3343
f 3336 	3343 	3344
f 3336 	3344 	3345
f 3336 	3345 	3346
f 3336 	3346 	3348
f 3336 	3348 	3351
f 3353 	3407 	3351
f 3467 	3351 	3447
f 3468 	3351 	3467
f 3336 	3351 	3468
f 3464 	3469 	3470
f 3464 	3470 	3465
f 3469 	3475 	3476
f 3469 	3476 	3470
f 3480 	3481 	3476
f 3480 	3476 	3475
f 3485 	3486 	3481
f 3485 	3481 	3480
f 3495 	3498 	3486
f 3495 	3486 	3485
f 3490 	3491 	3394
f 3353 	3394 	3491
f 3353 	3491 	3492
f 3353 	3492 	3493
f 3353 	3493 	3494
f 3353 	3494 	3497
f 3353 	3497 	3500
f 3353 	3500 	3357
f 3353 	3357 	3356
f 3353 	3356 	3363
f 3353 	3363 	3370
f 3353 	3370 	3375
f 3353 	3375 	3382
f 3353 	3382 	3387
f 3502 	3504 	3498
f 3502 	3498 	3495
f 3505 	3507 	3504
f 3505 	3504 	3502
f 3505 	3457 	3507
f 3399 	3507 	3457
f 3447 	3351 	3441
f 3441 	3351 	3435
f 3399 	3398 	3353
f 3398 	3407 	3353
f 3413 	3351 	3407
f 3419 	3351 	3413
f 3425 	3351 	3419
f 3430 	3351 	3425
f 3435 	3351 	3430
f 3507 	3399 	3353
f 3387 	3461 	3353
f 3461 	3465 	3353
f 3465 	3470 	3353
f 3470 	3476 	3353
f 3476 	3481 	3353
f 3486 	3353 	3481
f 3498 	3353 	3486
f 3504 	3353 	3498
f 3507 	3353 	3504
f 3447 	3452 	3467
f 3573 	3467 	3452
f 3575 	3468 	3467
f 3575 	3467 	3573
f 3567 	3336 	3468
f 3567 	3468 	3575
f 3578 	3338 	3336
f 3578 	3336 	3567
f 3581 	3340 	3338
f 3581 	3338 	3578
f 3582 	3341 	3340
f 3582 	3340 	3581
f 3583 	3342 	3341
f 3583 	3341 	3582
f 3584 	3343 	3342
f 3584 	3342 	3583
f 3590 	3344 	3343
f 3590 	3343 	3584
f 3590 	3597 	3345
f 3590 	3345 	3344
f 3597 	3598 	3346
f 3597 	3346 	3345
f 3598 	3604 	3348
f 3598 	3348 	3346
f 3604 	3608 	3351
f 3604 	3351 	3348
f 3608 	3609 	3353
f 3608 	3353 	3351
f 3609 	3570 	3394
f 3609 	3394 	3353
f 3570 	3610 	3394
f 3610 	3611 	3490
f 3610 	3490 	3394
f 3611 	3612 	3491
f 3611 	3491 	3490
f 3612 	3613 	3492
f 3612 	3492 	3491
f 3613 	3614 	3493
f 3613 	3493 	3492
f 3614 	3615 	3494
f 3614 	3494 	3493
f 3615 	3616 	3497
f 3615 	3497 	3494
f 3616 	3617 	3500
f 3616 	3500 	3497
f 3617 	3307 	3357
f 3617 	3357 	3500
# 146 faces

g group_6_15277357

usemtl color_15277357
s 0

f 3318 	3319 	3320
f 3318 	3320 	3321
f 3319 	3324 	3320
f 3327 	3328 	3329
f 3331 	3332 	3328
f 3331 	3328 	3327
f 3337 	3339 	3332
f 3337 	3332 	3331
f 3335 	3350 	3339
f 3335 	3339 	3337
f 3517 	3518 	3347
f 3520 	3522 	3518
f 3520 	3518 	3517
f 3523 	3525 	3522
f 3523 	3522 	3520
f 3527 	3528 	3525
f 3527 	3525 	3523
f 3527 	3531 	3532
f 3527 	3532 	3528
f 3531 	3535 	3536
f 3531 	3536 	3532
f 3535 	3546 	3548
f 3535 	3548 	3536
f 3546 	3550 	3551
f 3546 	3551 	3548
f 3550 	3553 	3554
f 3550 	3554 	3551
f 3553 	3318 	3321
f 3553 	3321 	3554
f 3333 	3557 	3350
f 3333 	3350 	3335
f 3333 	3347 	3557
f 3518 	3557 	3347
f 3324 	3355 	3563
f 3324 	3563 	3320
f 3355 	3360 	3564
f 3355 	3564 	3563
f 3360 	3365 	3565
f 3360 	3565 	3564
f 3365 	3368 	3566
f 3365 	3566 	3565
f 3368 	3371 	3568
f 3368 	3568 	3566
f 3522 	3321 	3518
f 3525 	3321 	3522
f 3320 	3557 	3321
f 3321 	3525 	3528
f 3321 	3528 	3532
f 3321 	3532 	3536
f 3321 	3536 	3548
f 3321 	3548 	3551
f 3321 	3551 	3554
f 3371 	3376 	3569
f 3371 	3569 	3568
f 3376 	3380 	3571
f 3376 	3571 	3569
f 3557 	3320 	3350
f 3518 	3321 	3557
f 3339 	3350 	3320
f 3600 	3601 	3563
f 3328 	3332 	3320
f 3339 	3320 	3332
f 3380 	3383 	3572
f 3380 	3572 	3571
f 3383 	3388 	3574
f 3383 	3574 	3572
f 3388 	3391 	3576
f 3388 	3576 	3574
f 3391 	3377 	3577
f 3391 	3577 	3576
f 3577 	3377 	3400
f 3577 	3400 	3579
f 3580 	3599 	3563
f 3599 	3600 	3563
f 3579 	3580 	3563
f 3565 	3577 	3564
f 3563 	3564 	3577
f 3577 	3579 	3563
f 3577 	3565 	3566
f 3577 	3566 	3568
f 3577 	3568 	3569
f 3577 	3569 	3571
f 3577 	3571 	3572
f 3577 	3572 	3574
f 3577 	3574 	3576
f 3400 	3406 	3580
f 3400 	3580 	3579
f 3599 	3580 	3411
f 3406 	3411 	3580
f 3415 	3585 	3587
f 3415 	3587 	3410
f 3587 	3320 	3586
f 3585 	3320 	3587
f 3588 	3320 	3585
f 3589 	3320 	3588
f 3591 	3320 	3589
f 3592 	3320 	3591
f 3593 	3320 	3592
f 3594 	3320 	3593
f 3595 	3320 	3594
f 3596 	3320 	3595
f 3328 	3320 	3596
f 3420 	3588 	3585
f 3420 	3585 	3415
f 3424 	3589 	3588
f 3424 	3588 	3420
f 3428 	3591 	3589
f 3428 	3589 	3424
f 3602 	3603 	3563
f 3601 	3602 	3563
f 3603 	3605 	3563
f 3605 	3606 	3563
f 3606 	3607 	3563
f 3320 	3563 	3607
f 3586 	3320 	3607
f 3431 	3592 	3591
f 3431 	3591 	3428
f 3436 	3593 	3592
f 3436 	3592 	3431
f 3439 	3594 	3593
f 3439 	3593 	3436
f 3444 	3595 	3594
f 3444 	3594 	3439
f 3448 	3596 	3595
f 3448 	3595 	3444
f 3448 	3329 	3596
f 3328 	3596 	3329
f 3453 	3586 	3454
f 3587 	3586 	3453
f 3587 	3453 	3410
f 3411 	3458 	3599
f 3458 	3462 	3600
f 3458 	3600 	3599
f 3462 	3466 	3601
f 3462 	3601 	3600
f 3466 	3471 	3602
f 3466 	3602 	3601
f 3474 	3603 	3602
f 3474 	3602 	3471
f 3479 	3605 	3603
f 3479 	3603 	3474
f 3484 	3606 	3605
f 3484 	3605 	3479
f 3489 	3607 	3606
f 3489 	3606 	3484
f 3489 	3454 	3607
f 3586 	3607 	3454
# 147 faces

g group_6_16768282

usemtl color_16768282
s 0

f 3310 	3311 	3314
f 3310 	3314 	3317
f 3311 	3322 	3323
f 3311 	3323 	3314
f 3322 	3325 	3326
f 3322 	3326 	3323
f 3325 	3330 	3334
f 3325 	3334 	3326
f 3330 	3349 	3352
f 3330 	3352 	3334
f 3349 	3358 	3359
f 3349 	3359 	3352
f 3358 	3366 	3367
f 3358 	3367 	3359
f 3366 	3372 	3373
f 3366 	3373 	3367
f 3372 	3378 	3379
f 3372 	3379 	3373
f 3378 	3384 	3385
f 3378 	3385 	3379
f 3384 	3389 	3390
f 3384 	3390 	3385
f 3390 	3389 	3395
f 3390 	3395 	3396
f 3395 	3403 	3404
f 3395 	3404 	3396
f 3403 	3409 	3404
f 3414 	3416 	3417
f 3414 	3417 	3402
f 3421 	3422 	3416
f 3421 	3416 	3414
f 3426 	3427 	3422
f 3426 	3422 	3421
f 3432 	3433 	3427
f 3432 	3427 	3426
f 3437 	3438 	3433
f 3437 	3433 	3432
f 3442 	3443 	3438
f 3442 	3438 	3437
f 3446 	3449 	3443
f 3446 	3443 	3442
f 3450 	3451 	3449
f 3450 	3449 	3446
f 3455 	3456 	3451
f 3455 	3451 	3450
f 3456 	3455 	3459
f 3417 	3463 	3402
f 3409 	3472 	3473
f 3409 	3473 	3404
f 3472 	3477 	3478
f 3472 	3478 	3473
f 3477 	3482 	3483
f 3477 	3483 	3478
f 3482 	3487 	3488
f 3482 	3488 	3483
f 3496 	3499 	3488
f 3496 	3488 	3487
f 3501 	3503 	3499
f 3501 	3499 	3496
f 3506 	3508 	3503
f 3506 	3503 	3501
f 3509 	3510 	3508
f 3509 	3508 	3506
f 3511 	3512 	3510
f 3511 	3510 	3509
f 3456 	3459 	3514
f 3513 	3514 	3459
f 3511 	3463 	3512
f 3417 	3512 	3463
f 3515 	3516 	3514
f 3515 	3514 	3513
f 3519 	3521 	3516
f 3519 	3516 	3515
f 3524 	3526 	3521
f 3524 	3521 	3519
f 3529 	3530 	3526
f 3529 	3526 	3524
f 3533 	3534 	3530
f 3533 	3530 	3529
f 3539 	3537 	3534
f 3539 	3534 	3533
f 3521 	3526 	3530
f 3521 	3530 	3534
f 3521 	3534 	3537
f 3521 	3537 	3538
f 3521 	3538 	3540
f 3521 	3540 	3541
f 3521 	3541 	3542
f 3521 	3542 	3543
f 3547 	3314 	3545
f 3521 	3543 	3544
f 3456 	3514 	3544
f 3514 	3516 	3544
f 3521 	3544 	3516
f 3549 	3538 	3537
f 3549 	3537 	3539
f 3552 	3540 	3538
f 3552 	3538 	3549
f 3552 	3555 	3541
f 3552 	3541 	3540
f 3555 	3556 	3542
f 3555 	3542 	3541
f 3556 	3558 	3543
f 3556 	3543 	3542
f 3317 	3314 	3547
f 3544 	3545 	3314
f 3544 	3314 	3323
f 3544 	3323 	3326
f 3544 	3326 	3334
f 3544 	3334 	3352
f 3544 	3352 	3359
f 3544 	3359 	3367
f 3544 	3367 	3373
f 3544 	3373 	3379
f 3544 	3379 	3385
f 3544 	3385 	3390
f 3544 	3390 	3396
f 3544 	3396 	3404
f 3558 	3559 	3544
f 3558 	3544 	3543
f 3559 	3560 	3545
f 3559 	3545 	3544
f 3560 	3561 	3547
f 3560 	3547 	3545
f 3456 	3544 	3451
f 3449 	3451 	3544
f 3417 	3416 	3544
f 3416 	3422 	3544
f 3422 	3427 	3544
f 3427 	3433 	3544
f 3433 	3438 	3544
f 3443 	3544 	3438
f 3449 	3544 	3443
f 3561 	3562 	3547
f 3562 	3310 	3317
f 3562 	3317 	3547
f 3417 	3544 	3512
f 3510 	3512 	3544
f 3404 	3473 	3544
f 3473 	3478 	3544
f 3478 	3483 	3544
f 3483 	3488 	3544
f 3488 	3499 	3544
f 3503 	3544 	3499
f 3508 	3544 	3503
f 3510 	3544 	3508
# 146 faces

 #end of obj_6

