<?xml version="1.0"?>
<COLLADA xmlns="http://www.collada.org/2005/11/COLLADASchema" version="1.4.1">
	<asset>
		<contributor>
			<author>Assimp</author>
			<authoring_tool>Assimp Exporter</authoring_tool>
		</contributor>
		<created>2023-11-03T16:28:30</created>
		<modified>2023-11-03T16:28:30</modified>
		<unit name="meter" meter="0.010000" />
		<up_axis>Y_UP</up_axis>
	</asset>
	<library_effects>
		<effect id="Acid_1001-fx" name="Acid_1001">
			<profile_COMMON>
				<technique sid="standard">
					<phong>
						<diffuse>
							<color sid="diffuse">0.000000   0.800000   0.000590   1.000000</color>
						</diffuse>
					</phong>
				</technique>
			</profile_COMMON>
		</effect>
		<effect id="Glass_1001-fx" name="Glass_1001">
			<profile_COMMON>
				<technique sid="standard">
					<phong>
						<diffuse>
							<color sid="diffuse">0.000000   0.169252   0.800000   1.000000</color>
						</diffuse>
					</phong>
				</technique>
			</profile_COMMON>
		</effect>
		<effect id="Metal_1001-fx" name="Metal_1001">
			<profile_COMMON>
				<technique sid="standard">
					<phong>
						<diffuse>
							<color sid="diffuse">0.800000   0.446136   0.000000   1.000000</color>
						</diffuse>
					</phong>
				</technique>
			</profile_COMMON>
		</effect>
	</library_effects>
	<library_materials>
		<material id="Acid_1001" name="Acid_1001">
			<instance_effect url="#Acid_1001-fx"/>
		</material>
		<material id="Glass_1001" name="Glass_1001">
			<instance_effect url="#Glass_1001-fx"/>
		</material>
		<material id="Metal_1001" name="Metal_1001">
			<instance_effect url="#Metal_1001-fx"/>
		</material>
	</library_materials>
	<library_geometries>
		<geometry id="meshId0" name="meshId0_name" >
			<mesh>
				<source id="meshId0-positions" name="meshId0-positions">
					<float_array id="meshId0-positions-array" count="5337"> 
						-0.091734 -0.000000 -0.144013 -0.091734 -0.000000 -0.148795 -0.088608 -0.023743 -0.148795 -0.088608 -0.023743 -0.144013 0.064866 0.064866 -0.144013 0.064866 0.064866 -0.148795 0.045867 0.079444 -0.148795 0.045867 0.079444 -0.144013 0.045867 -0.079444 -0.144013 0.045867 -0.079444 -0.148795 0.064866 -0.064866 -0.148795 0.064866 -0.064866 -0.144013 -0.079444 -0.045867 -0.148795 -0.079444 -0.045867 -0.144013 0.023743 0.088608 -0.148795 0.023743 0.088608 -0.144013 0.079444 -0.045867 -0.148795 0.079444 -0.045867 -0.144013 -0.064866 -0.064866 -0.148795 -0.064866 -0.064866 -0.144013 0.000000 0.091734 -0.148795 0.000000 0.091734 -0.144013 0.088608 -0.023743 -0.148795 0.088608 -0.023743 -0.144013 -0.045867 -0.079444 -0.148795 -0.045867 -0.079444 -0.144013 -0.018245 0.068092 -0.150562 -0.023281 0.086887 -0.150562 0.000000 0.089952 -0.150562 0.000000 0.070494 -0.150562 -0.045867 0.079444 -0.144013 -0.045867 0.079444 -0.148795 -0.064866 0.064866 -0.148795 -0.064866 0.064866 -0.144013 0.091734 -0.000000 -0.148795 0.091734 -0.000000 -0.144013 -0.023743 -0.088608 -0.148795 -0.023743 -0.088608 -0.144013 -0.079444 0.045867 -0.148795 -0.079444 0.045867 -0.144013 0.088608 0.023743 -0.148795 0.088608 0.023743 -0.144013 0.000000 -0.091734 -0.148795 0.000000 -0.091734 -0.144013 -0.088608 0.023743 -0.148795 -0.088608 0.023743 -0.144013 0.079444 0.045867 -0.148795 0.079444 0.045867 -0.144013 0.023743 -0.088608 -0.148795 0.023743 -0.088608 -0.144013 -0.091734 -0.000000 -0.148795 -0.091734 -0.000000 -0.144013 0.068092 0.018245 -0.142912 0.068092 0.018245 -0.150562 0.070494 -0.000000 -0.150562 0.070494 -0.000000 -0.142912 0.000000 -0.070494 -0.142912 0.000000 -0.070494 -0.150562 -0.018245 -0.068092 -0.150562 -0.018245 -0.068092 -0.142912 -0.068092 0.018245 -0.142912 -0.068092 0.018245 -0.150562 -0.061049 0.035247 -0.150562 -0.061049 0.035247 -0.142912 
						0.061049 0.035247 -0.142912 0.061049 0.035247 -0.150562 0.018245 -0.068092 -0.142912 0.018245 -0.068092 -0.150562 -0.070494 -0.000000 -0.142912 -0.070494 -0.000000 -0.150562 0.049847 0.049847 -0.142912 0.049847 0.049847 -0.150562 0.035247 -0.061050 -0.142912 0.035247 -0.061050 -0.150562 -0.068092 -0.018245 -0.142912 -0.068092 -0.018245 -0.150562 -0.070494 -0.000000 -0.150562 -0.070494 -0.000000 -0.142912 0.035247 0.061049 -0.142912 0.035247 0.061049 -0.150562 0.049847 -0.049847 -0.142912 0.049847 -0.049847 -0.150562 -0.061049 -0.035247 -0.142912 -0.061049 -0.035247 -0.150562 0.018245 0.068092 -0.142912 0.018245 0.068092 -0.150562 -0.018245 0.068092 -0.142912 -0.018245 0.068092 -0.150562 0.000000 0.070494 -0.150562 0.000000 0.070494 -0.142912 0.061049 -0.035247 -0.142912 0.061049 -0.035247 -0.150562 -0.049847 -0.049847 -0.142912 -0.049847 -0.049847 -0.150562 -0.035247 0.061049 -0.142912 -0.035247 0.061049 -0.150562 0.068092 -0.018245 -0.142912 0.068092 -0.018245 -0.150562 -0.035247 -0.061050 -0.142912 -0.035247 -0.061050 -0.150562 -0.049847 0.049847 -0.142912 -0.049847 0.049847 -0.150562 -0.047959 -0.027689 -0.142912 -0.061049 -0.035247 -0.142912 -0.068092 -0.018245 -0.142912 -0.053491 -0.014333 -0.142912 0.014333 0.053491 -0.142912 0.018245 0.068092 -0.142912 0.035247 0.061049 -0.142912 0.027689 0.047959 -0.142912 -0.014333 0.053491 -0.142912 -0.018245 0.068092 -0.142912 0.000000 0.070494 -0.142912 0.000000 0.055378 -0.142912 0.047959 -0.027689 -0.142912 0.061049 -0.035247 -0.142912 0.049847 -0.049847 -0.142912 0.039158 -0.039158 -0.142912 -0.039158 -0.039158 -0.142912 -0.049847 -0.049847 -0.142912 -0.027689 0.047959 -0.142912 -0.035247 0.061049 -0.142912 0.053491 -0.014333 -0.142912 0.068092 -0.018245 -0.142912 -0.027689 -0.047959 -0.142912 -0.035247 -0.061050 -0.142912 -0.039158 0.039158 -0.142912 -0.049847 0.049847 -0.142912 
						0.055378 -0.000000 -0.142912 0.070494 -0.000000 -0.142912 -0.014333 -0.053491 -0.142912 -0.018245 -0.068092 -0.142912 -0.047959 0.027689 -0.142912 -0.061049 0.035247 -0.142912 0.053491 0.014333 -0.142912 0.068092 0.018245 -0.142912 0.000000 -0.055378 -0.142912 0.000000 -0.070494 -0.142912 -0.053491 0.014333 -0.142912 -0.068092 0.018245 -0.142912 0.047959 0.027689 -0.142912 0.061049 0.035247 -0.142912 0.014333 -0.053491 -0.142912 0.018245 -0.068092 -0.142912 -0.055378 -0.000000 -0.142912 -0.070494 -0.000000 -0.142912 0.039158 0.039158 -0.142912 0.049847 0.049847 -0.142912 0.027689 -0.047959 -0.142912 0.035247 -0.061050 -0.142912 -0.070494 -0.000000 -0.142912 -0.055378 -0.000000 -0.142912 0.000000 -0.055378 -0.149141 0.000000 -0.055378 -0.142912 -0.014333 -0.053491 -0.142912 -0.014333 -0.053491 -0.149141 -0.053491 0.014333 -0.149141 -0.053491 0.014333 -0.142912 -0.047959 0.027689 -0.142912 -0.047959 0.027689 -0.149141 0.047959 0.027689 -0.149141 0.047959 0.027689 -0.142912 0.053491 0.014333 -0.142912 0.053491 0.014333 -0.149141 0.014333 -0.053491 -0.149141 0.014333 -0.053491 -0.142912 -0.055378 -0.000000 -0.149141 -0.055378 -0.000000 -0.142912 0.039158 0.039158 -0.149141 0.039158 0.039158 -0.142912 0.027689 -0.047959 -0.149141 0.027689 -0.047959 -0.142912 -0.053491 -0.014333 -0.149141 -0.053491 -0.014333 -0.142912 -0.055378 -0.000000 -0.142912 -0.055378 -0.000000 -0.149141 0.027689 0.047959 -0.149141 0.027689 0.047959 -0.142912 0.039158 -0.039158 -0.149141 0.039158 -0.039158 -0.142912 -0.047959 -0.027689 -0.149141 -0.047959 -0.027689 -0.142912 0.014333 0.053491 -0.149141 0.014333 0.053491 -0.142912 -0.014333 0.053491 -0.149141 -0.014333 0.053491 -0.142912 0.000000 0.055378 -0.142912 0.000000 0.055378 -0.149141 0.047959 -0.027689 -0.149141 0.047959 -0.027689 -0.142912 -0.039158 -0.039158 -0.149141 -0.039158 -0.039158 -0.142912 
						-0.027689 0.047959 -0.149141 -0.027689 0.047959 -0.142912 0.053491 -0.014333 -0.149141 0.053491 -0.014333 -0.142912 -0.027689 -0.047959 -0.149141 -0.027689 -0.047959 -0.142912 -0.039158 0.039158 -0.149141 -0.039158 0.039158 -0.142912 0.055378 -0.000000 -0.149141 0.055378 -0.000000 -0.142912 0.014333 -0.053491 -0.149141 0.000000 -0.055378 -0.149141 0.000000 -0.000000 -0.149141 -0.055378 -0.000000 -0.149141 -0.053491 0.014333 -0.149141 0.027689 0.047959 -0.149141 0.039158 0.039158 -0.149141 -0.014333 -0.053491 -0.149141 -0.027689 -0.047959 -0.149141 -0.047959 0.027689 -0.149141 -0.039158 0.039158 -0.149141 -0.039158 -0.039158 -0.149141 -0.047959 -0.027689 -0.149141 0.039158 -0.039158 -0.149141 0.027689 -0.047959 -0.149141 0.047959 0.027689 -0.149141 0.053491 0.014333 -0.149141 -0.027689 0.047959 -0.149141 -0.014333 0.053491 -0.149141 0.000000 0.055378 -0.149141 0.014333 0.053491 -0.149141 0.047959 -0.027689 -0.149141 -0.053491 -0.014333 -0.149141 -0.055378 -0.000000 -0.149141 0.053491 -0.014333 -0.149141 0.055378 -0.000000 -0.149141 0.068016 -0.039269 -0.126064 0.078009 -0.045039 -0.126064 0.087008 -0.023314 -0.126064 0.075862 -0.020327 -0.126064 -0.055535 -0.055535 -0.126064 -0.063694 -0.063694 -0.126064 -0.045039 -0.078009 -0.126064 -0.039269 -0.068016 -0.126064 0.000000 0.091734 -0.127706 0.000000 0.091734 -0.132613 -0.023743 0.088608 -0.132613 -0.023743 0.088608 -0.127706 -0.039269 0.068016 -0.126064 -0.045039 0.078009 -0.126064 -0.063694 0.063694 -0.126064 -0.055535 0.055535 -0.126064 0.090077 -0.000000 -0.126064 0.078539 -0.000000 -0.126064 -0.023314 -0.087008 -0.126064 -0.020327 -0.075862 -0.126064 -0.078009 0.045039 -0.126064 -0.068016 0.039269 -0.126064 0.087008 0.023314 -0.126064 0.075862 0.020327 -0.126064 0.000000 -0.090077 -0.126064 0.000000 -0.078539 -0.126064 -0.087008 0.023314 -0.126064 -0.075862 0.020327 -0.126064 
						0.078009 0.045039 -0.126064 0.068016 0.039269 -0.126064 0.023314 -0.087008 -0.126064 0.020327 -0.075862 -0.126064 -0.090077 -0.000000 -0.126064 -0.078539 -0.000000 -0.126064 0.063694 0.063694 -0.126064 0.055535 0.055535 -0.126064 0.045039 -0.078009 -0.126064 0.039269 -0.068016 -0.126064 -0.078539 -0.000000 -0.126064 -0.090077 -0.000000 -0.126064 -0.087008 -0.023314 -0.126064 -0.075862 -0.020327 -0.126064 0.045039 0.078009 -0.126064 0.039269 0.068016 -0.126064 0.063694 -0.063694 -0.126064 0.055535 -0.055535 -0.126064 -0.078009 -0.045039 -0.126064 -0.068016 -0.039269 -0.126064 0.023314 0.087008 -0.126064 0.020327 0.075862 -0.126064 0.000000 0.090077 -0.126064 0.000000 0.078539 -0.126064 0.023281 0.086887 -0.150562 0.018245 0.068092 -0.150562 0.085997 0.023043 -0.132613 0.088608 0.023743 -0.132613 0.091734 -0.000000 -0.132613 0.089031 -0.000000 -0.132613 0.044976 0.077901 -0.150562 0.035247 0.061049 -0.150562 0.000000 0.089031 -0.144013 0.000000 0.091734 -0.144013 -0.023743 0.088608 -0.144013 -0.023043 0.085997 -0.144013 -0.061049 -0.035247 -0.150562 -0.077901 -0.044976 -0.150562 -0.086887 -0.023281 -0.150562 -0.068092 -0.018245 -0.150562 -0.045867 0.079444 -0.144013 -0.044515 0.077103 -0.144013 0.049847 -0.049847 -0.150562 0.063606 -0.063606 -0.150562 0.044976 -0.077901 -0.150562 0.035247 -0.061050 -0.150562 0.044515 -0.077103 -0.132613 0.045867 -0.079444 -0.132613 0.023743 -0.088608 -0.132613 0.023043 -0.085997 -0.132613 0.063606 0.063606 -0.150562 0.049847 0.049847 -0.150562 0.089031 -0.000000 -0.144013 0.091734 -0.000000 -0.144013 0.088608 0.023743 -0.144013 0.085997 0.023043 -0.144013 -0.089952 -0.000000 -0.150562 -0.070494 -0.000000 -0.150562 0.085997 -0.023043 -0.132613 0.088608 -0.023743 -0.132613 0.079444 -0.045867 -0.132613 0.077103 -0.044515 -0.132613 0.023281 -0.086887 -0.150562 0.018245 -0.068092 -0.150562 
						0.023043 -0.085997 -0.144013 0.023743 -0.088608 -0.144013 0.045867 -0.079444 -0.144013 0.044515 -0.077103 -0.144013 0.077901 0.044976 -0.150562 0.061049 0.035247 -0.150562 0.000000 -0.089031 -0.132613 0.000000 -0.091734 -0.132613 -0.023743 -0.088608 -0.132613 -0.023043 -0.085997 -0.132613 -0.070494 -0.000000 -0.150562 -0.089952 -0.000000 -0.150562 -0.086887 0.023281 -0.150562 -0.068092 0.018245 -0.150562 0.077103 -0.044515 -0.144013 0.079444 -0.045867 -0.144013 0.088608 -0.023743 -0.144013 0.085997 -0.023043 -0.144013 0.000000 -0.089952 -0.150562 0.000000 -0.070494 -0.150562 -0.085997 -0.023043 -0.132613 -0.088608 -0.023743 -0.132613 -0.091734 -0.000000 -0.132613 -0.089031 -0.000000 -0.132613 0.086887 0.023281 -0.150562 0.068092 0.018245 -0.150562 -0.023043 -0.085997 -0.144013 -0.023743 -0.088608 -0.144013 0.000000 -0.091734 -0.144013 0.000000 -0.089031 -0.144013 -0.077901 0.044976 -0.150562 -0.061049 0.035247 -0.150562 -0.044515 -0.077103 -0.132613 -0.045867 -0.079444 -0.132613 -0.064866 -0.064866 -0.132613 -0.062954 -0.062954 -0.132613 -0.023281 -0.086887 -0.150562 -0.018245 -0.068092 -0.150562 -0.089031 -0.000000 -0.144013 -0.091734 -0.000000 -0.144013 -0.088608 -0.023743 -0.144013 -0.085997 -0.023043 -0.144013 0.089952 -0.000000 -0.150562 0.070494 -0.000000 -0.150562 -0.085997 0.023043 -0.132613 -0.088608 0.023743 -0.132613 -0.079444 0.045867 -0.132613 -0.077103 0.044515 -0.132613 -0.063606 0.063606 -0.150562 -0.049847 0.049847 -0.150562 -0.062954 -0.062954 -0.144013 -0.064866 -0.064866 -0.144013 -0.045867 -0.079444 -0.144013 -0.044515 -0.077103 -0.144013 -0.044976 -0.077901 -0.150562 -0.035247 -0.061050 -0.150562 0.044515 0.077103 -0.132613 0.045867 0.079444 -0.132613 0.064866 0.064866 -0.132613 0.062954 0.062954 -0.132613 0.086887 -0.023281 -0.150562 0.068092 -0.018245 -0.150562 -0.077103 0.044515 -0.144013 -0.079444 0.045867 -0.144013 
						-0.088608 0.023743 -0.144013 -0.085997 0.023043 -0.144013 -0.044976 0.077901 -0.150562 -0.035247 0.061049 -0.150562 -0.062954 0.062954 -0.132613 -0.064866 0.064866 -0.132613 -0.045867 0.079444 -0.132613 -0.044515 0.077103 -0.132613 -0.063606 -0.063606 -0.150562 -0.049847 -0.049847 -0.150562 0.062954 0.062954 -0.144013 0.064866 0.064866 -0.144013 0.045867 0.079444 -0.144013 0.044515 0.077103 -0.144013 0.077901 -0.044976 -0.150562 0.061049 -0.035247 -0.150562 0.077103 0.044515 -0.132613 0.079444 0.045867 -0.132613 -0.064866 0.064866 -0.144013 -0.062954 0.062954 -0.144013 -0.023743 0.088608 -0.144013 -0.023743 0.088608 -0.148795 0.062954 -0.062954 -0.132613 0.064866 -0.064866 -0.132613 0.079444 0.045867 -0.144013 0.077103 0.044515 -0.144013 0.000000 0.089031 -0.132613 0.000000 0.089031 -0.144013 -0.023043 0.085997 -0.144013 -0.023043 0.085997 -0.132613 0.044515 0.077103 -0.132613 0.044515 0.077103 -0.144013 0.023043 0.085997 -0.144013 0.023043 0.085997 -0.132613 -0.085997 -0.023043 -0.132613 -0.085997 -0.023043 -0.144013 -0.077103 -0.044515 -0.144013 -0.077103 -0.044515 -0.132613 0.044515 -0.077103 -0.132613 0.044515 -0.077103 -0.144013 0.062954 -0.062954 -0.144013 0.062954 -0.062954 -0.132613 0.062954 0.062954 -0.132613 0.062954 0.062954 -0.144013 -0.089031 -0.000000 -0.132613 -0.089031 -0.000000 -0.144013 0.023043 -0.085997 -0.132613 0.023043 -0.085997 -0.144013 0.077103 0.044515 -0.132613 0.077103 0.044515 -0.144013 -0.085997 0.023043 -0.132613 -0.085997 0.023043 -0.144013 -0.089031 -0.000000 -0.144013 -0.089031 -0.000000 -0.132613 0.000000 -0.089031 -0.132613 0.000000 -0.089031 -0.144013 0.085997 0.023043 -0.132613 0.085997 0.023043 -0.144013 -0.077103 0.044515 -0.132613 -0.077103 0.044515 -0.144013 -0.023043 -0.085997 -0.132613 -0.023043 -0.085997 -0.144013 0.089031 -0.000000 -0.132613 0.089031 -0.000000 -0.144013 
						-0.062954 0.062954 -0.132613 -0.062954 0.062954 -0.144013 -0.044515 -0.077103 -0.132613 -0.044515 -0.077103 -0.144013 0.085997 -0.023043 -0.132613 0.085997 -0.023043 -0.144013 -0.044515 0.077103 -0.132613 -0.044515 0.077103 -0.144013 -0.062954 -0.062954 -0.132613 -0.062954 -0.062954 -0.144013 0.077103 -0.044515 -0.132613 0.077103 -0.044515 -0.144013 -0.023743 0.088608 -0.132613 -0.023043 0.085997 -0.132613 0.000000 0.091734 -0.132613 0.000000 0.089031 -0.132613 0.023043 0.085997 -0.144013 0.023743 0.088608 -0.144013 -0.091734 -0.000000 -0.144013 -0.089031 -0.000000 -0.144013 0.023743 0.088608 -0.132613 0.023043 0.085997 -0.132613 -0.089031 -0.000000 -0.132613 -0.091734 -0.000000 -0.132613 -0.077103 -0.044515 -0.144013 -0.079444 -0.045867 -0.144013 -0.079444 -0.045867 -0.132613 -0.077103 -0.044515 -0.132613 0.062954 -0.062954 -0.144013 0.064866 -0.064866 -0.144013 0.019608 -0.073179 -0.135248 0.019608 -0.073179 -0.128818 0.037880 -0.065611 -0.128818 0.037880 -0.065611 -0.135248 -0.075761 -0.000000 -0.135248 -0.075761 -0.000000 -0.128818 -0.073179 -0.019608 -0.128818 -0.073179 -0.019608 -0.135248 0.053571 0.053571 -0.135248 0.053571 0.053571 -0.128818 0.037880 0.065611 -0.128818 0.037880 0.065611 -0.135248 0.053571 -0.053571 -0.128818 0.053571 -0.053571 -0.135248 -0.065611 -0.037880 -0.128818 -0.065611 -0.037880 -0.135248 0.019608 0.073179 -0.128818 0.019608 0.073179 -0.135248 0.065611 -0.037880 -0.128818 0.065611 -0.037880 -0.135248 -0.053571 -0.053571 -0.128818 -0.053571 -0.053571 -0.135248 0.000000 0.075761 -0.128818 0.000000 0.075761 -0.135248 0.073179 -0.019608 -0.128818 0.073179 -0.019608 -0.135248 -0.037880 -0.065611 -0.128818 -0.037880 -0.065611 -0.135248 0.023743 0.088608 -0.127706 0.023743 0.088608 -0.132613 -0.037880 0.065611 -0.135248 -0.037880 0.065611 -0.128818 -0.053571 0.053571 -0.128818 -0.053571 0.053571 -0.135248 
						0.075761 -0.000000 -0.128818 0.075761 -0.000000 -0.135248 -0.019608 -0.073179 -0.128818 -0.019608 -0.073179 -0.135248 -0.065611 0.037880 -0.128818 -0.065611 0.037880 -0.135248 0.073179 0.019608 -0.128818 0.073179 0.019608 -0.135248 0.000000 -0.075761 -0.128818 0.000000 -0.075761 -0.135248 -0.073179 0.019608 -0.128818 -0.073179 0.019608 -0.135248 0.065611 0.037880 -0.128818 0.065611 0.037880 -0.135248 -0.075761 -0.000000 -0.128818 -0.075761 -0.000000 -0.135248 0.079444 -0.045867 -0.127706 0.079444 -0.045867 -0.132613 0.088608 -0.023743 -0.132613 0.088608 -0.023743 -0.127706 -0.064866 -0.064866 -0.127706 -0.064866 -0.064866 -0.132613 -0.045867 -0.079444 -0.132613 -0.045867 -0.079444 -0.127706 -0.045867 0.079444 -0.127706 -0.045867 0.079444 -0.132613 -0.064866 0.064866 -0.132613 -0.064866 0.064866 -0.127706 0.091734 -0.000000 -0.132613 0.091734 -0.000000 -0.127706 -0.023743 -0.088608 -0.132613 -0.023743 -0.088608 -0.127706 -0.079444 0.045867 -0.132613 -0.079444 0.045867 -0.127706 0.088608 0.023743 -0.132613 0.088608 0.023743 -0.127706 0.000000 -0.091734 -0.132613 0.000000 -0.091734 -0.127706 -0.088608 0.023743 -0.132613 -0.088608 0.023743 -0.127706 0.079444 0.045867 -0.132613 0.079444 0.045867 -0.127706 0.023743 -0.088608 -0.132613 0.023743 -0.088608 -0.127706 -0.091734 -0.000000 -0.132613 -0.091734 -0.000000 -0.127706 0.064866 0.064866 -0.132613 0.064866 0.064866 -0.127706 0.045867 -0.079444 -0.132613 0.045867 -0.079444 -0.127706 -0.091734 -0.000000 -0.127706 -0.091734 -0.000000 -0.132613 -0.088608 -0.023743 -0.132613 -0.088608 -0.023743 -0.127706 0.045867 0.079444 -0.132613 0.045867 0.079444 -0.127706 0.064866 -0.064866 -0.132613 0.064866 -0.064866 -0.127706 -0.079444 -0.045867 -0.132613 -0.079444 -0.045867 -0.127706 -0.020327 0.075862 -0.126064 -0.023314 0.087008 -0.126064 -0.019608 0.073179 -0.135248 -0.019608 0.073179 -0.128818 
						-0.059439 0.015927 -0.135248 -0.073179 0.019608 -0.135248 -0.075761 -0.000000 -0.135248 -0.061535 -0.000000 -0.135248 0.053291 0.030768 -0.135248 0.065611 0.037880 -0.135248 0.053571 0.053571 -0.135248 0.043512 0.043512 -0.135248 0.015927 -0.059439 -0.135248 0.019608 -0.073179 -0.135248 0.037880 -0.065611 -0.135248 0.030768 -0.053291 -0.135248 -0.061535 -0.000000 -0.135248 -0.075761 -0.000000 -0.135248 -0.073179 -0.019608 -0.135248 -0.059439 -0.015927 -0.135248 0.037880 0.065611 -0.135248 0.030768 0.053291 -0.135248 0.053571 -0.053571 -0.135248 0.043512 -0.043512 -0.135248 -0.065611 -0.037880 -0.135248 -0.053291 -0.030768 -0.135248 0.019608 0.073179 -0.135248 0.015927 0.059439 -0.135248 0.000000 0.061535 -0.135248 0.000000 0.075761 -0.135248 -0.019608 0.073179 -0.135248 -0.015927 0.059439 -0.135248 0.065611 -0.037880 -0.135248 0.053291 -0.030768 -0.135248 -0.053571 -0.053571 -0.135248 -0.043512 -0.043512 -0.135248 -0.037880 0.065611 -0.135248 -0.030768 0.053291 -0.135248 0.073179 -0.019608 -0.135248 0.059439 -0.015927 -0.135248 -0.037880 -0.065611 -0.135248 -0.030768 -0.053291 -0.135248 -0.053571 0.053571 -0.135248 -0.043512 0.043512 -0.135248 0.075761 -0.000000 -0.135248 0.061535 -0.000000 -0.135248 -0.019608 -0.073179 -0.135248 -0.015927 -0.059439 -0.135248 -0.065611 0.037880 -0.135248 -0.053291 0.030768 -0.135248 0.073179 0.019608 -0.135248 0.059439 0.015927 -0.135248 0.000000 -0.075761 -0.135248 0.000000 -0.061535 -0.135248 -0.000000 -0.000000 -0.135248 -0.020327 0.075862 -0.126064 -0.019608 0.073179 -0.128818 0.000000 0.075761 -0.128818 0.000000 0.078539 -0.126064 -0.039269 0.068016 -0.126064 -0.037880 0.065611 -0.128818 -0.055535 0.055535 -0.126064 -0.053571 0.053571 -0.128818 -0.068016 0.039269 -0.126064 -0.065611 0.037880 -0.128818 -0.075862 0.020327 -0.126064 -0.073179 0.019608 -0.128818 -0.078539 -0.000000 -0.126064 
						-0.075761 -0.000000 -0.128818 -0.075862 -0.020327 -0.126064 -0.073179 -0.019608 -0.128818 -0.075761 -0.000000 -0.128818 -0.078539 -0.000000 -0.126064 -0.068016 -0.039269 -0.126064 -0.065611 -0.037880 -0.128818 -0.055535 -0.055535 -0.126064 -0.053571 -0.053571 -0.128818 -0.039269 -0.068016 -0.126064 -0.037880 -0.065611 -0.128818 -0.020327 -0.075862 -0.126064 -0.019608 -0.073179 -0.128818 0.000000 -0.078539 -0.126064 0.000000 -0.075761 -0.128818 0.020327 -0.075862 -0.126064 0.019608 -0.073179 -0.128818 0.039269 -0.068016 -0.126064 0.037880 -0.065611 -0.128818 0.055535 -0.055535 -0.126064 0.053571 -0.053571 -0.128818 0.068016 -0.039269 -0.126064 0.065611 -0.037880 -0.128818 0.075862 -0.020327 -0.126064 0.073179 -0.019608 -0.128818 0.078539 -0.000000 -0.126064 0.075761 -0.000000 -0.128818 0.075862 0.020327 -0.126064 0.073179 0.019608 -0.128818 0.068016 0.039269 -0.126064 0.065611 0.037880 -0.128818 0.055535 0.055535 -0.126064 0.053571 0.053571 -0.128818 0.039269 0.068016 -0.126064 0.037880 0.065611 -0.128818 0.020327 0.075862 -0.126064 0.019608 0.073179 -0.128818 -0.023743 0.088608 -0.127706 -0.023314 0.087008 -0.126064 0.000000 0.090077 -0.126064 0.000000 0.091734 -0.127706 -0.045867 0.079444 -0.127706 -0.045039 0.078009 -0.126064 -0.064866 0.064866 -0.127706 -0.063694 0.063694 -0.126064 -0.079444 0.045867 -0.127706 -0.078009 0.045039 -0.126064 -0.088608 0.023743 -0.127706 -0.087008 0.023314 -0.126064 -0.091734 -0.000000 -0.127706 -0.090077 -0.000000 -0.126064 -0.088608 -0.023743 -0.127706 -0.087008 -0.023314 -0.126064 -0.090077 -0.000000 -0.126064 -0.091734 -0.000000 -0.127706 -0.079444 -0.045867 -0.127706 -0.078009 -0.045039 -0.126064 -0.064866 -0.064866 -0.127706 -0.063694 -0.063694 -0.126064 -0.045867 -0.079444 -0.127706 -0.045039 -0.078009 -0.126064 -0.023743 -0.088608 -0.127706 -0.023314 -0.087008 -0.126064 0.000000 -0.091734 -0.127706 
						0.000000 -0.090077 -0.126064 0.023743 -0.088608 -0.127706 0.023314 -0.087008 -0.126064 0.045867 -0.079444 -0.127706 0.045039 -0.078009 -0.126064 0.064866 -0.064866 -0.127706 0.063694 -0.063694 -0.126064 0.079444 -0.045867 -0.127706 0.078009 -0.045039 -0.126064 0.088608 -0.023743 -0.127706 0.087008 -0.023314 -0.126064 0.091734 -0.000000 -0.127706 0.090077 -0.000000 -0.126064 0.088608 0.023743 -0.127706 0.087008 0.023314 -0.126064 0.079444 0.045867 -0.127706 0.078009 0.045039 -0.126064 0.064866 0.064866 -0.127706 0.063694 0.063694 -0.126064 0.045867 0.079444 -0.127706 0.045039 0.078009 -0.126064 0.023743 0.088608 -0.127706 0.023314 0.087008 -0.126064 -0.023281 0.086887 -0.150562 -0.023743 0.088608 -0.148795 0.000000 0.091734 -0.148795 0.000000 0.089952 -0.150562 -0.044976 0.077901 -0.150562 -0.045867 0.079444 -0.148795 -0.063606 0.063606 -0.150562 -0.064866 0.064866 -0.148795 -0.077901 0.044976 -0.150562 -0.079444 0.045867 -0.148795 -0.086887 0.023281 -0.150562 -0.088608 0.023743 -0.148795 -0.089952 -0.000000 -0.150562 -0.091734 -0.000000 -0.148795 -0.086887 -0.023281 -0.150562 -0.088608 -0.023743 -0.148795 -0.091734 -0.000000 -0.148795 -0.089952 -0.000000 -0.150562 -0.077901 -0.044976 -0.150562 -0.079444 -0.045867 -0.148795 -0.063606 -0.063606 -0.150562 -0.064866 -0.064866 -0.148795 -0.044976 -0.077901 -0.150562 -0.045867 -0.079444 -0.148795 -0.023281 -0.086887 -0.150562 -0.023743 -0.088608 -0.148795 0.000000 -0.089952 -0.150562 0.000000 -0.091734 -0.148795 0.023281 -0.086887 -0.150562 0.023743 -0.088608 -0.148795 0.044976 -0.077901 -0.150562 0.045867 -0.079444 -0.148795 0.063606 -0.063606 -0.150562 0.064866 -0.064866 -0.148795 0.077901 -0.044976 -0.150562 0.079444 -0.045867 -0.148795 0.086887 -0.023281 -0.150562 0.088608 -0.023743 -0.148795 0.089952 -0.000000 -0.150562 0.091734 -0.000000 -0.148795 0.086887 0.023281 -0.150562 
						0.088608 0.023743 -0.148795 0.077901 0.044976 -0.150562 0.079444 0.045867 -0.148795 0.063606 0.063606 -0.150562 0.064866 0.064866 -0.148795 0.044976 0.077901 -0.150562 0.045867 0.079444 -0.148795 0.023281 0.086887 -0.150562 0.023743 0.088608 -0.148795 -0.088608 -0.023743 0.148795 -0.091734 -0.000000 0.148795 -0.091734 -0.000000 0.144013 -0.088608 -0.023743 0.144013 0.045867 0.079444 0.148795 0.064866 0.064866 0.148795 0.064866 0.064866 0.144013 0.045867 0.079444 0.144013 0.064866 -0.064866 0.148795 0.045867 -0.079444 0.148795 0.045867 -0.079444 0.144013 0.064866 -0.064866 0.144013 -0.079444 -0.045867 0.148795 -0.079444 -0.045867 0.144013 0.023743 0.088608 0.148795 0.023743 0.088608 0.144013 0.079444 -0.045867 0.148795 0.079444 -0.045867 0.144013 -0.064866 -0.064866 0.148795 -0.064866 -0.064866 0.144013 0.000000 0.091734 0.148795 0.000000 0.091734 0.144013 0.088608 -0.023743 0.148795 0.088608 -0.023743 0.144013 -0.045867 -0.079444 0.148795 -0.045867 -0.079444 0.144013 0.000000 0.089952 0.150562 -0.023281 0.086887 0.150562 -0.018245 0.068092 0.150562 0.000000 0.070494 0.150562 -0.064866 0.064866 0.148795 -0.045867 0.079444 0.148795 -0.045867 0.079444 0.144013 -0.064866 0.064866 0.144013 0.091734 -0.000000 0.148795 0.091734 -0.000000 0.144013 -0.023743 -0.088608 0.148795 -0.023743 -0.088608 0.144013 -0.079444 0.045867 0.148795 -0.079444 0.045867 0.144013 0.088608 0.023743 0.148795 0.088608 0.023743 0.144013 0.000000 -0.091734 0.148795 0.000000 -0.091734 0.144013 -0.088608 0.023743 0.148795 -0.088608 0.023743 0.144013 0.079444 0.045867 0.148795 0.079444 0.045867 0.144013 0.023743 -0.088608 0.148795 0.023743 -0.088608 0.144013 -0.088608 0.023743 0.148795 -0.088608 0.023743 0.144013 0.070494 -0.000000 0.150562 0.068092 0.018245 0.150562 0.068092 0.018245 0.142912 
						0.070494 -0.000000 0.142912 -0.018245 -0.068092 0.150562 0.000000 -0.070494 0.150562 0.000000 -0.070494 0.142912 -0.018245 -0.068092 0.142912 -0.061049 0.035247 0.150562 -0.068092 0.018245 0.150562 -0.068092 0.018245 0.142912 -0.061049 0.035247 0.142912 0.061049 0.035247 0.150562 0.061049 0.035247 0.142912 0.018245 -0.068092 0.150562 0.018245 -0.068092 0.142912 -0.068092 0.018245 0.150562 -0.070494 -0.000000 0.150562 -0.070494 -0.000000 0.142912 -0.068092 0.018245 0.142912 0.049847 0.049847 0.150562 0.049847 0.049847 0.142912 0.035247 -0.061050 0.150562 0.035247 -0.061050 0.142912 -0.068092 -0.018245 0.150562 -0.068092 -0.018245 0.142912 0.035247 0.061049 0.150562 0.035247 0.061049 0.142912 0.049847 -0.049847 0.150562 0.049847 -0.049847 0.142912 -0.061049 -0.035247 0.150562 -0.061049 -0.035247 0.142912 0.018245 0.068092 0.150562 0.018245 0.068092 0.142912 0.000000 0.070494 0.150562 -0.018245 0.068092 0.150562 -0.018245 0.068092 0.142912 0.000000 0.070494 0.142912 0.061049 -0.035247 0.150562 0.061049 -0.035247 0.142912 -0.049847 -0.049847 0.150562 -0.049847 -0.049847 0.142912 -0.035247 0.061049 0.150562 -0.035247 0.061049 0.142912 0.068092 -0.018245 0.150562 0.068092 -0.018245 0.142912 -0.035247 -0.061050 0.150562 -0.035247 -0.061050 0.142912 -0.049847 0.049847 0.150562 -0.049847 0.049847 0.142912 -0.068092 -0.018245 0.142912 -0.061049 -0.035247 0.142912 -0.047959 -0.027689 0.142912 -0.053491 -0.014333 0.142912 0.035247 0.061049 0.142912 0.018245 0.068092 0.142912 0.014333 0.053491 0.142912 0.027689 0.047959 0.142912 0.000000 0.070494 0.142912 -0.018245 0.068092 0.142912 -0.014333 0.053491 0.142912 0.000000 0.055378 0.142912 0.049847 -0.049847 0.142912 0.061049 -0.035247 0.142912 0.047959 -0.027689 0.142912 0.039158 -0.039158 0.142912 -0.049847 -0.049847 0.142912 
						-0.039158 -0.039158 0.142912 -0.035247 0.061049 0.142912 -0.027689 0.047959 0.142912 0.068092 -0.018245 0.142912 0.053491 -0.014333 0.142912 -0.035247 -0.061050 0.142912 -0.027689 -0.047959 0.142912 -0.049847 0.049847 0.142912 -0.039158 0.039158 0.142912 0.070494 -0.000000 0.142912 0.055378 -0.000000 0.142912 -0.018245 -0.068092 0.142912 -0.014333 -0.053491 0.142912 -0.061049 0.035247 0.142912 -0.047959 0.027689 0.142912 0.068092 0.018245 0.142912 0.053491 0.014333 0.142912 0.000000 -0.070494 0.142912 0.000000 -0.055378 0.142912 -0.068092 0.018245 0.142912 -0.053491 0.014333 0.142912 0.061049 0.035247 0.142912 0.047959 0.027689 0.142912 0.018245 -0.068092 0.142912 0.014333 -0.053491 0.142912 -0.068092 0.018245 0.142912 -0.070494 -0.000000 0.142912 -0.055378 -0.000000 0.142912 -0.053491 0.014333 0.142912 0.049847 0.049847 0.142912 0.039158 0.039158 0.142912 0.035247 -0.061050 0.142912 0.027689 -0.047959 0.142912 -0.014333 -0.053491 0.142912 0.000000 -0.055378 0.142912 0.000000 -0.055378 0.149141 -0.014333 -0.053491 0.149141 -0.047959 0.027689 0.142912 -0.053491 0.014333 0.142912 -0.053491 0.014333 0.149141 -0.047959 0.027689 0.149141 0.053491 0.014333 0.142912 0.047959 0.027689 0.142912 0.047959 0.027689 0.149141 0.053491 0.014333 0.149141 0.014333 -0.053491 0.142912 0.014333 -0.053491 0.149141 -0.053491 0.014333 0.142912 -0.055378 -0.000000 0.142912 -0.055378 -0.000000 0.149141 -0.053491 0.014333 0.149141 0.039158 0.039158 0.142912 0.039158 0.039158 0.149141 0.027689 -0.047959 0.142912 0.027689 -0.047959 0.149141 -0.053491 -0.014333 0.142912 -0.053491 -0.014333 0.149141 0.027689 0.047959 0.142912 0.027689 0.047959 0.149141 0.039158 -0.039158 0.142912 0.039158 -0.039158 0.149141 -0.047959 -0.027689 0.142912 -0.047959 -0.027689 0.149141 0.014333 0.053491 0.142912 
						0.014333 0.053491 0.149141 0.000000 0.055378 0.142912 -0.014333 0.053491 0.142912 -0.014333 0.053491 0.149141 0.000000 0.055378 0.149141 0.047959 -0.027689 0.142912 0.047959 -0.027689 0.149141 -0.039158 -0.039158 0.142912 -0.039158 -0.039158 0.149141 -0.027689 0.047959 0.142912 -0.027689 0.047959 0.149141 0.053491 -0.014333 0.142912 0.053491 -0.014333 0.149141 -0.027689 -0.047959 0.142912 -0.027689 -0.047959 0.149141 -0.039158 0.039158 0.142912 -0.039158 0.039158 0.149141 0.055378 -0.000000 0.142912 0.055378 -0.000000 0.149141 0.027689 0.047959 0.149141 0.014333 0.053491 0.149141 0.011420 0.042621 0.149141 0.022062 0.038213 0.149141 0.000000 0.055378 0.149141 -0.014333 0.053491 0.149141 -0.011420 0.042621 0.149141 0.000000 0.044125 0.149141 0.039158 -0.039158 0.149141 0.047959 -0.027689 0.149141 0.038213 -0.022062 0.149141 0.031201 -0.031201 0.149141 -0.047959 -0.027689 0.149141 -0.039158 -0.039158 0.149141 -0.031201 -0.031201 0.149141 -0.038213 -0.022062 0.149141 -0.027689 0.047959 0.149141 -0.022062 0.038213 0.149141 0.053491 -0.014333 0.149141 0.042621 -0.011420 0.149141 -0.027689 -0.047959 0.149141 -0.022062 -0.038213 0.149141 -0.039158 0.039158 0.149141 -0.031201 0.031201 0.149141 0.055378 -0.000000 0.149141 0.044125 -0.000000 0.149141 -0.014333 -0.053491 0.149141 -0.011420 -0.042621 0.149141 -0.047959 0.027689 0.149141 -0.038213 0.022062 0.149141 0.053491 0.014333 0.149141 0.042621 0.011420 0.149141 0.000000 -0.055378 0.149141 0.000000 -0.044125 0.149141 -0.053491 0.014333 0.149141 -0.042621 0.011420 0.149141 0.047959 0.027689 0.149141 0.038213 0.022062 0.149141 0.014333 -0.053491 0.149141 0.011420 -0.042621 0.149141 -0.053491 0.014333 0.149141 -0.055378 -0.000000 0.149141 -0.044125 -0.000000 0.149141 -0.042621 0.011420 0.149141 0.039158 0.039158 0.149141 
						0.031201 0.031201 0.149141 0.027689 -0.047959 0.149141 0.022062 -0.038213 0.149141 -0.053491 -0.014333 0.149141 -0.042621 -0.011420 0.149141 -0.011420 -0.042621 0.149141 0.000000 -0.044125 0.149141 0.000000 -0.029118 0.140816 -0.007536 -0.028126 0.140816 -0.038213 0.022062 0.149141 -0.042621 0.011420 0.149141 -0.028126 0.007536 0.140816 -0.025217 0.014559 0.140816 0.042621 0.011420 0.149141 0.038213 0.022062 0.149141 0.025217 0.014559 0.140816 0.028126 0.007536 0.140816 0.011420 -0.042621 0.149141 0.007536 -0.028126 0.140816 -0.042621 0.011420 0.149141 -0.044125 -0.000000 0.149141 -0.029118 -0.000000 0.140816 -0.028126 0.007536 0.140816 0.031201 0.031201 0.149141 0.020589 0.020589 0.140816 0.022062 -0.038213 0.149141 0.014559 -0.025217 0.140816 -0.042621 -0.011420 0.149141 -0.028126 -0.007536 0.140816 0.022062 0.038213 0.149141 0.014559 0.025217 0.140816 0.031201 -0.031201 0.149141 0.020589 -0.020589 0.140816 -0.038213 -0.022062 0.149141 -0.025217 -0.014559 0.140816 0.011420 0.042621 0.149141 0.007536 0.028126 0.140816 0.000000 0.044125 0.149141 -0.011420 0.042621 0.149141 -0.007536 0.028126 0.140816 0.000000 0.029118 0.140816 0.038213 -0.022062 0.149141 0.025217 -0.014559 0.140816 -0.031201 -0.031201 0.149141 -0.020589 -0.020589 0.140816 -0.022062 0.038213 0.149141 -0.014559 0.025217 0.140816 0.042621 -0.011420 0.149141 0.028126 -0.007536 0.140816 -0.022062 -0.038213 0.149141 -0.014559 -0.025217 0.140816 -0.031201 0.031201 0.149141 -0.020589 0.020589 0.140816 0.044125 -0.000000 0.149141 0.029118 -0.000000 0.140816 0.000000 0.029118 0.140816 -0.007536 0.028126 0.140816 -0.005360 0.020005 0.140816 0.000000 0.020710 0.140816 0.020589 -0.020589 0.140816 0.025217 -0.014559 0.140816 0.017936 -0.010355 0.140816 0.014644 -0.014644 0.140816 -0.025217 -0.014559 0.140816 
						-0.020589 -0.020589 0.140816 -0.014644 -0.014644 0.140816 -0.017936 -0.010355 0.140816 0.007536 0.028126 0.140816 0.005360 0.020005 0.140816 -0.014559 0.025217 0.140816 -0.010355 0.017936 0.140816 0.028126 -0.007536 0.140816 0.020005 -0.005360 0.140816 -0.014559 -0.025217 0.140816 -0.010355 -0.017936 0.140816 -0.020589 0.020589 0.140816 -0.014644 0.014644 0.140816 0.029118 -0.000000 0.140816 0.020710 -0.000000 0.140816 -0.007536 -0.028126 0.140816 -0.005360 -0.020005 0.140816 -0.025217 0.014559 0.140816 -0.017936 0.010355 0.140816 0.028126 0.007536 0.140816 0.020005 0.005360 0.140816 0.000000 -0.029118 0.140816 0.000000 -0.020710 0.140816 -0.028126 0.007536 0.140816 -0.020005 0.005360 0.140816 0.025217 0.014559 0.140816 0.017936 0.010355 0.140816 0.007536 -0.028126 0.140816 0.005360 -0.020005 0.140816 -0.028126 0.007536 0.140816 -0.029118 -0.000000 0.140816 -0.020710 -0.000000 0.140816 -0.020005 0.005360 0.140816 0.020589 0.020589 0.140816 0.014644 0.014644 0.140816 0.014559 -0.025217 0.140816 0.010355 -0.017936 0.140816 -0.028126 -0.007536 0.140816 -0.020005 -0.005360 0.140816 0.014559 0.025217 0.140816 0.010355 0.017936 0.140816 -0.017936 0.010355 0.140816 -0.020005 0.005360 0.140816 -0.015142 0.004057 0.154046 -0.013576 0.007838 0.154046 0.020005 0.005360 0.140816 0.017936 0.010355 0.140816 0.013576 0.007838 0.154046 0.015142 0.004057 0.154046 0.000000 -0.020710 0.140816 0.005360 -0.020005 0.140816 0.004057 -0.015142 0.154046 0.000000 -0.015677 0.154046 -0.020005 0.005360 0.140816 -0.020710 -0.000000 0.140816 -0.015677 -0.000000 0.154046 -0.015142 0.004057 0.154046 0.014644 0.014644 0.140816 0.011085 0.011085 0.154046 0.010355 -0.017936 0.140816 0.007838 -0.013576 0.154046 -0.020005 -0.005360 0.140816 -0.015142 -0.004057 0.154046 0.010355 0.017936 0.140816 
						0.007838 0.013576 0.154046 0.014644 -0.014644 0.140816 0.011085 -0.011085 0.154046 -0.017936 -0.010355 0.140816 -0.013576 -0.007838 0.154046 0.005360 0.020005 0.140816 0.004057 0.015142 0.154046 0.000000 0.020710 0.140816 -0.005360 0.020005 0.140816 -0.004057 0.015142 0.154046 0.000000 0.015677 0.154046 0.017936 -0.010355 0.140816 0.013576 -0.007838 0.154046 -0.014644 -0.014644 0.140816 -0.011085 -0.011085 0.154046 -0.010355 0.017936 0.140816 -0.007838 0.013576 0.154046 0.020005 -0.005360 0.140816 0.015142 -0.004057 0.154046 -0.010355 -0.017936 0.140816 -0.007838 -0.013576 0.154046 -0.014644 0.014644 0.140816 -0.011085 0.011085 0.154046 0.020710 -0.000000 0.140816 0.015677 -0.000000 0.154046 -0.005360 -0.020005 0.140816 -0.004057 -0.015142 0.154046 0.011085 -0.011085 0.154046 0.013576 -0.007838 0.154046 0.006810 -0.003932 0.154046 0.005560 -0.005560 0.154046 -0.013576 -0.007838 0.154046 -0.011085 -0.011085 0.154046 -0.005560 -0.005560 0.154046 -0.006810 -0.003932 0.154046 0.004057 0.015142 0.154046 0.000000 0.015677 0.154046 0.000000 0.007863 0.154046 0.002035 0.007596 0.154046 -0.004057 0.015142 0.154046 -0.007838 0.013576 0.154046 -0.003932 0.006810 0.154046 -0.002035 0.007596 0.154046 0.015142 -0.004057 0.154046 0.007596 -0.002035 0.154046 -0.007838 -0.013576 0.154046 -0.003932 -0.006810 0.154046 -0.011085 0.011085 0.154046 -0.005560 0.005560 0.154046 0.015677 -0.000000 0.154046 0.007863 -0.000000 0.154046 -0.004057 -0.015142 0.154046 -0.002035 -0.007596 0.154046 -0.013576 0.007838 0.154046 -0.006810 0.003932 0.154046 0.015142 0.004057 0.154046 0.007596 0.002035 0.154046 0.000000 -0.015677 0.154046 0.000000 -0.007863 0.154046 -0.015142 0.004057 0.154046 -0.007596 0.002035 0.154046 0.013576 0.007838 0.154046 0.006810 0.003932 0.154046 0.004057 -0.015142 0.154046 
						0.002035 -0.007596 0.154046 -0.015142 0.004057 0.154046 -0.015677 -0.000000 0.154046 -0.007863 -0.000000 0.154046 -0.007596 0.002035 0.154046 0.011085 0.011085 0.154046 0.005560 0.005560 0.154046 0.007838 -0.013576 0.154046 0.003932 -0.006810 0.154046 -0.015142 -0.004057 0.154046 -0.007596 -0.002035 0.154046 0.007838 0.013576 0.154046 0.003932 0.006810 0.154046 0.000000 -0.000000 0.154046 0.087008 -0.023314 0.126064 0.078009 -0.045039 0.126064 0.068016 -0.039269 0.126064 0.075862 -0.020327 0.126064 -0.045039 -0.078009 0.126064 -0.063694 -0.063694 0.126064 -0.055535 -0.055535 0.126064 -0.039269 -0.068016 0.126064 -0.023743 0.088608 0.132613 0.000000 0.091734 0.132613 0.000000 0.091734 0.127706 -0.023743 0.088608 0.127706 -0.063694 0.063694 0.126064 -0.045039 0.078009 0.126064 -0.039269 0.068016 0.126064 -0.055535 0.055535 0.126064 0.090077 -0.000000 0.126064 0.078539 -0.000000 0.126064 -0.023314 -0.087008 0.126064 -0.020327 -0.075862 0.126064 -0.078009 0.045039 0.126064 -0.068016 0.039269 0.126064 0.087008 0.023314 0.126064 0.075862 0.020327 0.126064 0.000000 -0.090077 0.126064 0.000000 -0.078539 0.126064 -0.087008 0.023314 0.126064 -0.075862 0.020327 0.126064 0.078009 0.045039 0.126064 0.068016 0.039269 0.126064 0.023314 -0.087008 0.126064 0.020327 -0.075862 0.126064 -0.090077 -0.000000 0.126064 -0.087008 0.023314 0.126064 -0.075862 0.020327 0.126064 -0.078539 -0.000000 0.126064 0.063694 0.063694 0.126064 0.055535 0.055535 0.126064 0.045039 -0.078009 0.126064 0.039269 -0.068016 0.126064 -0.087008 -0.023314 0.126064 -0.075862 -0.020327 0.126064 0.045039 0.078009 0.126064 0.039269 0.068016 0.126064 0.063694 -0.063694 0.126064 0.055535 -0.055535 0.126064 -0.078009 -0.045039 0.126064 -0.068016 -0.039269 0.126064 0.023314 0.087008 0.126064 0.020327 0.075862 0.126064 
						0.000000 0.090077 0.126064 0.000000 0.078539 0.126064 0.023281 0.086887 0.150562 0.018245 0.068092 0.150562 0.091734 -0.000000 0.132613 0.088608 0.023743 0.132613 0.085997 0.023043 0.132613 0.089031 -0.000000 0.132613 0.044976 0.077901 0.150562 0.035247 0.061049 0.150562 -0.023743 0.088608 0.144013 0.000000 0.091734 0.144013 0.000000 0.089031 0.144013 -0.023043 0.085997 0.144013 -0.086887 -0.023281 0.150562 -0.077901 -0.044976 0.150562 -0.061049 -0.035247 0.150562 -0.068092 -0.018245 0.150562 -0.045867 0.079444 0.144013 -0.044515 0.077103 0.144013 0.044976 -0.077901 0.150562 0.063606 -0.063606 0.150562 0.049847 -0.049847 0.150562 0.035247 -0.061050 0.150562 0.023743 -0.088608 0.132613 0.045867 -0.079444 0.132613 0.044515 -0.077103 0.132613 0.023043 -0.085997 0.132613 0.063606 0.063606 0.150562 0.049847 0.049847 0.150562 0.088608 0.023743 0.144013 0.091734 -0.000000 0.144013 0.089031 -0.000000 0.144013 0.085997 0.023043 0.144013 -0.089952 -0.000000 0.150562 -0.070494 -0.000000 0.150562 0.079444 -0.045867 0.132613 0.088608 -0.023743 0.132613 0.085997 -0.023043 0.132613 0.077103 -0.044515 0.132613 0.023281 -0.086887 0.150562 0.018245 -0.068092 0.150562 0.045867 -0.079444 0.144013 0.023743 -0.088608 0.144013 0.023043 -0.085997 0.144013 0.044515 -0.077103 0.144013 0.077901 0.044976 0.150562 0.061049 0.035247 0.150562 -0.023743 -0.088608 0.132613 0.000000 -0.091734 0.132613 0.000000 -0.089031 0.132613 -0.023043 -0.085997 0.132613 -0.086887 0.023281 0.150562 -0.068092 0.018245 0.150562 0.088608 -0.023743 0.144013 0.079444 -0.045867 0.144013 0.077103 -0.044515 0.144013 0.085997 -0.023043 0.144013 0.000000 -0.089952 0.150562 0.000000 -0.070494 0.150562 -0.091734 -0.000000 0.132613 -0.088608 -0.023743 0.132613 -0.085997 -0.023043 0.132613 -0.089031 -0.000000 0.132613 
						0.086887 0.023281 0.150562 0.068092 0.018245 0.150562 0.000000 -0.091734 0.144013 -0.023743 -0.088608 0.144013 -0.023043 -0.085997 0.144013 0.000000 -0.089031 0.144013 -0.077901 0.044976 0.150562 -0.086887 0.023281 0.150562 -0.068092 0.018245 0.150562 -0.061049 0.035247 0.150562 -0.064866 -0.064866 0.132613 -0.045867 -0.079444 0.132613 -0.044515 -0.077103 0.132613 -0.062954 -0.062954 0.132613 -0.023281 -0.086887 0.150562 -0.018245 -0.068092 0.150562 -0.088608 -0.023743 0.144013 -0.091734 -0.000000 0.144013 -0.089031 -0.000000 0.144013 -0.085997 -0.023043 0.144013 0.089952 -0.000000 0.150562 0.070494 -0.000000 0.150562 -0.079444 0.045867 0.132613 -0.088608 0.023743 0.132613 -0.085997 0.023043 0.132613 -0.077103 0.044515 0.132613 -0.063606 0.063606 0.150562 -0.049847 0.049847 0.150562 -0.045867 -0.079444 0.144013 -0.064866 -0.064866 0.144013 -0.062954 -0.062954 0.144013 -0.044515 -0.077103 0.144013 -0.044976 -0.077901 0.150562 -0.035247 -0.061050 0.150562 0.064866 0.064866 0.132613 0.045867 0.079444 0.132613 0.044515 0.077103 0.132613 0.062954 0.062954 0.132613 0.086887 -0.023281 0.150562 0.068092 -0.018245 0.150562 -0.088608 0.023743 0.144013 -0.079444 0.045867 0.144013 -0.077103 0.044515 0.144013 -0.085997 0.023043 0.144013 -0.044976 0.077901 0.150562 -0.035247 0.061049 0.150562 -0.045867 0.079444 0.132613 -0.064866 0.064866 0.132613 -0.062954 0.062954 0.132613 -0.044515 0.077103 0.132613 -0.063606 -0.063606 0.150562 -0.049847 -0.049847 0.150562 0.045867 0.079444 0.144013 0.064866 0.064866 0.144013 0.062954 0.062954 0.144013 0.044515 0.077103 0.144013 0.077901 -0.044976 0.150562 0.061049 -0.035247 0.150562 0.079444 0.045867 0.132613 0.077103 0.044515 0.132613 -0.064866 0.064866 0.144013 -0.062954 0.062954 0.144013 -0.023743 0.088608 0.148795 -0.023743 0.088608 0.144013 
						0.064866 -0.064866 0.132613 0.062954 -0.062954 0.132613 0.079444 0.045867 0.144013 0.077103 0.044515 0.144013 -0.023043 0.085997 0.144013 0.000000 0.089031 0.144013 0.000000 0.089031 0.132613 -0.023043 0.085997 0.132613 0.023043 0.085997 0.144013 0.044515 0.077103 0.144013 0.044515 0.077103 0.132613 0.023043 0.085997 0.132613 -0.077103 -0.044515 0.144013 -0.085997 -0.023043 0.144013 -0.085997 -0.023043 0.132613 -0.077103 -0.044515 0.132613 0.062954 -0.062954 0.144013 0.044515 -0.077103 0.144013 0.044515 -0.077103 0.132613 0.062954 -0.062954 0.132613 0.062954 0.062954 0.144013 0.062954 0.062954 0.132613 -0.089031 -0.000000 0.144013 -0.089031 -0.000000 0.132613 0.023043 -0.085997 0.144013 0.023043 -0.085997 0.132613 0.077103 0.044515 0.144013 0.077103 0.044515 0.132613 -0.085997 0.023043 0.144013 -0.085997 0.023043 0.132613 0.000000 -0.089031 0.144013 0.000000 -0.089031 0.132613 0.085997 0.023043 0.144013 0.085997 0.023043 0.132613 -0.085997 0.023043 0.144013 -0.077103 0.044515 0.144013 -0.077103 0.044515 0.132613 -0.085997 0.023043 0.132613 -0.023043 -0.085997 0.144013 -0.023043 -0.085997 0.132613 0.089031 -0.000000 0.144013 0.089031 -0.000000 0.132613 -0.062954 0.062954 0.144013 -0.062954 0.062954 0.132613 -0.044515 -0.077103 0.144013 -0.044515 -0.077103 0.132613 0.085997 -0.023043 0.144013 0.085997 -0.023043 0.132613 -0.044515 0.077103 0.144013 -0.044515 0.077103 0.132613 -0.062954 -0.062954 0.144013 -0.062954 -0.062954 0.132613 0.077103 -0.044515 0.144013 0.077103 -0.044515 0.132613 -0.023743 0.088608 0.132613 -0.023043 0.085997 0.132613 0.000000 0.091734 0.132613 0.000000 0.089031 0.132613 0.023743 0.088608 0.144013 0.023043 0.085997 0.144013 -0.088608 0.023743 0.144013 -0.085997 0.023043 0.144013 0.023743 0.088608 0.132613 0.023043 0.085997 0.132613 
						-0.088608 0.023743 0.132613 -0.085997 0.023043 0.132613 -0.079444 -0.045867 0.144013 -0.077103 -0.044515 0.144013 -0.079444 -0.045867 0.132613 -0.077103 -0.044515 0.132613 0.064866 -0.064866 0.144013 0.062954 -0.062954 0.144013 0.037880 -0.065611 0.128818 0.019608 -0.073179 0.128818 0.019608 -0.073179 0.135248 0.037880 -0.065611 0.135248 -0.073179 -0.019608 0.128818 -0.075761 -0.000000 0.128818 -0.075761 -0.000000 0.135248 -0.073179 -0.019608 0.135248 0.037880 0.065611 0.128818 0.053571 0.053571 0.128818 0.053571 0.053571 0.135248 0.037880 0.065611 0.135248 0.053571 -0.053571 0.128818 0.053571 -0.053571 0.135248 -0.065611 -0.037880 0.128818 -0.065611 -0.037880 0.135248 0.019608 0.073179 0.128818 0.019608 0.073179 0.135248 0.065611 -0.037880 0.128818 0.065611 -0.037880 0.135248 -0.053571 -0.053571 0.128818 -0.053571 -0.053571 0.135248 0.000000 0.075761 0.128818 0.000000 0.075761 0.135248 0.073179 -0.019608 0.128818 0.073179 -0.019608 0.135248 -0.037880 -0.065611 0.128818 -0.037880 -0.065611 0.135248 0.023743 0.088608 0.132613 0.023743 0.088608 0.127706 -0.053571 0.053571 0.128818 -0.037880 0.065611 0.128818 -0.037880 0.065611 0.135248 -0.053571 0.053571 0.135248 0.075761 -0.000000 0.128818 0.075761 -0.000000 0.135248 -0.019608 -0.073179 0.128818 -0.019608 -0.073179 0.135248 -0.065611 0.037880 0.128818 -0.065611 0.037880 0.135248 0.073179 0.019608 0.128818 0.073179 0.019608 0.135248 0.000000 -0.075761 0.128818 0.000000 -0.075761 0.135248 -0.073179 0.019608 0.128818 -0.073179 0.019608 0.135248 0.065611 0.037880 0.128818 0.065611 0.037880 0.135248 -0.073179 0.019608 0.128818 -0.073179 0.019608 0.135248 0.088608 -0.023743 0.132613 0.079444 -0.045867 0.132613 0.079444 -0.045867 0.127706 0.088608 -0.023743 0.127706 -0.045867 -0.079444 0.132613 -0.064866 -0.064866 0.132613 
						-0.064866 -0.064866 0.127706 -0.045867 -0.079444 0.127706 -0.064866 0.064866 0.132613 -0.045867 0.079444 0.132613 -0.045867 0.079444 0.127706 -0.064866 0.064866 0.127706 0.091734 -0.000000 0.132613 0.091734 -0.000000 0.127706 -0.023743 -0.088608 0.132613 -0.023743 -0.088608 0.127706 -0.079444 0.045867 0.132613 -0.079444 0.045867 0.127706 0.088608 0.023743 0.132613 0.088608 0.023743 0.127706 0.000000 -0.091734 0.132613 0.000000 -0.091734 0.127706 -0.088608 0.023743 0.132613 -0.088608 0.023743 0.127706 0.079444 0.045867 0.132613 0.079444 0.045867 0.127706 0.023743 -0.088608 0.132613 0.023743 -0.088608 0.127706 -0.091734 -0.000000 0.132613 -0.088608 0.023743 0.132613 -0.088608 0.023743 0.127706 -0.091734 -0.000000 0.127706 0.064866 0.064866 0.132613 0.064866 0.064866 0.127706 0.045867 -0.079444 0.132613 0.045867 -0.079444 0.127706 -0.088608 -0.023743 0.132613 -0.088608 -0.023743 0.127706 0.045867 0.079444 0.132613 0.045867 0.079444 0.127706 0.064866 -0.064866 0.132613 0.064866 -0.064866 0.127706 -0.079444 -0.045867 0.132613 -0.079444 -0.045867 0.127706 -0.023314 0.087008 0.126064 -0.020327 0.075862 0.126064 -0.019608 0.073179 0.128818 -0.019608 0.073179 0.135248 -0.075761 -0.000000 0.135248 -0.073179 0.019608 0.135248 -0.059439 0.015927 0.135248 -0.061535 -0.000000 0.135248 0.053571 0.053571 0.135248 0.065611 0.037880 0.135248 0.053291 0.030768 0.135248 0.043512 0.043512 0.135248 0.037880 -0.065611 0.135248 0.019608 -0.073179 0.135248 0.015927 -0.059439 0.135248 0.030768 -0.053291 0.135248 -0.073179 -0.019608 0.135248 -0.059439 -0.015927 0.135248 0.037880 0.065611 0.135248 0.030768 0.053291 0.135248 0.053571 -0.053571 0.135248 0.043512 -0.043512 0.135248 -0.065611 -0.037880 0.135248 -0.053291 -0.030768 0.135248 0.019608 0.073179 0.135248 0.015927 0.059439 0.135248 
						-0.019608 0.073179 0.135248 0.000000 0.075761 0.135248 0.000000 0.061535 0.135248 -0.015927 0.059439 0.135248 0.065611 -0.037880 0.135248 0.053291 -0.030768 0.135248 -0.053571 -0.053571 0.135248 -0.043512 -0.043512 0.135248 -0.037880 0.065611 0.135248 -0.030768 0.053291 0.135248 0.073179 -0.019608 0.135248 0.059439 -0.015927 0.135248 -0.037880 -0.065611 0.135248 -0.030768 -0.053291 0.135248 -0.053571 0.053571 0.135248 -0.043512 0.043512 0.135248 0.075761 -0.000000 0.135248 0.061535 -0.000000 0.135248 -0.019608 -0.073179 0.135248 -0.015927 -0.059439 0.135248 -0.065611 0.037880 0.135248 -0.053291 0.030768 0.135248 0.073179 0.019608 0.135248 0.059439 0.015927 0.135248 0.000000 -0.075761 0.135248 0.000000 -0.061535 0.135248 -0.073179 0.019608 0.135248 -0.059439 0.015927 0.135248 -0.000000 -0.000000 0.135248 0.000000 0.075761 0.128818 -0.019608 0.073179 0.128818 -0.020327 0.075862 0.126064 0.000000 0.078539 0.126064 -0.037880 0.065611 0.128818 -0.039269 0.068016 0.126064 -0.053571 0.053571 0.128818 -0.055535 0.055535 0.126064 -0.065611 0.037880 0.128818 -0.068016 0.039269 0.126064 -0.073179 0.019608 0.128818 -0.075862 0.020327 0.126064 -0.073179 0.019608 0.128818 -0.075761 -0.000000 0.128818 -0.078539 -0.000000 0.126064 -0.075862 0.020327 0.126064 -0.073179 -0.019608 0.128818 -0.075862 -0.020327 0.126064 -0.065611 -0.037880 0.128818 -0.068016 -0.039269 0.126064 -0.053571 -0.053571 0.128818 -0.055535 -0.055535 0.126064 -0.037880 -0.065611 0.128818 -0.039269 -0.068016 0.126064 -0.019608 -0.073179 0.128818 -0.020327 -0.075862 0.126064 0.000000 -0.075761 0.128818 0.000000 -0.078539 0.126064 0.019608 -0.073179 0.128818 0.020327 -0.075862 0.126064 0.037880 -0.065611 0.128818 0.039269 -0.068016 0.126064 0.053571 -0.053571 0.128818 0.055535 -0.055535 0.126064 0.065611 -0.037880 0.128818 
						0.068016 -0.039269 0.126064 0.073179 -0.019608 0.128818 0.075862 -0.020327 0.126064 0.075761 -0.000000 0.128818 0.078539 -0.000000 0.126064 0.073179 0.019608 0.128818 0.075862 0.020327 0.126064 0.065611 0.037880 0.128818 0.068016 0.039269 0.126064 0.053571 0.053571 0.128818 0.055535 0.055535 0.126064 0.037880 0.065611 0.128818 0.039269 0.068016 0.126064 0.019608 0.073179 0.128818 0.020327 0.075862 0.126064 0.000000 0.090077 0.126064 -0.023314 0.087008 0.126064 -0.023743 0.088608 0.127706 0.000000 0.091734 0.127706 -0.045039 0.078009 0.126064 -0.045867 0.079444 0.127706 -0.063694 0.063694 0.126064 -0.064866 0.064866 0.127706 -0.078009 0.045039 0.126064 -0.079444 0.045867 0.127706 -0.087008 0.023314 0.126064 -0.088608 0.023743 0.127706 -0.087008 0.023314 0.126064 -0.090077 -0.000000 0.126064 -0.091734 -0.000000 0.127706 -0.088608 0.023743 0.127706 -0.087008 -0.023314 0.126064 -0.088608 -0.023743 0.127706 -0.078009 -0.045039 0.126064 -0.079444 -0.045867 0.127706 -0.063694 -0.063694 0.126064 -0.064866 -0.064866 0.127706 -0.045039 -0.078009 0.126064 -0.045867 -0.079444 0.127706 -0.023314 -0.087008 0.126064 -0.023743 -0.088608 0.127706 0.000000 -0.090077 0.126064 0.000000 -0.091734 0.127706 0.023314 -0.087008 0.126064 0.023743 -0.088608 0.127706 0.045039 -0.078009 0.126064 0.045867 -0.079444 0.127706 0.063694 -0.063694 0.126064 0.064866 -0.064866 0.127706 0.078009 -0.045039 0.126064 0.079444 -0.045867 0.127706 0.087008 -0.023314 0.126064 0.088608 -0.023743 0.127706 0.090077 -0.000000 0.126064 0.091734 -0.000000 0.127706 0.087008 0.023314 0.126064 0.088608 0.023743 0.127706 0.078009 0.045039 0.126064 0.079444 0.045867 0.127706 0.063694 0.063694 0.126064 0.064866 0.064866 0.127706 0.045039 0.078009 0.126064 0.045867 0.079444 0.127706 0.023314 0.087008 0.126064 
						0.023743 0.088608 0.127706 0.000000 0.091734 0.148795 -0.023743 0.088608 0.148795 -0.023281 0.086887 0.150562 0.000000 0.089952 0.150562 -0.045867 0.079444 0.148795 -0.044976 0.077901 0.150562 -0.064866 0.064866 0.148795 -0.063606 0.063606 0.150562 -0.079444 0.045867 0.148795 -0.077901 0.044976 0.150562 -0.088608 0.023743 0.148795 -0.086887 0.023281 0.150562 -0.088608 0.023743 0.148795 -0.091734 -0.000000 0.148795 -0.089952 -0.000000 0.150562 -0.086887 0.023281 0.150562 -0.088608 -0.023743 0.148795 -0.086887 -0.023281 0.150562 -0.079444 -0.045867 0.148795 -0.077901 -0.044976 0.150562 -0.064866 -0.064866 0.148795 -0.063606 -0.063606 0.150562 -0.045867 -0.079444 0.148795 -0.044976 -0.077901 0.150562 -0.023743 -0.088608 0.148795 -0.023281 -0.086887 0.150562 0.000000 -0.091734 0.148795 0.000000 -0.089952 0.150562 0.023743 -0.088608 0.148795 0.023281 -0.086887 0.150562 0.045867 -0.079444 0.148795 0.044976 -0.077901 0.150562 0.064866 -0.064866 0.148795 0.063606 -0.063606 0.150562 0.079444 -0.045867 0.148795 0.077901 -0.044976 0.150562 0.088608 -0.023743 0.148795 0.086887 -0.023281 0.150562 0.091734 -0.000000 0.148795 0.089952 -0.000000 0.150562 0.088608 0.023743 0.148795 0.086887 0.023281 0.150562 0.079444 0.045867 0.148795 0.077901 0.044976 0.150562 0.064866 0.064866 0.148795 0.063606 0.063606 0.150562 0.045867 0.079444 0.148795 0.044976 0.077901 0.150562 0.023743 0.088608 0.148795 0.023281 0.086887 0.150562 
					</float_array>
					<technique_common>
						<accessor count="1779" offset="0" source="#meshId0-positions-array" stride="3">
							<param name="X" type="float" />
							<param name="Y" type="float" />
							<param name="Z" type="float" />
						</accessor>
					</technique_common>
				</source>
				<source id="meshId0-normals" name="meshId0-normals">
					<float_array id="meshId0-normals-array" count="5337"> 
						-1.000000 0.000000 0.000000 -1.000000 0.000000 0.000000 -0.965926 -0.258819 0.000000 -0.965926 -0.258819 0.000000 0.707107 0.707107 0.000000 0.707107 0.707107 0.000000 0.499999 0.866026 -0.000000 0.499999 0.866026 -0.000000 0.499998 -0.866027 0.000000 0.499998 -0.866027 0.000000 0.707106 -0.707107 0.000000 0.707106 -0.707107 0.000000 -0.866026 -0.499999 0.000000 -0.866026 -0.499999 0.000000 0.258819 0.965926 0.000000 0.258819 0.965926 0.000000 0.866026 -0.499999 0.000000 0.866026 -0.499999 0.000000 -0.707106 -0.707107 0.000000 -0.707106 -0.707107 0.000000 0.000000 1.000000 0.000000 0.000000 1.000000 0.000000 0.965926 -0.258819 0.000000 0.965926 -0.258819 0.000000 -0.499998 -0.866027 0.000000 -0.499998 -0.866027 0.000000 -0.000000 0.000000 -1.000000 -0.000000 0.000000 -1.000000 -0.000000 0.000000 -1.000000 -0.000000 0.000000 -1.000000 -0.499999 0.866026 -0.000000 -0.499999 0.866026 -0.000000 -0.707107 0.707107 0.000000 -0.707107 0.707107 0.000000 1.000000 0.000000 0.000000 1.000000 0.000000 0.000000 -0.258819 -0.965926 0.000000 -0.258819 -0.965926 0.000000 -0.866026 0.499999 -0.000000 -0.866026 0.499999 -0.000000 0.965926 0.258819 0.000000 0.965926 0.258819 0.000000 0.000000 -1.000000 0.000000 0.000000 -1.000000 0.000000 -0.965926 0.258819 0.000000 -0.965926 0.258819 0.000000 0.866026 0.499999 -0.000000 0.866026 0.499999 -0.000000 0.258819 -0.965926 0.000000 0.258819 -0.965926 0.000000 -1.000000 0.000000 0.000000 -1.000000 0.000000 0.000000 -0.965925 -0.258821 0.000000 -0.965925 -0.258821 0.000000 -1.000000 0.000000 0.000000 -1.000000 0.000000 0.000000 -0.000000 1.000000 0.000000 -0.000000 1.000000 0.000000 0.258819 0.965926 -0.000000 0.258819 0.965926 -0.000000 0.965925 -0.258821 0.000000 0.965925 -0.258821 0.000000 0.866025 -0.500000 0.000000 0.866025 -0.500000 0.000000 
						-0.866025 -0.500000 0.000000 -0.866025 -0.500000 0.000000 -0.258819 0.965926 -0.000000 -0.258819 0.965926 -0.000000 1.000000 0.000000 0.000000 1.000000 0.000000 0.000000 -0.707107 -0.707107 0.000000 -0.707107 -0.707107 0.000000 -0.500000 0.866025 -0.000000 -0.500000 0.866025 -0.000000 0.965925 0.258821 -0.000000 0.965925 0.258821 -0.000000 1.000000 0.000000 0.000000 1.000000 0.000000 0.000000 -0.500000 -0.866025 0.000000 -0.500000 -0.866025 0.000000 -0.707108 0.707106 0.000000 -0.707108 0.707106 0.000000 0.866025 0.500001 0.000000 0.866025 0.500001 0.000000 -0.258821 -0.965925 -0.000000 -0.258821 -0.965925 -0.000000 0.258821 -0.965925 0.000000 0.258821 -0.965925 0.000000 0.000000 -1.000000 0.000000 0.000000 -1.000000 0.000000 -0.866025 0.500001 0.000000 -0.866025 0.500001 0.000000 0.707108 0.707106 0.000000 0.707108 0.707106 0.000000 0.500000 -0.866025 0.000000 0.500000 -0.866025 0.000000 -0.965925 0.258821 -0.000000 -0.965925 0.258821 -0.000000 0.500000 0.866025 -0.000000 0.500000 0.866025 -0.000000 0.707107 -0.707107 0.000000 0.707107 -0.707107 0.000000 -0.000000 0.000000 -1.000000 -0.000000 0.000000 -1.000000 0.000000 0.000000 -1.000000 0.000000 0.000000 -1.000000 -0.000000 0.000000 -1.000000 -0.000000 0.000000 -1.000000 0.000000 0.000000 -1.000000 0.000000 0.000000 -1.000000 0.000001 0.000000 -1.000000 0.000001 0.000000 -1.000000 0.000000 0.000000 -1.000000 0.000000 0.000000 -1.000000 0.000000 0.000000 -1.000000 0.000000 0.000000 -1.000000 0.000000 0.000000 -1.000000 0.000000 0.000000 -1.000000 0.000000 0.000000 -1.000000 0.000000 0.000000 -1.000000 -0.000000 0.000000 -1.000000 -0.000000 0.000000 -1.000000 -0.000000 0.000000 -1.000000 -0.000000 0.000000 -1.000000 0.000000 0.000000 -1.000000 0.000000 0.000000 -1.000000 -0.000000 0.000000 -1.000000 -0.000000 0.000000 -1.000000 
						-0.000000 0.000000 -1.000000 -0.000000 0.000000 -1.000000 0.000000 0.000000 -1.000000 0.000000 0.000000 -1.000000 0.000000 0.000000 -1.000000 0.000000 0.000000 -1.000000 0.000000 0.000000 -1.000000 0.000000 0.000000 -1.000000 0.000000 0.000000 -1.000000 0.000000 0.000000 -1.000000 -0.000000 0.000000 -1.000000 -0.000000 0.000000 -1.000000 -0.000000 0.000000 -1.000000 -0.000000 0.000000 -1.000000 -0.000000 0.000000 -1.000000 -0.000000 0.000000 -1.000000 0.000000 0.000000 -1.000000 0.000000 0.000000 -1.000000 0.000000 0.000000 -1.000000 0.000000 0.000000 -1.000000 0.000000 0.000000 -1.000000 0.000000 0.000000 -1.000000 0.000000 0.000000 -1.000000 0.000000 0.000000 -1.000000 0.000000 -1.000000 0.000000 0.000000 -1.000000 0.000000 -0.258819 -0.965926 0.000000 -0.258819 -0.965926 0.000000 -0.965925 0.258821 0.000000 -0.965925 0.258821 0.000000 -0.866025 0.500000 0.000000 -0.866025 0.500000 0.000000 0.866025 0.500000 0.000000 0.866025 0.500000 0.000000 0.965925 0.258821 0.000000 0.965925 0.258821 0.000000 0.258819 -0.965926 0.000000 0.258819 -0.965926 0.000000 -1.000000 0.000000 0.000000 -1.000000 0.000000 0.000000 0.707107 0.707106 0.000000 0.707107 0.707106 0.000000 0.500000 -0.866025 0.000000 0.500000 -0.866025 0.000000 -0.965925 -0.258821 0.000000 -0.965925 -0.258821 0.000000 -1.000000 0.000000 0.000000 -1.000000 0.000000 0.000000 0.500001 0.866025 0.000000 0.500001 0.866025 0.000000 0.707108 -0.707106 0.000000 0.707108 -0.707106 0.000000 -0.866025 -0.500001 0.000000 -0.866025 -0.500001 0.000000 0.258821 0.965925 0.000000 0.258821 0.965925 0.000000 -0.258821 0.965925 0.000000 -0.258821 0.965925 0.000000 0.000000 1.000000 0.000000 0.000000 1.000000 0.000000 0.866025 -0.500001 0.000000 0.866025 -0.500001 0.000000 -0.707108 -0.707106 0.000000 -0.707108 -0.707106 0.000000 
						-0.500001 0.866025 0.000000 -0.500001 0.866025 0.000000 0.965925 -0.258821 0.000000 0.965925 -0.258821 0.000000 -0.500000 -0.866025 0.000000 -0.500000 -0.866025 0.000000 -0.707107 0.707106 0.000000 -0.707107 0.707106 0.000000 1.000000 0.000000 0.000000 1.000000 0.000000 0.000000 0.000001 -0.000000 -1.000000 0.000000 -0.000000 -1.000000 -0.000000 -0.000000 -1.000000 -0.000000 0.000000 -1.000000 -0.000001 0.000000 -1.000000 0.000000 0.000000 -1.000000 0.000000 0.000000 -1.000000 -0.000001 -0.000000 -1.000000 0.000000 -0.000000 -1.000000 -0.000001 0.000000 -1.000000 0.000000 0.000000 -1.000000 0.000000 -0.000000 -1.000000 -0.000000 -0.000000 -1.000000 0.000000 -0.000000 -1.000000 0.000000 -0.000000 -1.000000 0.000000 0.000000 -1.000000 0.000000 0.000000 -1.000000 0.000000 0.000000 -1.000000 -0.000001 0.000000 -1.000000 0.000000 0.000000 -1.000000 0.000001 0.000000 -1.000000 0.000001 -0.000000 -1.000000 -0.000000 -0.000000 -1.000000 -0.000000 0.000000 -1.000000 0.000001 -0.000000 -1.000000 0.000000 0.000000 -1.000000 -0.000001 0.000001 1.000000 -0.000001 0.000001 1.000000 -0.000001 0.000000 1.000000 -0.000001 0.000000 1.000000 0.000001 0.000001 1.000000 0.000001 0.000001 1.000000 0.000001 0.000001 1.000000 0.000001 0.000001 1.000000 0.000000 1.000000 0.000000 0.000000 1.000000 0.000000 -0.258819 0.965926 0.000000 -0.258819 0.965926 0.000000 0.000001 -0.000001 1.000000 0.000001 -0.000001 1.000000 0.000000 -0.000001 1.000000 0.000000 -0.000001 1.000000 -0.000001 -0.000000 1.000000 -0.000001 -0.000000 1.000000 0.000000 0.000001 1.000000 0.000000 0.000001 1.000000 0.000001 -0.000001 1.000000 0.000001 -0.000001 1.000000 -0.000001 -0.000000 1.000000 -0.000001 -0.000000 1.000000 0.000000 0.000001 1.000000 0.000000 0.000001 1.000000 0.000001 -0.000000 1.000000 0.000001 -0.000000 1.000000 
						-0.000001 -0.000001 1.000000 -0.000001 -0.000001 1.000000 -0.000000 0.000001 1.000000 -0.000000 0.000001 1.000000 0.000001 -0.000000 1.000000 0.000001 -0.000000 1.000000 -0.000001 -0.000001 1.000000 -0.000001 -0.000001 1.000000 -0.000001 0.000001 1.000000 -0.000001 0.000001 1.000000 0.000001 -0.000000 1.000000 0.000001 -0.000000 1.000000 0.000001 0.000000 1.000000 0.000001 0.000000 1.000000 -0.000001 -0.000001 1.000000 -0.000001 -0.000001 1.000000 -0.000001 0.000001 1.000000 -0.000001 0.000001 1.000000 0.000001 0.000001 1.000000 0.000001 0.000001 1.000000 -0.000000 -0.000001 1.000000 -0.000000 -0.000001 1.000000 0.000000 -0.000001 1.000000 0.000000 -0.000001 1.000000 0.000000 0.000000 -1.000000 0.000000 0.000000 -1.000000 0.000000 0.000000 -1.000000 0.000000 0.000000 -1.000000 0.000000 0.000000 -1.000000 0.000000 0.000000 -1.000000 0.000000 0.000000 -1.000000 0.000000 0.000000 -1.000000 -0.000000 0.000000 1.000000 -0.000000 0.000000 1.000000 -0.000001 0.000000 1.000000 -0.000001 0.000000 1.000000 0.000000 0.000000 -1.000000 0.000000 0.000000 -1.000000 0.000000 0.000000 -1.000000 0.000000 0.000000 -1.000000 -0.000001 0.000000 1.000000 -0.000001 0.000000 1.000000 0.000000 0.000000 -1.000000 0.000000 0.000000 -1.000000 0.000000 0.000000 -1.000000 0.000000 0.000000 -1.000000 -0.000002 0.000000 -1.000000 -0.000002 0.000000 -1.000000 -0.000001 0.000000 -1.000000 -0.000001 0.000000 -1.000000 0.000000 0.000000 -1.000000 0.000000 0.000000 -1.000000 -0.000002 0.000000 1.000000 -0.000002 0.000000 1.000000 0.000002 0.000000 1.000000 0.000002 0.000000 1.000000 0.000000 0.000000 -1.000000 0.000000 0.000000 -1.000000 0.000000 0.000000 -1.000000 0.000000 0.000000 -1.000000 0.000000 0.000000 -1.000000 0.000000 0.000000 -1.000000 -0.000000 0.000000 -1.000000 -0.000000 0.000000 -1.000000 
						0.000001 0.000000 1.000000 0.000001 0.000000 1.000000 0.000001 0.000000 1.000000 0.000001 0.000000 1.000000 0.000000 0.000000 -1.000000 0.000000 0.000000 -1.000000 -0.000000 0.000000 -1.000000 -0.000000 0.000000 -1.000000 0.000000 0.000000 -1.000000 0.000000 0.000000 -1.000000 0.000000 0.000000 -1.000000 0.000000 0.000000 -1.000000 0.000000 0.000000 -1.000000 0.000000 0.000000 -1.000000 0.000000 0.000000 1.000000 0.000000 0.000000 1.000000 -0.000002 0.000000 1.000000 -0.000002 0.000000 1.000000 -0.000000 0.000000 -1.000000 -0.000000 0.000000 -1.000000 0.000000 0.000000 -1.000000 0.000000 0.000000 -1.000000 0.000000 0.000000 -1.000000 0.000000 0.000000 -1.000000 0.000000 0.000000 -1.000000 0.000000 0.000000 -1.000000 0.000000 0.000000 1.000000 0.000000 0.000000 1.000000 0.000000 0.000000 1.000000 0.000000 0.000000 1.000000 0.000000 0.000000 -1.000000 0.000000 0.000000 -1.000000 0.000000 0.000000 -1.000000 0.000000 0.000000 -1.000000 0.000000 0.000000 -1.000000 0.000000 0.000000 -1.000000 0.000000 0.000000 -1.000000 0.000000 0.000000 -1.000000 0.000002 0.000000 1.000000 0.000002 0.000000 1.000000 -0.000000 0.000000 1.000000 -0.000000 0.000000 1.000000 0.000000 0.000000 -1.000000 0.000000 0.000000 -1.000000 0.000000 0.000000 -1.000000 0.000000 0.000000 -1.000000 0.000000 0.000000 -1.000000 0.000000 0.000000 -1.000000 0.000000 0.000000 -1.000000 -0.000000 0.000000 -1.000000 0.000002 0.000000 1.000000 0.000002 0.000000 1.000000 0.000000 0.000000 1.000000 0.000000 0.000000 1.000000 -0.000000 0.000000 -1.000000 -0.000000 0.000000 -1.000000 0.000000 0.000000 -1.000000 0.000000 0.000000 -1.000000 0.000000 0.000000 -1.000000 0.000000 0.000000 -1.000000 0.000000 0.000000 -1.000000 0.000000 0.000000 -1.000000 0.000000 0.000000 1.000000 0.000000 0.000000 1.000000 
						0.000000 0.000000 1.000000 0.000000 0.000000 1.000000 -0.000000 0.000000 -1.000000 -0.000000 0.000000 -1.000000 0.000001 0.000000 -1.000000 0.000001 0.000000 -1.000000 0.000002 0.000000 -1.000000 0.000002 0.000000 -1.000000 -0.000000 0.000000 -1.000000 -0.000000 0.000000 -1.000000 0.000002 0.000000 1.000000 0.000002 0.000000 1.000000 0.000000 0.000000 1.000000 0.000000 0.000000 1.000000 0.000000 0.000000 -1.000000 0.000000 0.000000 -1.000000 0.000000 0.000000 -1.000000 0.000000 0.000000 -1.000000 0.000000 0.000000 1.000000 0.000000 0.000000 1.000000 -0.258819 0.965926 0.000000 -0.258819 0.965926 0.000000 -0.000001 0.000000 -1.000000 -0.000001 0.000000 -1.000000 0.000004 0.000000 1.000000 0.000004 0.000000 1.000000 0.000000 1.000000 0.000000 0.000000 1.000000 0.000000 -0.258819 0.965926 0.000000 -0.258819 0.965926 0.000000 0.500000 0.866025 0.000000 0.500000 0.866025 0.000000 0.258819 0.965926 0.000000 0.258819 0.965926 0.000000 -0.965926 -0.258819 0.000000 -0.965926 -0.258819 0.000000 -0.866026 -0.499999 0.000000 -0.866026 -0.499999 0.000000 0.499999 -0.866026 0.000000 0.499999 -0.866026 0.000000 0.707107 -0.707107 0.000000 0.707107 -0.707107 0.000000 0.707107 0.707107 0.000000 0.707107 0.707107 0.000000 -1.000000 0.000000 0.000000 -1.000000 0.000000 0.000000 0.258819 -0.965926 -0.000000 0.258819 -0.965926 -0.000000 0.866026 0.500000 0.000000 0.866026 0.500000 0.000000 -0.965926 0.258819 0.000000 -0.965926 0.258819 0.000000 -1.000000 0.000000 0.000000 -1.000000 0.000000 0.000000 0.000000 -1.000000 0.000000 0.000000 -1.000000 0.000000 0.965926 0.258819 0.000000 0.965926 0.258819 0.000000 -0.866026 0.500000 0.000000 -0.866026 0.500000 0.000000 -0.258819 -0.965926 -0.000000 -0.258819 -0.965926 -0.000000 1.000000 0.000000 0.000000 1.000000 0.000000 0.000000 
						-0.707107 0.707107 0.000000 -0.707107 0.707107 0.000000 -0.499999 -0.866026 0.000000 -0.499999 -0.866026 0.000000 0.965926 -0.258819 0.000000 0.965926 -0.258819 0.000000 -0.500000 0.866025 0.000000 -0.500000 0.866025 0.000000 -0.707107 -0.707107 0.000000 -0.707107 -0.707107 0.000000 0.866026 -0.499999 0.000000 0.866026 -0.499999 0.000000 0.000001 0.000000 -1.000000 0.000001 0.000000 -1.000000 0.000000 0.000000 -1.000000 0.000000 0.000000 -1.000000 -0.000000 0.000000 1.000000 -0.000000 0.000000 1.000000 0.000002 0.000000 1.000000 0.000002 0.000000 1.000000 0.000000 0.000000 -1.000000 0.000000 0.000000 -1.000000 0.000000 0.000000 -1.000000 0.000000 0.000000 -1.000000 -0.000000 0.000000 1.000000 -0.000000 0.000000 1.000000 0.000000 0.000000 -1.000000 0.000000 0.000000 -1.000000 0.000000 0.000000 1.000000 0.000000 0.000000 1.000000 -0.258819 0.965926 0.000000 -0.258819 0.965926 0.000000 -0.499999 0.866026 -0.000000 -0.499999 0.866026 -0.000000 1.000000 -0.000000 0.000000 1.000000 -0.000000 0.000000 0.965926 0.258819 -0.000000 0.965926 0.258819 -0.000000 -0.707107 -0.707106 0.000000 -0.707107 -0.707106 0.000000 -0.500000 -0.866025 0.000000 -0.500000 -0.866025 0.000000 -0.707107 0.707107 0.000000 -0.707107 0.707107 0.000000 0.866026 0.499999 0.000000 0.866026 0.499999 0.000000 -0.258819 -0.965926 -0.000000 -0.258819 -0.965926 -0.000000 -0.866026 0.499999 0.000000 -0.866026 0.499999 0.000000 0.707107 0.707107 0.000000 0.707107 0.707107 0.000000 -0.000000 -1.000000 0.000000 -0.000000 -1.000000 0.000000 -0.965926 0.258819 -0.000000 -0.965926 0.258819 -0.000000 0.499999 0.866026 -0.000000 0.499999 0.866026 -0.000000 0.258819 0.965926 0.000000 0.258819 0.965926 0.000000 0.500000 -0.866025 0.000000 0.500000 -0.866025 0.000000 0.707107 -0.707106 0.000000 0.707107 -0.707106 0.000000 
						-1.000000 -0.000000 0.000000 -1.000000 -0.000000 0.000000 0.258819 0.965926 0.000000 0.258819 0.965926 0.000000 0.866026 -0.499999 0.000000 0.866026 -0.499999 0.000000 -0.965926 -0.258819 0.000000 -0.965926 -0.258819 0.000000 -0.000000 1.000000 0.000000 -0.000000 1.000000 0.000000 0.965926 -0.258819 0.000000 0.965926 -0.258819 0.000000 -0.866026 -0.499999 0.000000 -0.866026 -0.499999 0.000000 1.000000 -0.000000 0.000000 1.000000 -0.000000 0.000000 0.866026 -0.499998 0.000000 0.866026 -0.499998 0.000000 0.965926 -0.258819 0.000000 0.965926 -0.258819 0.000000 -0.707107 -0.707107 0.000000 -0.707107 -0.707107 0.000000 -0.499999 -0.866026 0.000000 -0.499999 -0.866026 0.000000 -0.500000 0.866026 0.000000 -0.500000 0.866026 0.000000 -0.707107 0.707107 -0.000000 -0.707107 0.707107 -0.000000 1.000000 0.000000 0.000000 1.000000 0.000000 0.000000 -0.258819 -0.965926 -0.000000 -0.258819 -0.965926 -0.000000 -0.866026 0.499999 0.000000 -0.866026 0.499999 0.000000 0.965926 0.258819 -0.000000 0.965926 0.258819 -0.000000 0.000000 -1.000000 0.000000 0.000000 -1.000000 0.000000 -0.965926 0.258819 -0.000000 -0.965926 0.258819 -0.000000 0.866026 0.499999 0.000000 0.866026 0.499999 0.000000 0.258819 -0.965926 -0.000000 0.258819 -0.965926 -0.000000 -1.000000 0.000000 0.000000 -1.000000 0.000000 0.000000 0.707107 0.707107 -0.000000 0.707107 0.707107 -0.000000 0.499999 -0.866026 0.000000 0.499999 -0.866026 0.000000 -1.000000 0.000000 0.000000 -1.000000 0.000000 0.000000 -0.965926 -0.258819 0.000000 -0.965926 -0.258819 0.000000 0.500000 0.866026 0.000000 0.500000 0.866026 0.000000 0.707107 -0.707107 0.000000 0.707107 -0.707107 0.000000 -0.866026 -0.499998 0.000000 -0.866026 -0.499998 0.000000 0.000000 -0.000001 1.000000 0.000000 -0.000001 1.000000 0.258819 -0.965926 -0.000000 0.258819 -0.965926 -0.000000 
						0.000000 -0.000000 1.000000 0.000000 0.000000 1.000000 -0.000000 0.000000 1.000000 -0.000000 0.000000 1.000000 -0.000000 -0.000000 1.000000 0.000000 0.000000 1.000000 0.000000 0.000000 1.000000 -0.000000 -0.000000 1.000000 -0.000000 0.000000 1.000000 -0.000000 0.000000 1.000000 -0.000000 0.000000 1.000000 -0.000000 0.000000 1.000000 -0.000000 0.000000 1.000000 -0.000000 0.000000 1.000000 -0.000000 0.000000 1.000000 0.000000 0.000000 1.000000 0.000000 0.000000 1.000000 0.000000 -0.000000 1.000000 0.000000 0.000000 1.000000 -0.000000 0.000000 1.000000 0.000000 0.000000 1.000000 0.000000 0.000000 1.000000 0.000000 0.000000 1.000000 0.000000 -0.000000 1.000000 -0.000000 -0.000000 1.000000 -0.000000 0.000000 1.000000 -0.000000 0.000000 1.000000 -0.000000 -0.000000 1.000000 0.000000 0.000000 1.000000 -0.000000 0.000000 1.000000 0.000000 0.000000 1.000000 0.000000 0.000000 1.000000 -0.000000 0.000000 1.000000 -0.000000 -0.000000 1.000000 0.000000 0.000000 1.000000 -0.000000 0.000000 1.000000 0.000000 0.000000 1.000000 0.000000 0.000000 1.000000 0.000000 0.000000 1.000000 0.000000 -0.000000 1.000000 0.000000 0.000000 1.000000 -0.000000 0.000000 1.000000 0.000001 0.000000 1.000000 0.000000 0.000000 1.000000 0.000000 0.000000 1.000000 0.000000 -0.000000 1.000000 0.000000 0.000000 1.000000 -0.000000 -0.000000 1.000000 0.000000 0.000000 1.000000 0.000000 0.000000 1.000000 -0.000000 0.000000 1.000000 0.182225 -0.680072 0.710138 0.182225 -0.680072 0.710139 0.000000 -0.704062 0.710139 0.000000 -0.704062 0.710139 0.352031 -0.609735 0.710139 0.352031 -0.609735 0.710139 0.497848 -0.497846 0.710138 0.497848 -0.497846 0.710138 0.609736 -0.352030 0.710138 0.609736 -0.352030 0.710138 0.680072 -0.182225 0.710138 0.680072 -0.182225 0.710138 0.704063 -0.000000 0.710138 
						0.704063 -0.000000 0.710138 0.680072 0.182225 0.710138 0.680072 0.182225 0.710138 0.704063 -0.000000 0.710138 0.704063 -0.000000 0.710138 0.609736 0.352030 0.710139 0.609736 0.352030 0.710139 0.497846 0.497847 0.710139 0.497846 0.497847 0.710139 0.352030 0.609736 0.710138 0.352030 0.609736 0.710138 0.182225 0.680071 0.710139 0.182225 0.680072 0.710139 -0.000000 0.704062 0.710139 -0.000000 0.704062 0.710139 -0.182225 0.680072 0.710138 -0.182225 0.680072 0.710138 -0.352030 0.609736 0.710139 -0.352030 0.609736 0.710139 -0.497847 0.497846 0.710139 -0.497847 0.497847 0.710139 -0.609737 0.352030 0.710138 -0.609737 0.352030 0.710138 -0.680072 0.182225 0.710138 -0.680072 0.182225 0.710138 -0.704063 -0.000000 0.710138 -0.704063 -0.000000 0.710138 -0.680072 -0.182225 0.710138 -0.680072 -0.182225 0.710138 -0.609735 -0.352031 0.710139 -0.609735 -0.352031 0.710139 -0.497847 -0.497847 0.710139 -0.497847 -0.497847 0.710139 -0.352031 -0.609735 0.710138 -0.352032 -0.609735 0.710138 -0.182225 -0.680072 0.710138 -0.182225 -0.680072 0.710138 -0.182225 0.680074 0.710137 -0.182225 0.680074 0.710137 0.000000 0.704063 0.710137 0.000000 0.704063 0.710137 -0.352032 0.609737 0.710137 -0.352032 0.609737 0.710137 -0.497849 0.497848 0.710137 -0.497849 0.497848 0.710136 -0.609738 0.352031 0.710137 -0.609738 0.352031 0.710137 -0.680073 0.182225 0.710137 -0.680073 0.182225 0.710137 -0.704064 0.000000 0.710137 -0.704064 0.000000 0.710137 -0.680072 -0.182225 0.710138 -0.680072 -0.182225 0.710138 -0.704064 0.000000 0.710137 -0.704064 0.000000 0.710137 -0.609737 -0.352031 0.710137 -0.609737 -0.352031 0.710137 -0.497849 -0.497848 0.710136 -0.497849 -0.497848 0.710136 -0.352030 -0.609738 0.710137 -0.352030 -0.609738 0.710137 -0.182225 -0.680073 0.710137 -0.182225 -0.680073 0.710137 0.000000 -0.704063 0.710137 
						0.000000 -0.704063 0.710137 0.182225 -0.680073 0.710137 0.182225 -0.680073 0.710137 0.352031 -0.609738 0.710136 0.352031 -0.609738 0.710137 0.497850 -0.497848 0.710136 0.497850 -0.497848 0.710136 0.609737 -0.352031 0.710137 0.609737 -0.352031 0.710137 0.680072 -0.182225 0.710138 0.680072 -0.182225 0.710138 0.704064 0.000000 0.710137 0.704064 0.000000 0.710137 0.680073 0.182225 0.710137 0.680073 0.182225 0.710137 0.609738 0.352031 0.710137 0.609738 0.352031 0.710137 0.497849 0.497848 0.710137 0.497849 0.497848 0.710136 0.352032 0.609737 0.710137 0.352032 0.609737 0.710137 0.182225 0.680074 0.710137 0.182225 0.680074 0.710137 -0.182226 0.680073 -0.710137 -0.182226 0.680073 -0.710137 -0.000000 0.704061 -0.710139 -0.000000 0.704061 -0.710139 -0.352033 0.609737 -0.710136 -0.352033 0.609737 -0.710136 -0.497848 0.497848 -0.710137 -0.497848 0.497848 -0.710137 -0.609737 0.352031 -0.710137 -0.609737 0.352031 -0.710137 -0.680073 0.182224 -0.710137 -0.680073 0.182225 -0.710137 -0.704063 0.000000 -0.710138 -0.704063 0.000000 -0.710138 -0.680073 -0.182225 -0.710137 -0.680073 -0.182225 -0.710137 -0.704063 0.000000 -0.710138 -0.704063 0.000000 -0.710138 -0.609737 -0.352030 -0.710138 -0.609737 -0.352030 -0.710138 -0.497847 -0.497848 -0.710138 -0.497847 -0.497848 -0.710138 -0.352031 -0.609737 -0.710138 -0.352031 -0.609737 -0.710138 -0.182226 -0.680073 -0.710137 -0.182226 -0.680073 -0.710137 0.000000 -0.704063 -0.710137 0.000000 -0.704063 -0.710137 0.182226 -0.680072 -0.710138 0.182226 -0.680072 -0.710138 0.352031 -0.609737 -0.710138 0.352031 -0.609737 -0.710138 0.497847 -0.497848 -0.710138 0.497847 -0.497848 -0.710138 0.609737 -0.352030 -0.710138 0.609737 -0.352030 -0.710138 0.680073 -0.182225 -0.710137 0.680073 -0.182225 -0.710137 0.704063 0.000000 -0.710138 0.704063 0.000000 -0.710138 0.680073 0.182224 -0.710137 
						0.680073 0.182225 -0.710137 0.609737 0.352031 -0.710137 0.609737 0.352031 -0.710137 0.497848 0.497848 -0.710137 0.497848 0.497848 -0.710137 0.352033 0.609737 -0.710136 0.352033 0.609737 -0.710136 0.182226 0.680072 -0.710138 0.182226 0.680072 -0.710138 -0.965926 -0.258819 0.000000 -1.000000 0.000000 0.000000 -1.000000 0.000000 0.000000 -0.965926 -0.258819 0.000000 0.499999 0.866026 -0.000000 0.707107 0.707107 0.000000 0.707107 0.707107 0.000000 0.499999 0.866026 -0.000000 0.707106 -0.707107 0.000000 0.499998 -0.866027 0.000000 0.499998 -0.866027 0.000000 0.707106 -0.707107 0.000000 -0.866026 -0.499999 0.000000 -0.866026 -0.499999 0.000000 0.258819 0.965926 0.000000 0.258819 0.965926 0.000000 0.866026 -0.499999 0.000000 0.866026 -0.499999 0.000000 -0.707106 -0.707107 0.000000 -0.707106 -0.707107 0.000000 0.000000 1.000000 0.000000 0.000000 1.000000 0.000000 0.965926 -0.258819 0.000000 0.965926 -0.258819 0.000000 -0.499998 -0.866027 0.000000 -0.499998 -0.866027 0.000000 0.000000 0.000000 1.000000 -0.000000 0.000000 1.000000 -0.000000 0.000000 1.000000 0.000000 0.000000 1.000000 -0.707107 0.707107 0.000000 -0.499999 0.866026 -0.000000 -0.499999 0.866026 -0.000000 -0.707107 0.707107 0.000000 1.000000 0.000000 0.000000 1.000000 0.000000 0.000000 -0.258819 -0.965926 0.000000 -0.258819 -0.965926 0.000000 -0.866026 0.499999 -0.000000 -0.866026 0.499999 -0.000000 0.965926 0.258819 0.000000 0.965926 0.258819 0.000000 0.000000 -1.000000 0.000000 0.000000 -1.000000 0.000000 -0.965926 0.258819 0.000000 -0.965926 0.258819 0.000000 0.866026 0.499999 -0.000000 0.866026 0.499999 -0.000000 0.258819 -0.965926 0.000000 0.258819 -0.965926 0.000000 -0.965926 0.258819 0.000000 -0.965926 0.258819 0.000000 -1.000000 0.000000 0.000000 -0.965925 -0.258821 0.000000 -0.965925 -0.258821 0.000000 
						-1.000000 0.000000 0.000000 0.258819 0.965926 -0.000000 -0.000000 1.000000 0.000000 -0.000000 1.000000 0.000000 0.258819 0.965926 -0.000000 0.866025 -0.500000 0.000000 0.965925 -0.258821 0.000000 0.965925 -0.258821 0.000000 0.866025 -0.500000 0.000000 -0.866025 -0.500000 0.000000 -0.866025 -0.500000 0.000000 -0.258819 0.965926 -0.000000 -0.258819 0.965926 -0.000000 0.965925 -0.258821 0.000000 1.000000 0.000000 0.000000 1.000000 0.000000 0.000000 0.965925 -0.258821 0.000000 -0.707107 -0.707107 0.000000 -0.707107 -0.707107 0.000000 -0.500000 0.866025 -0.000000 -0.500000 0.866025 -0.000000 0.965925 0.258821 -0.000000 0.965925 0.258821 -0.000000 -0.500000 -0.866025 0.000000 -0.500000 -0.866025 0.000000 -0.707108 0.707106 0.000000 -0.707108 0.707106 0.000000 0.866025 0.500001 0.000000 0.866025 0.500001 0.000000 -0.258821 -0.965925 -0.000000 -0.258821 -0.965925 -0.000000 0.000000 -1.000000 0.000000 0.258821 -0.965925 0.000000 0.258821 -0.965925 0.000000 0.000000 -1.000000 0.000000 -0.866025 0.500001 0.000000 -0.866025 0.500001 0.000000 0.707108 0.707106 0.000000 0.707108 0.707106 0.000000 0.500000 -0.866025 0.000000 0.500000 -0.866025 0.000000 -0.965925 0.258821 -0.000000 -0.965925 0.258821 -0.000000 0.500000 0.866025 -0.000000 0.500000 0.866025 -0.000000 0.707107 -0.707107 0.000000 0.707107 -0.707107 0.000000 0.000000 0.000000 1.000000 -0.000000 0.000000 1.000000 -0.000000 0.000000 1.000000 0.000000 0.000000 1.000000 0.000000 0.000000 1.000000 0.000000 0.000000 1.000000 0.000000 0.000000 1.000000 0.000000 0.000000 1.000000 0.000000 0.000000 1.000000 0.000001 0.000000 1.000000 0.000001 0.000000 1.000000 0.000000 0.000000 1.000000 0.000000 0.000000 1.000000 0.000000 0.000000 1.000000 0.000000 0.000000 1.000000 0.000000 0.000000 1.000000 0.000000 0.000000 1.000000 
						0.000000 0.000000 1.000000 -0.000000 0.000000 1.000000 -0.000000 0.000000 1.000000 -0.000000 0.000000 1.000000 -0.000000 0.000000 1.000000 0.000000 0.000000 1.000000 0.000000 0.000000 1.000000 -0.000000 0.000000 1.000000 -0.000000 0.000000 1.000000 0.000000 0.000000 1.000000 0.000000 0.000000 1.000000 0.000000 0.000000 1.000000 0.000000 0.000000 1.000000 0.000000 0.000000 1.000000 0.000000 0.000000 1.000000 0.000000 0.000000 1.000000 0.000000 0.000000 1.000000 0.000000 0.000000 1.000000 0.000000 0.000000 1.000000 -0.000000 0.000000 1.000000 -0.000000 0.000000 1.000000 -0.000000 0.000000 1.000000 -0.000000 0.000000 1.000000 0.000000 0.000000 1.000000 0.000000 0.000000 1.000000 -0.000000 0.000000 1.000000 -0.000000 0.000000 1.000000 -0.000000 0.000000 1.000000 -0.000000 0.000000 1.000000 0.000000 0.000000 1.000000 0.000000 0.000000 1.000000 0.000000 0.000000 1.000000 0.000000 0.000000 1.000000 -0.258819 -0.965926 0.000000 0.000000 -1.000000 0.000000 0.000000 -1.000000 0.000000 -0.258819 -0.965926 0.000000 -0.866025 0.500000 0.000000 -0.965925 0.258821 0.000000 -0.965925 0.258821 0.000000 -0.866025 0.500000 0.000000 0.965925 0.258821 0.000000 0.866025 0.500000 0.000000 0.866025 0.500000 0.000000 0.965925 0.258821 0.000000 0.258819 -0.965926 0.000000 0.258819 -0.965926 0.000000 -0.965925 0.258821 0.000000 -1.000000 0.000000 0.000000 -1.000000 0.000000 0.000000 -0.965925 0.258821 0.000000 0.707107 0.707106 0.000000 0.707107 0.707106 0.000000 0.500000 -0.866025 0.000000 0.500000 -0.866025 0.000000 -0.965925 -0.258821 0.000000 -0.965925 -0.258821 0.000000 0.500001 0.866025 0.000000 0.500001 0.866025 0.000000 0.707108 -0.707106 0.000000 0.707108 -0.707106 0.000000 -0.866025 -0.500001 0.000000 -0.866025 -0.500001 0.000000 0.258821 0.965925 0.000000 
						0.258821 0.965925 0.000000 0.000000 1.000000 0.000000 -0.258821 0.965925 0.000000 -0.258821 0.965925 0.000000 0.000000 1.000000 0.000000 0.866025 -0.500001 0.000000 0.866025 -0.500001 0.000000 -0.707108 -0.707106 0.000000 -0.707108 -0.707106 0.000000 -0.500001 0.866025 0.000000 -0.500001 0.866025 0.000000 0.965925 -0.258821 0.000000 0.965925 -0.258821 0.000000 -0.500000 -0.866025 0.000000 -0.500000 -0.866025 0.000000 -0.707107 0.707106 0.000000 -0.707107 0.707106 0.000000 1.000000 0.000000 0.000000 1.000000 0.000000 0.000000 0.000000 0.000000 1.000000 0.000000 0.000000 1.000000 0.000000 0.000000 1.000000 0.000000 0.000000 1.000000 0.000000 0.000000 1.000000 0.000000 0.000000 1.000000 0.000000 0.000000 1.000000 0.000000 0.000000 1.000000 0.000000 0.000000 1.000000 -0.000000 0.000000 1.000000 -0.000000 0.000000 1.000000 0.000000 0.000000 1.000000 0.000001 0.000000 1.000000 0.000000 0.000000 1.000000 0.000000 0.000000 1.000000 0.000001 0.000000 1.000000 0.000000 0.000000 1.000000 0.000000 0.000000 1.000000 -0.000001 0.000000 1.000000 -0.000001 0.000000 1.000000 0.000000 0.000000 1.000000 0.000000 0.000000 1.000000 -0.000000 0.000000 1.000000 -0.000000 0.000000 1.000000 -0.000001 0.000000 1.000000 -0.000001 0.000000 1.000000 0.000000 0.000000 1.000000 0.000000 0.000000 1.000000 -0.000000 0.000000 1.000000 -0.000000 0.000000 1.000000 -0.000001 0.000000 1.000000 -0.000001 0.000000 1.000000 0.000000 0.000000 1.000000 0.000000 0.000000 1.000000 0.000000 0.000000 1.000000 0.000000 0.000000 1.000000 -0.000000 0.000000 1.000000 -0.000000 0.000000 1.000000 0.000000 0.000000 1.000000 0.000000 0.000000 1.000000 0.000000 0.000000 1.000000 0.000001 0.000000 1.000000 0.000001 0.000000 1.000000 0.000000 0.000000 1.000000 0.000000 0.000000 1.000000 
						0.000000 0.000000 1.000000 0.000000 0.000000 1.000000 0.000000 0.000000 1.000000 0.000001 0.000000 1.000000 0.000001 0.000000 1.000000 0.125558 0.468588 0.874448 -0.000000 0.485118 0.874449 0.000000 0.485118 0.874448 0.125558 0.468588 0.874449 0.420125 -0.242559 0.874448 0.468588 -0.125559 0.874448 0.468588 -0.125559 0.874448 0.420125 -0.242559 0.874448 -0.468588 -0.125559 0.874448 -0.420125 -0.242559 0.874448 -0.420125 -0.242559 0.874448 -0.468588 -0.125559 0.874448 -0.125558 0.468589 0.874448 -0.125558 0.468589 0.874449 0.468588 -0.125559 0.874448 0.485118 0.000000 0.874449 0.485118 0.000000 0.874449 0.468588 -0.125559 0.874448 -0.343031 -0.343030 0.874448 -0.343031 -0.343030 0.874448 -0.242559 0.420125 0.874449 -0.242559 0.420125 0.874449 0.468588 0.125559 0.874449 0.468588 0.125559 0.874449 -0.242560 -0.420125 0.874448 -0.242560 -0.420125 0.874448 -0.343031 0.343030 0.874448 -0.343031 0.343030 0.874448 0.420124 0.242560 0.874449 0.420124 0.242560 0.874449 -0.125558 -0.468588 0.874449 -0.125558 -0.468588 0.874449 -0.000000 -0.485118 0.874449 0.125559 -0.468588 0.874449 0.125559 -0.468588 0.874449 -0.000000 -0.485118 0.874449 -0.420125 0.242560 0.874448 -0.420125 0.242560 0.874448 0.343031 0.343030 0.874449 0.343031 0.343030 0.874449 0.242560 -0.420125 0.874448 0.242561 -0.420125 0.874448 -0.468588 0.125559 0.874449 -0.468588 0.125559 0.874449 0.242560 0.420125 0.874449 0.242560 0.420125 0.874449 0.343031 -0.343030 0.874448 0.343031 -0.343030 0.874448 -0.485118 0.000000 0.874449 -0.485118 0.000000 0.874449 -0.000000 0.000000 1.000000 0.000000 0.000000 1.000000 -0.000000 0.000000 1.000000 -0.000000 0.000000 1.000000 -0.000001 0.000000 1.000000 0.000001 0.000000 1.000000 0.000001 0.000000 1.000000 -0.000001 0.000000 1.000000 -0.000000 0.000000 1.000000 
						0.000000 0.000000 1.000000 0.000000 0.000000 1.000000 -0.000000 0.000000 1.000000 -0.000000 0.000000 1.000000 0.000000 0.000000 1.000000 -0.000001 0.000000 1.000000 -0.000001 0.000000 1.000000 0.000001 0.000000 1.000000 0.000001 0.000000 1.000000 0.000000 0.000000 1.000000 0.000000 0.000000 1.000000 -0.000001 0.000000 1.000000 -0.000001 0.000000 1.000000 -0.000000 0.000000 1.000000 -0.000000 0.000000 1.000000 0.000000 0.000000 1.000000 0.000000 0.000000 1.000000 -0.000001 0.000000 1.000000 -0.000001 0.000000 1.000000 -0.000000 0.000000 1.000000 -0.000000 0.000000 1.000000 0.000000 0.000000 1.000000 0.000000 0.000000 1.000000 -0.000001 0.000000 1.000000 -0.000001 0.000000 1.000000 0.000000 0.000000 1.000000 0.000000 0.000000 1.000000 0.000000 0.000000 1.000000 0.000000 0.000000 1.000000 -0.000001 0.000000 1.000000 -0.000001 0.000000 1.000000 -0.000001 0.000000 1.000000 -0.000001 0.000000 1.000000 0.000000 0.000000 1.000000 0.000000 0.000000 1.000000 -0.000001 0.000000 1.000000 -0.000001 0.000000 1.000000 -0.000001 0.000000 1.000000 -0.000001 0.000000 1.000000 0.000001 0.000000 1.000000 0.000001 0.000000 1.000000 -0.809422 0.467320 0.355597 -0.902792 0.241904 0.355597 -0.902792 0.241904 0.355597 -0.809422 0.467320 0.355597 0.902792 0.241904 0.355597 0.809422 0.467320 0.355597 0.809422 0.467320 0.355597 0.902792 0.241904 0.355597 0.000000 -0.934639 0.355597 0.241902 -0.902793 0.355597 0.241902 -0.902793 0.355597 -0.000000 -0.934639 0.355597 -0.902792 0.241904 0.355597 -0.934639 0.000000 0.355597 -0.934639 0.000000 0.355597 -0.902792 0.241904 0.355597 0.660890 0.660890 0.355597 0.660890 0.660890 0.355597 0.467320 -0.809421 0.355597 0.467320 -0.809421 0.355597 -0.902792 -0.241904 0.355597 -0.902792 -0.241904 0.355597 0.467320 0.809421 0.355597 
						0.467320 0.809421 0.355597 0.660891 -0.660889 0.355597 0.660891 -0.660889 0.355597 -0.809421 -0.467320 0.355597 -0.809421 -0.467320 0.355597 0.241904 0.902792 0.355597 0.241904 0.902792 0.355597 -0.000000 0.934639 0.355597 -0.241903 0.902792 0.355597 -0.241903 0.902792 0.355597 -0.000000 0.934639 0.355597 0.809421 -0.467320 0.355597 0.809421 -0.467320 0.355597 -0.660891 -0.660889 0.355597 -0.660891 -0.660889 0.355597 -0.467320 0.809422 0.355597 -0.467320 0.809422 0.355597 0.902792 -0.241904 0.355597 0.902792 -0.241904 0.355597 -0.467320 -0.809421 0.355597 -0.467320 -0.809421 0.355597 -0.660890 0.660890 0.355597 -0.660890 0.660890 0.355597 0.934639 0.000000 0.355597 0.934639 0.000000 0.355597 -0.241902 -0.902793 0.355597 -0.241902 -0.902793 0.355597 0.000001 0.000000 1.000000 -0.000001 0.000000 1.000000 0.000001 0.000000 1.000000 -0.000003 0.000000 1.000000 0.000000 0.000000 1.000000 0.000000 0.000000 1.000000 0.000002 0.000000 1.000000 -0.000002 0.000000 1.000000 0.000002 0.000000 1.000000 0.000000 0.000000 1.000000 0.000000 0.000000 1.000000 0.000001 0.000000 1.000000 -0.000002 0.000000 1.000000 0.000000 0.000000 1.000000 0.000000 0.000000 1.000000 -0.000001 0.000000 1.000000 0.000000 0.000000 1.000000 0.000001 0.000000 1.000000 0.000000 0.000000 1.000000 -0.000002 0.000000 1.000000 0.000000 0.000000 1.000000 0.000000 0.000000 1.000000 0.000001 0.000000 1.000000 -0.000000 0.000000 1.000000 -0.000002 0.000000 1.000000 -0.000001 0.000000 1.000000 0.000000 0.000000 1.000000 0.000002 0.000000 1.000000 0.000001 0.000000 1.000000 -0.000001 0.000000 1.000000 0.000000 0.000000 1.000000 0.000000 0.000000 1.000000 -0.000001 0.000000 1.000000 0.000001 0.000000 1.000000 0.000000 0.000000 1.000000 -0.000002 0.000000 1.000000 0.000002 0.000000 1.000000 
						0.000001 0.000000 1.000000 -0.000001 0.000000 1.000000 -0.000000 0.000000 1.000000 0.000001 0.000000 1.000000 0.000001 0.000000 1.000000 0.000000 0.000000 1.000000 0.000000 0.000000 1.000000 0.000002 0.000000 1.000000 0.000001 0.000000 1.000000 0.000000 0.000000 1.000000 -0.000001 0.000000 1.000000 0.000000 0.000000 1.000000 0.000000 0.000000 1.000000 -0.000000 0.000000 1.000000 -0.000001 0.000000 -1.000000 -0.000002 0.000001 -1.000000 -0.000002 0.000001 -1.000000 -0.000001 0.000000 -1.000000 0.000001 0.000001 -1.000000 0.000001 0.000001 -1.000000 0.000001 0.000001 -1.000000 0.000001 0.000001 -1.000000 -0.258819 0.965926 0.000000 0.000000 1.000000 0.000000 0.000000 1.000000 0.000000 -0.258819 0.965926 0.000000 0.000001 -0.000001 -1.000000 0.000001 -0.000001 -1.000000 0.000001 -0.000001 -1.000000 0.000001 -0.000001 -1.000000 -0.000001 -0.000000 -1.000000 -0.000001 -0.000000 -1.000000 0.000000 0.000001 -1.000000 0.000000 0.000001 -1.000000 0.000001 -0.000001 -1.000000 0.000001 -0.000001 -1.000000 -0.000002 -0.000000 -1.000000 -0.000002 -0.000000 -1.000000 0.000000 0.000001 -1.000000 0.000000 0.000001 -1.000000 0.000001 -0.000000 -1.000000 0.000001 -0.000000 -1.000000 -0.000001 -0.000001 -1.000000 -0.000001 -0.000001 -1.000000 -0.000000 0.000001 -1.000000 -0.000000 0.000001 -1.000000 0.000001 -0.000000 -1.000000 0.000001 -0.000000 -1.000000 0.000001 -0.000000 -1.000000 0.000001 -0.000000 -1.000000 -0.000001 -0.000001 -1.000000 -0.000001 -0.000001 -1.000000 -0.000001 0.000001 -1.000000 -0.000001 0.000001 -1.000000 0.000002 0.000000 -1.000000 0.000002 0.000000 -1.000000 -0.000001 -0.000001 -1.000000 -0.000001 -0.000001 -1.000000 -0.000001 0.000001 -1.000000 -0.000001 0.000001 -1.000000 0.000002 0.000001 -1.000000 0.000002 0.000001 -1.000000 -0.000000 -0.000001 -1.000000 -0.000000 -0.000001 -1.000000 
						0.000000 -0.000001 -1.000000 0.000000 -0.000001 -1.000000 0.000000 0.000000 1.000000 0.000000 0.000000 1.000000 -0.000000 0.000000 1.000000 0.000000 0.000000 1.000000 0.000000 0.000000 1.000000 -0.000000 0.000000 1.000000 0.000000 0.000000 1.000000 0.000000 0.000000 1.000000 -0.000001 0.000000 -1.000000 -0.000000 0.000000 -1.000000 -0.000000 0.000000 -1.000000 -0.000001 0.000000 -1.000000 0.000000 0.000000 1.000000 0.000000 0.000000 1.000000 0.000000 0.000000 1.000000 0.000000 0.000000 1.000000 -0.000001 0.000000 -1.000000 -0.000001 0.000000 -1.000000 0.000001 0.000000 1.000000 0.000001 0.000000 1.000000 0.000001 0.000000 1.000000 0.000001 0.000000 1.000000 -0.000001 0.000000 1.000000 -0.000003 0.000000 1.000000 -0.000003 0.000000 1.000000 -0.000001 0.000000 1.000000 -0.000000 0.000000 1.000000 -0.000000 0.000000 1.000000 0.000002 0.000000 -1.000000 -0.000001 0.000000 -1.000000 -0.000001 0.000000 -1.000000 0.000002 0.000000 -1.000000 -0.000000 0.000000 1.000000 -0.000000 0.000000 1.000000 -0.000001 0.000000 1.000000 -0.000001 0.000000 1.000000 -0.000001 0.000000 1.000000 -0.000001 0.000000 1.000000 0.000000 0.000000 1.000000 0.000000 0.000000 1.000000 0.000001 0.000000 -1.000000 0.000001 0.000000 -1.000000 0.000001 0.000000 -1.000000 0.000001 0.000000 -1.000000 -0.000000 0.000000 1.000000 -0.000000 0.000000 1.000000 0.000000 0.000000 1.000000 -0.000000 0.000000 1.000000 -0.000000 0.000000 1.000000 0.000000 0.000000 1.000000 0.000000 0.000000 1.000000 0.000000 0.000000 1.000000 -0.000003 0.000000 -1.000000 -0.000002 0.000000 -1.000000 -0.000002 0.000000 -1.000000 -0.000003 0.000000 -1.000000 0.000000 0.000000 1.000000 0.000000 0.000000 1.000000 0.000000 0.000000 1.000000 -0.000000 0.000000 1.000000 -0.000000 0.000000 1.000000 0.000000 0.000000 1.000000 
						0.000000 0.000000 1.000000 0.000000 0.000000 1.000000 0.000000 0.000000 -1.000000 -0.000000 0.000000 -1.000000 -0.000000 0.000000 -1.000000 0.000000 0.000000 -1.000000 0.000000 0.000000 1.000000 0.000000 0.000000 1.000000 0.000000 0.000000 1.000000 0.000000 0.000000 1.000000 -0.000000 0.000000 1.000000 0.000001 0.000000 1.000000 0.000001 0.000000 1.000000 -0.000000 0.000000 1.000000 0.000000 0.000000 1.000000 0.000000 0.000000 1.000000 0.000000 0.000000 -1.000000 0.000001 0.000000 -1.000000 0.000001 0.000000 -1.000000 0.000000 0.000000 -1.000000 0.000000 0.000000 1.000000 0.000000 0.000000 1.000000 0.000001 0.000000 1.000000 0.000001 0.000000 1.000000 0.000001 0.000000 1.000000 0.000001 0.000000 1.000000 0.000000 0.000000 1.000000 -0.000000 0.000000 1.000000 -0.000000 0.000000 -1.000000 0.000003 0.000000 -1.000000 0.000003 0.000000 -1.000000 -0.000000 0.000000 -1.000000 0.000000 0.000000 1.000000 0.000000 0.000000 1.000000 0.000000 0.000000 1.000000 -0.000001 0.000000 1.000000 -0.000001 0.000000 1.000000 0.000000 0.000000 1.000000 0.000000 0.000000 1.000000 0.000000 0.000000 1.000000 0.000001 0.000000 -1.000000 -0.000000 0.000000 -1.000000 -0.000000 0.000000 -1.000000 0.000001 0.000000 -1.000000 -0.000001 0.000000 1.000000 -0.000001 0.000000 1.000000 0.000003 0.000000 1.000000 0.000002 0.000000 1.000000 0.000002 0.000000 1.000000 0.000003 0.000000 1.000000 0.000000 0.000000 1.000000 0.000000 0.000000 1.000000 0.000000 0.000000 -1.000000 0.000001 0.000000 -1.000000 0.000001 0.000000 -1.000000 0.000000 0.000000 -1.000000 0.000000 0.000000 1.000000 0.000000 0.000000 1.000000 0.000001 0.000000 1.000000 0.000001 0.000000 1.000000 -0.000001 0.000000 -1.000000 -0.000001 0.000000 -1.000000 -0.258819 0.965926 0.000000 -0.258819 0.965926 0.000000 
						-0.000002 0.000000 1.000000 -0.000002 0.000000 1.000000 0.000002 0.000000 -1.000000 0.000002 0.000000 -1.000000 -0.258819 0.965926 0.000000 0.000000 1.000000 0.000000 0.000000 1.000000 0.000000 -0.258819 0.965926 0.000000 0.258819 0.965926 0.000000 0.500000 0.866025 0.000000 0.500000 0.866025 0.000000 0.258819 0.965926 0.000000 -0.866026 -0.499999 0.000000 -0.965926 -0.258819 0.000000 -0.965926 -0.258819 0.000000 -0.866026 -0.499999 0.000000 0.707107 -0.707107 0.000000 0.499999 -0.866026 0.000000 0.499999 -0.866026 0.000000 0.707107 -0.707107 0.000000 0.707107 0.707107 0.000000 0.707107 0.707107 0.000000 -1.000000 0.000000 0.000000 -1.000000 0.000000 0.000000 0.258819 -0.965926 -0.000000 0.258819 -0.965926 -0.000000 0.866026 0.500000 0.000000 0.866026 0.500000 0.000000 -0.965926 0.258819 0.000000 -0.965926 0.258819 0.000000 0.000000 -1.000000 0.000000 0.000000 -1.000000 0.000000 0.965926 0.258819 0.000000 0.965926 0.258819 0.000000 -0.965926 0.258819 0.000000 -0.866026 0.500000 0.000000 -0.866026 0.500000 0.000000 -0.965926 0.258819 0.000000 -0.258819 -0.965926 -0.000000 -0.258819 -0.965926 -0.000000 1.000000 0.000000 0.000000 1.000000 0.000000 0.000000 -0.707107 0.707107 0.000000 -0.707107 0.707107 0.000000 -0.499999 -0.866026 0.000000 -0.499999 -0.866026 0.000000 0.965926 -0.258819 0.000000 0.965926 -0.258819 0.000000 -0.500000 0.866025 0.000000 -0.500000 0.866025 0.000000 -0.707107 -0.707107 0.000000 -0.707107 -0.707107 0.000000 0.866026 -0.499999 0.000000 0.866026 -0.499999 0.000000 0.000001 0.000000 1.000000 0.000001 0.000000 1.000000 0.000000 0.000000 1.000000 0.000000 0.000000 1.000000 0.000000 0.000000 -1.000000 0.000000 0.000000 -1.000000 0.000001 0.000000 -1.000000 0.000001 0.000000 -1.000000 -0.000000 0.000000 1.000000 -0.000000 0.000000 1.000000 
						0.000001 0.000000 1.000000 0.000001 0.000000 1.000000 0.000001 0.000000 -1.000000 0.000001 0.000000 -1.000000 -0.000001 0.000000 1.000000 -0.000001 0.000000 1.000000 -0.000000 0.000000 -1.000000 -0.000000 0.000000 -1.000000 -0.499999 0.866026 -0.000000 -0.258819 0.965926 0.000000 -0.258819 0.965926 0.000000 -0.499999 0.866026 -0.000000 0.965926 0.258819 -0.000000 1.000000 -0.000000 0.000000 1.000000 -0.000000 0.000000 0.965926 0.258819 -0.000000 -0.500000 -0.866025 0.000000 -0.707107 -0.707106 0.000000 -0.707107 -0.707106 0.000000 -0.500000 -0.866025 0.000000 -0.707107 0.707107 0.000000 -0.707107 0.707107 0.000000 0.866026 0.499999 0.000000 0.866026 0.499999 0.000000 -0.258819 -0.965926 -0.000000 -0.258819 -0.965926 -0.000000 -0.866026 0.499999 0.000000 -0.866026 0.499999 0.000000 0.707107 0.707107 0.000000 0.707107 0.707107 0.000000 -0.000000 -1.000000 0.000000 -0.000000 -1.000000 0.000000 -0.965926 0.258819 -0.000000 -0.965926 0.258819 -0.000000 0.499999 0.866026 -0.000000 0.499999 0.866026 -0.000000 0.258819 0.965926 0.000000 0.258819 0.965926 0.000000 0.707107 -0.707106 0.000000 0.500000 -0.866025 0.000000 0.500000 -0.866025 0.000000 0.707107 -0.707106 0.000000 -1.000000 -0.000000 0.000000 -1.000000 -0.000000 0.000000 0.258819 0.965926 0.000000 0.258819 0.965926 0.000000 0.866026 -0.499999 0.000000 0.866026 -0.499999 0.000000 -0.965926 -0.258819 0.000000 -0.965926 -0.258819 0.000000 -0.000000 1.000000 0.000000 -0.000000 1.000000 0.000000 0.965926 -0.258819 0.000000 0.965926 -0.258819 0.000000 -0.866026 -0.499999 0.000000 -0.866026 -0.499999 0.000000 0.965926 -0.258819 0.000000 0.965926 -0.258819 0.000000 0.965926 -0.258819 0.000000 0.866026 -0.499998 0.000000 0.866026 -0.499998 0.000000 0.965926 -0.258819 0.000000 -0.499999 -0.866026 0.000000 -0.707107 -0.707107 0.000000 
						-0.707107 -0.707107 0.000000 -0.499999 -0.866026 0.000000 -0.707107 0.707107 -0.000000 -0.500000 0.866026 0.000000 -0.500000 0.866026 0.000000 -0.707107 0.707107 -0.000000 1.000000 0.000000 0.000000 1.000000 0.000000 0.000000 -0.258819 -0.965926 -0.000000 -0.258819 -0.965926 -0.000000 -0.866026 0.499999 0.000000 -0.866026 0.499999 0.000000 0.965926 0.258819 -0.000000 0.965926 0.258819 -0.000000 0.000000 -1.000000 0.000000 0.000000 -1.000000 0.000000 -0.965926 0.258819 -0.000000 -0.965926 0.258819 -0.000000 0.866026 0.499999 0.000000 0.866026 0.499999 0.000000 0.258819 -0.965926 -0.000000 0.258819 -0.965926 -0.000000 -1.000000 0.000000 0.000000 -0.965926 0.258819 -0.000000 -0.965926 0.258819 -0.000000 -1.000000 0.000000 0.000000 0.707107 0.707107 -0.000000 0.707107 0.707107 -0.000000 0.499999 -0.866026 0.000000 0.499999 -0.866026 0.000000 -0.965926 -0.258819 0.000000 -0.965926 -0.258819 0.000000 0.500000 0.866026 0.000000 0.500000 0.866026 0.000000 0.707107 -0.707107 0.000000 0.707107 -0.707107 0.000000 -0.866026 -0.499998 0.000000 -0.866026 -0.499998 0.000000 0.000000 -0.000001 -1.000000 0.000000 -0.000001 -1.000000 0.258819 -0.965926 -0.000000 0.258819 -0.965926 -0.000000 -0.000000 0.000000 -1.000000 -0.000000 0.000000 -1.000000 0.000000 -0.000000 -1.000000 0.000000 0.000000 -1.000000 0.000000 0.000000 -1.000000 -0.000000 0.000000 -1.000000 -0.000000 -0.000000 -1.000000 -0.000000 -0.000000 -1.000000 -0.000000 0.000000 -1.000000 -0.000000 0.000000 -1.000000 -0.000000 0.000000 -1.000000 -0.000000 0.000000 -1.000000 -0.000000 0.000000 -1.000000 0.000000 0.000000 -1.000000 0.000000 0.000000 -1.000000 0.000000 -0.000000 -1.000000 0.000000 0.000000 -1.000000 -0.000000 0.000000 -1.000000 0.000000 0.000000 -1.000000 0.000000 0.000000 -1.000000 0.000000 0.000000 -1.000000 0.000000 -0.000000 -1.000000 
						-0.000000 0.000000 -1.000000 -0.000000 0.000000 -1.000000 -0.000000 -0.000000 -1.000000 -0.000000 -0.000000 -1.000000 0.000000 0.000000 -1.000000 -0.000000 0.000000 -1.000000 0.000000 0.000000 -1.000000 0.000000 0.000000 -1.000000 -0.000000 0.000000 -1.000000 -0.000000 -0.000000 -1.000000 0.000001 0.000000 -1.000000 0.000000 0.000000 -1.000000 0.000000 0.000000 -1.000000 0.000000 0.000000 -1.000000 -0.000000 0.000000 -1.000000 0.000000 -0.000000 -1.000000 0.000000 0.000000 -1.000000 -0.000000 0.000000 -1.000000 0.000001 0.000000 -1.000000 0.000000 0.000000 -1.000000 -0.000000 0.000000 -1.000000 0.000000 -0.000000 -1.000000 -0.000000 0.000000 -1.000000 -0.000000 -0.000000 -1.000000 0.000000 0.000000 -1.000000 0.000000 0.000000 -1.000000 -0.000000 0.000000 -1.000000 0.000000 -0.000000 -1.000000 -0.000000 0.000000 -1.000000 0.000000 -0.704062 -0.710139 0.182225 -0.680071 -0.710139 0.182225 -0.680071 -0.710139 0.000000 -0.704062 -0.710139 0.352031 -0.609735 -0.710139 0.352031 -0.609735 -0.710139 0.497847 -0.497847 -0.710139 0.497847 -0.497847 -0.710139 0.609735 -0.352031 -0.710139 0.609735 -0.352031 -0.710139 0.680072 -0.182225 -0.710138 0.680072 -0.182225 -0.710138 0.680072 -0.182225 -0.710138 0.704063 -0.000000 -0.710138 0.704063 -0.000000 -0.710138 0.680072 -0.182225 -0.710138 0.680072 0.182225 -0.710138 0.680072 0.182225 -0.710138 0.609736 0.352030 -0.710139 0.609736 0.352030 -0.710139 0.497846 0.497847 -0.710139 0.497846 0.497847 -0.710139 0.352030 0.609736 -0.710139 0.352030 0.609736 -0.710139 0.182225 0.680072 -0.710138 0.182225 0.680072 -0.710138 -0.000000 0.704062 -0.710139 -0.000000 0.704062 -0.710139 -0.182225 0.680072 -0.710138 -0.182225 0.680072 -0.710138 -0.352030 0.609736 -0.710139 -0.352030 0.609736 -0.710139 -0.497846 0.497847 -0.710139 -0.497847 0.497847 -0.710139 -0.609736 0.352030 -0.710139 
						-0.609736 0.352030 -0.710139 -0.680072 0.182225 -0.710138 -0.680072 0.182225 -0.710138 -0.704063 -0.000000 -0.710138 -0.704063 -0.000000 -0.710138 -0.680072 -0.182225 -0.710138 -0.680072 -0.182225 -0.710138 -0.609735 -0.352031 -0.710139 -0.609735 -0.352031 -0.710139 -0.497847 -0.497847 -0.710139 -0.497847 -0.497847 -0.710139 -0.352031 -0.609735 -0.710138 -0.352031 -0.609735 -0.710138 -0.182225 -0.680072 -0.710138 -0.182225 -0.680072 -0.710138 0.000000 0.704064 -0.710137 -0.182226 0.680074 -0.710136 -0.182226 0.680074 -0.710136 0.000000 0.704064 -0.710137 -0.352032 0.609738 -0.710136 -0.352032 0.609738 -0.710136 -0.497849 0.497848 -0.710136 -0.497849 0.497848 -0.710136 -0.609738 0.352031 -0.710137 -0.609738 0.352031 -0.710136 -0.680073 0.182225 -0.710137 -0.680073 0.182225 -0.710137 -0.680073 0.182225 -0.710137 -0.704064 0.000000 -0.710137 -0.704063 0.000000 -0.710137 -0.680073 0.182225 -0.710137 -0.680072 -0.182225 -0.710137 -0.680073 -0.182225 -0.710137 -0.609737 -0.352031 -0.710137 -0.609737 -0.352031 -0.710137 -0.497849 -0.497848 -0.710136 -0.497849 -0.497848 -0.710136 -0.352031 -0.609738 -0.710137 -0.352031 -0.609738 -0.710137 -0.182225 -0.680073 -0.710137 -0.182225 -0.680073 -0.710137 -0.000000 -0.704064 -0.710137 -0.000000 -0.704064 -0.710137 0.182225 -0.680073 -0.710137 0.182225 -0.680073 -0.710137 0.352032 -0.609738 -0.710136 0.352032 -0.609738 -0.710136 0.497850 -0.497848 -0.710136 0.497850 -0.497848 -0.710136 0.609738 -0.352031 -0.710137 0.609737 -0.352031 -0.710137 0.680072 -0.182225 -0.710138 0.680072 -0.182225 -0.710138 0.704064 -0.000000 -0.710137 0.704063 -0.000000 -0.710137 0.680073 0.182225 -0.710137 0.680073 0.182225 -0.710137 0.609738 0.352032 -0.710137 0.609738 0.352032 -0.710137 0.497849 0.497848 -0.710136 0.497849 0.497848 -0.710136 0.352032 0.609737 -0.710137 0.352032 0.609737 -0.710137 0.182225 0.680074 -0.710136 
						0.182225 0.680074 -0.710136 -0.000000 0.704062 0.710139 -0.182226 0.680072 0.710137 -0.182226 0.680073 0.710137 -0.000000 0.704062 0.710139 -0.352033 0.609737 0.710137 -0.352032 0.609737 0.710137 -0.497848 0.497848 0.710137 -0.497848 0.497848 0.710137 -0.609737 0.352031 0.710138 -0.609737 0.352031 0.710138 -0.680073 0.182225 0.710137 -0.680073 0.182225 0.710137 -0.680073 0.182225 0.710137 -0.704063 0.000000 0.710137 -0.704063 0.000000 0.710137 -0.680073 0.182225 0.710137 -0.680073 -0.182225 0.710137 -0.680074 -0.182225 0.710137 -0.609738 -0.352030 0.710137 -0.609738 -0.352030 0.710137 -0.497848 -0.497847 0.710138 -0.497848 -0.497847 0.710138 -0.352031 -0.609737 0.710138 -0.352031 -0.609737 0.710138 -0.182225 -0.680073 0.710137 -0.182225 -0.680073 0.710137 0.000000 -0.704064 0.710137 0.000000 -0.704064 0.710137 0.182225 -0.680072 0.710138 0.182225 -0.680072 0.710138 0.352031 -0.609736 0.710138 0.352030 -0.609736 0.710138 0.497847 -0.497847 0.710139 0.497847 -0.497847 0.710139 0.609736 -0.352031 0.710139 0.609736 -0.352030 0.710139 0.680072 -0.182225 0.710138 0.680072 -0.182225 0.710138 0.704062 0.000000 0.710138 0.704062 0.000000 0.710138 0.680072 0.182225 0.710138 0.680072 0.182225 0.710138 0.609737 0.352031 0.710137 0.609737 0.352031 0.710137 0.497849 0.497848 0.710137 0.497849 0.497848 0.710137 0.352033 0.609737 0.710136 0.352033 0.609737 0.710136 0.182226 0.680072 0.710138 0.182226 0.680072 0.710138 
					</float_array>
					<technique_common>
						<accessor count="1779" offset="0" source="#meshId0-normals-array" stride="3">
							<param name="X" type="float" />
							<param name="Y" type="float" />
							<param name="Z" type="float" />
						</accessor>
					</technique_common>
				</source>
				<source id="meshId0-tangents" name="meshId0-tangents">
					<float_array id="meshId0-tangents-array" count="5337"> 
						-0.000000 -0.871036 -0.491220 -0.000000 -0.872272 -0.489021 0.229639 -0.857025 -0.461274 0.229537 -0.856644 -0.462032 0.490612 -0.490612 0.720139 0.484254 -0.484254 0.728695 0.717083 -0.414007 0.560705 0.720253 -0.415838 0.555260 0.613358 0.354120 0.705968 0.623562 0.360012 0.693947 0.390717 0.390716 0.833475 0.377267 0.377267 0.845777 0.467987 -0.810580 -0.352063 0.468092 -0.810762 -0.351503 0.896663 -0.240260 0.371847 0.897453 -0.240472 0.369799 0.176817 0.306256 0.935384 0.164419 0.284782 0.944386 0.692214 -0.692213 -0.204158 0.692241 -0.692240 -0.203978 0.985295 -0.000000 0.170864 0.985341 -0.000000 0.170596 0.036924 0.137802 0.989771 0.029796 0.111198 0.993352 0.865736 -0.499830 -0.025909 0.865746 -0.499836 -0.025437 0.972598 0.232494 -0.000000 0.973085 0.230447 -0.000000 0.984355 0.176198 -0.000000 0.983758 0.179501 -0.000000 0.845872 0.488364 -0.214479 0.846329 0.488628 -0.212061 0.656005 0.656005 -0.373249 0.654956 0.654956 -0.376915 0.000000 -0.083991 0.996467 0.000000 -0.110908 0.993831 0.953561 -0.255506 0.159497 0.953216 -0.255413 0.161686 0.429722 0.744302 -0.511227 0.428506 0.742196 -0.515294 0.079436 -0.296460 0.951736 0.085112 -0.317644 0.944382 0.937720 0.000000 0.347393 0.935617 0.000000 0.353016 0.202951 0.757423 -0.620582 0.203013 0.757654 -0.620279 0.253517 -0.439106 0.861925 0.261230 -0.452464 0.852664 0.818469 0.219308 0.531049 0.812680 0.217757 0.540494 0.000000 0.779173 -0.626809 0.000000 0.782654 -0.622457 0.073501 -0.274306 -0.958829 0.084067 -0.313741 -0.945780 0.000000 -0.111763 -0.993735 0.000000 -0.060325 -0.998179 0.939656 0.000000 -0.342121 0.933868 0.000000 -0.357619 0.956143 -0.256197 -0.141960 0.957194 -0.256479 -0.134161 0.186475 0.695929 0.693477 0.184785 0.689622 0.700197 0.409354 0.709022 0.574210 0.413640 0.716445 0.561790 
						0.243063 -0.420998 -0.873888 0.256365 -0.444036 -0.858551 0.825740 0.221256 -0.518845 0.811248 0.217373 -0.542794 0.000000 0.679210 0.733944 0.000000 0.679093 0.734052 0.471297 -0.471297 -0.745491 0.481525 -0.481526 -0.732302 0.622787 0.359566 -0.694873 0.598343 0.345454 -0.722943 0.215076 -0.802671 0.556292 0.214994 -0.802362 0.556770 0.000000 -0.793877 0.608078 0.000000 -0.795157 0.606404 0.710390 -0.410144 -0.571951 0.714571 -0.412558 -0.564963 0.399620 0.399621 -0.824989 0.371239 0.371240 -0.851095 0.454479 -0.787180 0.416888 0.454580 -0.787355 0.416448 0.893541 -0.239425 -0.379817 0.893760 -0.239484 -0.379263 0.965637 0.258743 0.024431 0.965663 0.258750 0.023296 0.983772 -0.000000 -0.179422 0.984142 -0.000000 -0.177385 0.186306 0.322691 -0.927988 0.159773 0.276735 -0.947571 0.685435 -0.685437 0.245671 0.685525 -0.685527 0.245170 0.845474 0.488135 0.216560 0.844300 0.487457 0.222582 0.040538 0.151290 -0.987658 0.026057 0.097247 -0.994919 0.864662 -0.499213 0.056084 0.864711 -0.499241 0.055071 0.644443 0.644443 0.411566 0.640971 0.640971 0.422272 0.845580 -0.533848 -0.000000 0.838230 -0.545317 -0.000000 0.799050 -0.601265 0.000000 0.802769 -0.596290 0.000000 0.992194 0.124703 -0.000000 0.992240 0.124335 -0.000000 0.996172 0.087413 0.000000 0.996085 0.088399 0.000000 0.974508 0.224355 0.000001 0.973985 0.226612 0.000001 0.984807 0.173650 0.000000 0.984591 0.174872 0.000000 0.983621 -0.180251 0.000000 0.987667 -0.156569 0.000000 0.979146 -0.203160 0.000000 0.974819 -0.222995 -0.000000 0.875393 -0.483413 0.000000 0.868640 -0.495444 0.000000 0.966061 0.258315 -0.000000 0.959974 0.280088 -0.000000 0.990644 -0.136469 -0.000000 0.993333 -0.115281 -0.000000 0.905052 -0.425300 0.000000 0.898199 -0.439590 0.000000 0.948007 0.318250 -0.000000 0.936723 0.350073 -0.000000 
						0.995688 -0.092768 -0.000000 0.997220 -0.074515 -0.000000 0.922293 -0.386491 0.000000 0.919739 -0.392531 0.000000 0.932094 0.362217 0.000000 0.910255 0.414048 0.000000 0.998921 -0.046453 0.000000 0.999502 -0.031562 0.000000 0.941434 -0.337197 0.000000 0.941476 -0.337081 0.000000 0.893960 0.448147 -0.000000 0.860232 0.509904 -0.000000 0.999991 0.004272 -0.000000 0.999929 0.011899 -0.000000 0.952442 -0.304719 -0.000000 0.955228 -0.295871 -0.000000 0.852199 0.523218 0.000000 0.819627 0.572898 0.000000 0.998837 0.048225 0.000000 0.998786 0.049263 0.000000 0.966011 -0.258503 -0.000000 0.970126 -0.242601 0.000000 0.771347 -0.636414 0.000000 0.770796 -0.637082 0.000000 0.948132 -0.000000 0.317878 0.942476 0.000000 0.334274 0.959851 -0.257191 0.111978 0.960677 -0.257412 0.104107 0.167253 0.624192 -0.763159 0.164431 0.613660 -0.772259 0.389546 0.674713 -0.626911 0.395967 0.685834 -0.610608 0.244013 -0.422642 0.872830 0.258081 -0.447009 0.856491 0.081818 -0.305346 0.948720 0.070752 -0.264049 0.961911 0.833912 0.223446 0.504641 0.819210 0.219507 0.529822 0.000000 0.595192 -0.803584 0.000000 0.593951 -0.804501 0.473434 -0.473434 0.742779 0.483501 -0.483501 0.729694 0.632846 0.365374 0.682648 0.607647 0.350825 0.712522 0.194161 -0.724613 -0.661239 0.194521 -0.725955 -0.659659 0.000000 -0.693988 -0.719987 0.000000 -0.693483 -0.720473 0.711619 -0.410854 0.569910 0.715603 -0.413154 0.563220 0.405646 0.405647 0.819086 0.375011 0.375012 0.847781 0.433542 -0.750916 -0.498163 0.433979 -0.751672 -0.496640 0.897268 -0.240424 0.370280 0.897304 -0.240433 0.370186 0.965402 0.258680 -0.032929 0.965427 0.258687 -0.032124 0.985091 -0.000000 0.172034 0.985539 -0.000000 0.169448 0.187290 0.324395 0.927195 0.159475 0.276218 0.947772 0.674514 -0.674516 -0.300097 0.674547 -0.674549 -0.299949 
						0.839686 0.484794 -0.244748 0.838170 0.483919 -0.251582 0.041637 0.155389 0.986975 0.026760 0.099869 0.994641 0.861573 -0.497430 -0.101271 0.861675 -0.497488 -0.100108 0.632480 0.632481 -0.447143 0.628092 0.628093 -0.459348 0.000000 -0.055902 0.998436 0.000000 -0.108322 0.994116 0.976933 -0.213547 0.000001 0.959591 -0.281399 0.000000 0.997545 -0.070028 -0.000000 0.948364 0.317185 -0.000000 0.942749 0.333503 -0.000001 0.999875 0.015781 0.000000 0.999573 -0.029223 -0.000000 0.936916 -0.349554 -0.000001 0.910742 -0.412977 0.000000 0.936484 0.350711 -0.000001 0.944231 0.329283 0.000000 0.886047 -0.463595 0.000000 0.881404 -0.472363 -0.000000 0.993558 -0.113325 0.000000 0.987612 -0.156917 0.000000 0.998129 -0.061149 0.000000 0.997272 -0.073809 0.000000 0.959067 0.283180 0.000000 0.974556 0.224142 -0.000001 0.989257 0.146190 0.000000 0.997476 0.071002 0.000001 0.996003 -0.089315 0.000001 0.895102 -0.445861 -0.000000 0.904160 -0.427194 -0.000000 0.996865 -0.079124 0.000001 0.997024 -0.077090 0.000000 0.999940 -0.010923 0.000001 0.999839 -0.017938 0.000001 0.999718 0.023739 0.000001 0.999433 0.033667 0.000001 0.928524 -0.371271 -0.000001 0.923371 -0.383909 -0.000001 0.949976 -0.312323 -0.000000 0.952422 -0.304783 -0.000000 0.948468 -0.000000 -0.316873 0.946620 -0.000000 -0.322352 0.959086 0.256986 -0.118796 0.959308 0.257046 -0.116859 0.906246 0.422750 -0.000000 0.904999 0.425413 -0.000000 0.872900 0.487899 0.000000 0.874173 0.485614 0.000000 0.998085 0.061861 0.000001 0.997297 0.073475 0.000001 0.968961 -0.247213 -0.000000 0.969526 -0.244990 -0.000000 0.827243 0.561844 -0.000000 0.827635 0.561267 -0.000000 0.994745 0.102386 0.000001 0.993316 0.115427 0.000001 0.981070 -0.193654 0.000000 0.980930 -0.194363 0.000000 0.758820 0.651301 -0.000001 0.755130 0.655575 -0.000001 
						0.989596 0.143874 0.000001 0.987609 0.156932 0.000001 0.989718 -0.143035 0.000001 0.989697 -0.143179 0.000001 0.703739 0.710459 -0.000001 0.695701 0.718331 -0.000001 0.982163 0.188031 0.000001 0.979888 0.199546 0.000001 0.995249 -0.097365 0.000001 0.995375 -0.096064 0.000001 0.764928 -0.644116 -0.000001 0.732791 -0.680454 -0.000001 0.820089 -0.572236 -0.000001 0.844536 -0.535499 -0.000001 0.972473 0.233014 0.000001 0.970313 0.241853 0.000001 0.998395 -0.056639 0.000001 0.998592 -0.053044 0.000001 0.885206 -0.465200 -0.000001 0.896913 -0.442207 -0.000001 0.959069 0.283171 0.000001 0.957722 0.287696 0.000001 0.945531 0.325533 0.000000 0.945241 0.326373 0.000000 0.991633 0.129094 0.000000 0.991362 0.131156 0.000000 -0.925032 -0.379889 0.000000 -0.911772 -0.410697 0.000000 -0.998426 0.056091 -0.000000 -0.996083 0.088428 0.000000 0.995895 0.090517 0.000000 0.995752 0.092073 0.000000 0.986547 -0.163479 0.000000 0.986335 -0.164755 0.000000 0.957249 0.289265 0.000001 0.957057 0.289899 0.000001 0.798606 -0.601854 0.000000 0.788057 -0.615602 -0.000000 0.708986 -0.705222 0.000000 0.721374 -0.692545 0.000000 0.742876 0.669429 0.000001 0.740886 0.671631 0.000001 0.973359 -0.229285 0.000000 0.977682 -0.210088 0.000000 0.968368 -0.249528 0.000000 0.963404 -0.268054 0.000000 0.435991 0.899951 -0.000001 0.428223 0.903673 -0.000001 0.784066 0.620677 -0.000001 0.786772 0.617244 -0.000001 0.998773 0.049524 -0.000000 0.998874 0.047451 -0.000000 -0.994197 -0.107573 -0.000002 -0.997162 -0.075290 -0.000002 -0.850282 -0.526328 0.000002 -0.834479 -0.551040 0.000002 0.663091 -0.748538 0.000000 0.674393 -0.738373 0.000000 -0.844422 0.535679 -0.000000 -0.859598 0.510971 -0.000000 -0.535459 0.844562 -0.000000 -0.514041 0.857766 0.000000 0.952077 -0.305860 -0.000000 0.947756 -0.318996 -0.000000 
						0.675674 0.737200 -0.000001 0.685287 0.728274 -0.000001 0.266229 0.963910 -0.000000 0.248333 0.968675 -0.000000 0.999994 0.003542 -0.000000 0.999995 -0.003318 -0.000000 0.982949 0.183881 -0.000000 0.982620 0.185626 -0.000000 0.964266 -0.264937 0.000000 0.964078 -0.265618 0.000000 0.783946 0.620829 0.000000 0.738518 0.674234 0.000000 0.806037 0.591865 -0.000000 0.846671 0.532117 0.000000 -0.651293 0.758826 -0.000000 -0.627388 0.778707 0.000000 -0.917355 0.398071 -0.000002 -0.930045 0.367445 -0.000002 0.935125 -0.354317 -0.000000 0.933522 -0.358519 -0.000000 -0.402263 -0.915524 0.000000 -0.396522 -0.918025 0.000000 -0.507286 -0.861777 0.000000 -0.508216 -0.861230 0.000000 0.999359 -0.035812 -0.000000 0.998823 -0.048495 -0.000000 0.995392 -0.095886 -0.000000 0.995262 -0.097233 -0.000000 0.944110 0.329630 -0.000000 0.942300 0.334771 -0.000000 0.875792 0.482689 0.000000 0.902646 0.430385 0.000000 0.747689 -0.664049 0.000000 0.748459 -0.663182 0.000000 0.420313 -0.907379 -0.000000 0.416285 -0.909234 0.000000 0.910449 -0.413622 0.000000 0.911458 -0.411394 0.000000 -0.351081 -0.936345 0.000001 -0.351605 -0.936148 0.000001 -0.197805 -0.980241 -0.000000 -0.196514 -0.980501 -0.000000 0.997186 -0.074966 0.000000 0.995695 -0.092687 0.000000 -0.280286 0.959916 0.000000 -0.282470 0.959276 -0.000000 0.102472 0.994736 0.000000 0.106163 0.994349 0.000000 0.924301 0.381664 0.000000 0.938487 0.345316 -0.000000 0.555686 -0.831392 -0.000001 0.554671 -0.832070 -0.000001 0.854884 -0.518820 -0.000000 0.855142 -0.518395 0.000000 0.882805 -0.469741 -0.000000 0.887823 -0.460186 -0.000000 0.278170 -0.960532 0.000000 0.296605 -0.955000 0.000000 -0.200288 -0.979737 0.000000 -0.224423 -0.974492 0.000000 0.993651 -0.112505 0.000000 0.990616 -0.136673 0.000000 0.003614 0.999994 0.000000 0.011404 0.999935 0.000000 
						-0.385435 0.922735 0.000000 -0.391905 0.920006 -0.000000 0.955579 0.294735 -0.000000 0.959890 0.280378 -0.000000 0.505914 0.862584 0.000000 0.504660 0.863318 0.000000 0.826430 0.563039 0.000002 0.826900 0.562349 0.000002 0.843368 -0.537336 -0.000000 0.849641 -0.527362 -0.000000 -0.012995 -0.999916 0.000000 -0.030236 -0.999543 0.000000 0.451388 -0.892328 0.000000 0.459835 -0.888005 0.000000 0.986364 -0.164581 0.000000 0.981539 -0.191262 0.000000 -0.623509 -0.781816 0.000000 -0.600404 -0.799697 0.000000 0.389029 0.921225 0.000000 0.384511 0.923121 0.000000 0.965491 0.258702 -0.030002 0.965515 0.258709 -0.029164 -0.010336 0.999947 0.000000 -0.028451 0.999595 0.000000 -0.497493 -0.867468 0.000002 -0.476422 -0.879216 0.000002 0.946740 -0.000000 -0.322000 0.940589 -0.000000 -0.339547 0.957941 0.256680 -0.128314 0.958723 0.256889 -0.121893 0.634340 -0.366236 -0.680797 0.606677 -0.350265 -0.713623 0.811027 -0.217314 -0.543148 0.827994 -0.221860 -0.514980 0.206254 -0.769748 0.604108 0.204937 -0.764835 0.610761 0.423525 -0.733569 0.531510 0.427657 -0.740725 0.518108 0.703674 0.406265 -0.582917 0.707372 0.408400 -0.576918 0.473891 0.473891 -0.742196 0.462866 0.462867 -0.755982 0.410851 -0.410851 -0.813881 0.377781 -0.377781 -0.845319 -0.000000 -0.777271 0.629166 -0.000000 -0.775221 0.631690 0.885641 0.237307 -0.399156 0.885435 0.237252 -0.399644 0.197769 -0.342546 -0.918450 0.168058 -0.291086 -0.941820 0.221366 0.826152 0.518141 0.221440 0.826425 0.517675 0.000000 0.835145 0.550031 0.000000 0.834885 0.550424 0.979870 0.000000 -0.199637 0.979348 0.000000 -0.202181 0.049473 -0.184636 -0.981561 0.032735 -0.122168 -0.991969 0.454490 0.787200 0.416840 0.454363 0.786980 0.417393 0.965900 -0.258812 0.007276 0.965899 -0.258812 0.007516 -0.000000 0.031226 -0.999512 -0.000000 0.092190 -0.995741 
						0.681814 0.681814 0.265063 0.681433 0.681434 0.267014 0.850229 -0.490879 0.190127 0.849040 -0.490192 0.197087 0.066363 0.247671 -0.966569 0.078650 0.293526 -0.952710 0.863629 0.498617 0.074336 0.863586 0.498592 0.075002 0.657746 -0.657747 0.367068 0.653883 -0.653883 0.380625 0.232073 0.401963 -0.885759 0.247647 0.428938 -0.868725 0.991280 0.131770 0.000001 0.991399 0.130874 0.000001 0.954402 -0.298524 0.000000 0.952991 -0.302998 0.000000 0.801962 -0.597375 0.000000 0.799811 -0.600252 0.000000 -0.512502 0.858686 0.000001 -0.514489 0.857497 0.000001 0.700541 -0.713613 0.000000 0.691766 -0.722122 0.000000 -0.412919 0.910768 0.000000 -0.412941 0.910758 0.000000 0.163624 -0.986523 0.000000 0.161456 -0.986880 0.000000 -0.013298 -0.999912 -0.000000 -0.022988 -0.999736 -0.000000 -0.205664 0.978623 0.000000 -0.181514 0.983388 0.000000 0.888911 0.238183 0.391287 0.889735 0.238404 0.389274 0.709716 0.409753 0.573067 0.705354 0.407235 0.580202 -0.000000 -0.693584 -0.720376 -0.000000 -0.695554 -0.718474 0.187959 -0.701472 -0.687465 0.188522 -0.703574 -0.685159 0.409836 -0.409836 0.814904 0.388176 -0.388177 0.835846 0.619626 -0.357741 0.698631 0.636983 -0.367763 0.677498 0.479044 0.479044 0.735550 0.469891 0.469891 0.747265 0.413222 -0.715723 -0.563018 0.415523 -0.719709 -0.556201 0.828016 -0.221866 0.514941 0.837723 -0.224467 0.497830 0.252479 0.437308 0.863143 0.240824 0.417121 0.876364 0.646439 -0.646439 -0.405258 0.648342 -0.648342 -0.399130 0.947053 -0.000000 0.321077 0.950418 -0.000000 0.310977 0.080035 0.298695 0.950987 0.071092 0.265319 0.961536 0.845664 -0.488242 -0.215575 0.846370 -0.488650 -0.211846 0.833194 -0.223254 -0.505911 0.827586 -0.221751 -0.515683 0.861802 0.497562 -0.098643 0.861826 0.497576 -0.098354 0.676225 0.676226 -0.292298 0.676131 0.676132 -0.292732 
						-0.000000 0.092918 0.995674 -0.000000 0.050039 0.998747 0.965849 -0.258798 -0.012602 0.965847 -0.258798 -0.012803 0.443273 0.767773 -0.462638 0.443172 0.767598 -0.463024 0.033745 -0.125939 0.991464 0.045157 -0.168530 0.984662 0.981713 0.000000 0.190365 0.981924 0.000000 0.189278 0.208531 0.778249 -0.592320 0.208717 0.778942 -0.591344 0.171050 -0.296268 0.939663 0.191234 -0.331228 0.923968 0.000000 0.771020 -0.636811 0.000000 0.772642 -0.634842 0.249343 0.431877 -0.866782 0.257436 0.445894 -0.857266 0.081887 0.305606 -0.948630 0.075885 0.283207 -0.956052 0.657853 -0.657854 0.366685 0.656789 -0.656789 0.370482 0.849801 -0.490631 0.192662 0.850098 -0.490803 0.190907 0.863464 0.498521 0.076855 0.863473 0.498526 0.076721 0.683507 0.683507 0.256197 0.683436 0.683437 0.256573 0.000000 0.093917 -0.995580 0.000000 0.065705 -0.997839 0.965913 -0.258816 0.005112 0.965914 -0.258816 0.004973 0.456192 0.790149 0.409333 0.455979 0.789780 0.410282 0.034902 -0.130257 -0.990866 0.042309 -0.157898 -0.986549 0.982010 0.000000 -0.188827 0.981977 0.000000 -0.189001 0.220515 0.822972 0.523537 0.220627 0.823391 0.522829 0.176704 -0.306060 -0.935469 0.189273 -0.327832 -0.925582 0.893721 0.239472 -0.379364 0.892889 0.239249 -0.381457 0.000000 0.836912 0.547338 0.000000 0.838502 0.544899 0.393921 -0.393921 -0.830453 0.407018 -0.407019 -0.817724 0.717481 0.414236 -0.560026 0.714250 0.412371 -0.565506 0.000000 -0.782513 0.622634 0.000000 -0.786779 0.617234 0.202431 -0.755482 0.623113 0.202270 -0.754881 0.623892 0.626266 -0.361575 -0.690691 0.636360 -0.367403 -0.678278 0.486957 0.486957 -0.725084 0.480419 0.480419 -0.733754 0.427330 -0.740160 0.519185 0.428633 -0.742418 0.514868 0.927511 0.373797 0.000000 0.927115 0.374776 0.000000 0.961048 0.257512 0.100366 0.960616 0.257396 0.104713 
						0.856298 0.516482 -0.000000 0.826024 0.563635 0.000000 0.799634 0.600488 0.000000 0.847461 0.530858 0.000000 0.993070 0.117525 0.000000 0.990889 0.134678 -0.000000 0.983767 0.179452 -0.000000 0.988463 0.151463 0.000000 0.993286 -0.115689 0.000000 0.990196 -0.139684 0.000000 0.995187 -0.097999 0.000000 0.997721 -0.067473 0.000000 0.894660 -0.446747 0.000000 0.801682 -0.597750 0.000000 0.865415 -0.501055 0.000000 0.914309 -0.405017 -0.000000 0.975799 0.218672 -0.000000 0.981747 0.190190 -0.000000 0.998587 -0.053132 -0.000000 0.999797 -0.020131 0.000000 0.903755 -0.428050 -0.000000 0.922363 -0.386324 -0.000000 0.963342 0.268275 -0.000000 0.970826 0.239785 0.000000 0.957468 0.288540 0.000000 0.951287 0.308308 0.000000 0.933569 0.358398 0.000000 0.938787 0.344499 0.000000 0.999931 -0.011753 -0.000000 0.999824 0.018737 0.000000 0.932326 -0.361619 0.000000 0.939797 -0.341733 -0.000000 0.915365 0.402626 0.000000 0.918519 0.395377 0.000000 0.999771 0.021405 -0.000000 0.998979 0.045187 0.000000 0.956332 -0.292284 -0.000000 0.959130 -0.282967 -0.000000 0.890029 0.455904 0.000000 0.894647 0.446774 -0.000000 0.998313 0.058060 -0.000000 0.997638 0.068684 0.000000 0.972259 -0.233907 -0.000001 0.973066 -0.230528 -0.000000 0.861237 0.508204 0.000000 0.873357 0.487081 -0.000000 0.995280 0.097044 -0.000000 0.995801 0.091544 0.000000 0.982323 -0.187192 -0.000000 0.984606 -0.174788 -0.000000 0.998488 0.054964 0.000000 0.937956 0.336926 0.081977 0.938155 0.336486 0.081505 0.945596 0.231039 0.229062 0.945144 0.231970 0.229984 0.895734 0.439573 -0.066610 0.895813 0.439379 -0.066816 0.822742 0.530098 -0.205162 0.822598 0.530459 -0.204807 0.727161 0.604943 -0.324469 0.726481 0.606479 -0.323124 0.616297 0.666721 -0.419120 0.614784 0.669461 -0.416969 0.505173 0.702814 -0.500852 
						0.502880 0.706068 -0.498578 0.653866 -0.588865 -0.475077 0.656109 -0.583487 -0.478606 0.551817 -0.629431 -0.547096 0.548964 -0.634358 -0.544268 0.758083 -0.520556 -0.392851 0.759201 -0.516762 -0.395692 0.849024 -0.446829 -0.281959 0.849381 -0.445322 -0.283266 0.922583 -0.353987 -0.153404 0.922739 -0.353287 -0.154083 0.968416 -0.249144 -0.009905 0.968472 -0.248914 -0.010140 0.980553 -0.139369 0.138177 0.980542 -0.139406 0.138213 0.958542 -0.038045 0.282401 0.958487 -0.038226 0.282561 0.909111 0.042225 0.414409 0.908931 0.041588 0.414867 0.844353 0.091262 0.527958 0.843971 0.089607 0.528851 0.779601 0.104739 0.617457 0.779239 0.102401 0.618305 0.731127 0.096750 0.675346 0.730957 0.093755 0.675952 0.708465 0.068605 0.702404 0.708646 0.064796 0.702583 0.716658 0.039029 0.696331 0.717261 0.035163 0.695917 0.753202 0.021633 0.657434 0.754092 0.018240 0.656516 0.808337 0.030311 0.587939 0.809323 0.027581 0.586716 0.868854 0.069282 0.490197 0.869756 0.067228 0.488881 0.918417 0.140202 0.369937 0.919129 0.138740 0.368719 0.936189 0.340783 -0.086125 0.936232 0.340690 -0.086024 0.947028 0.228061 -0.226110 0.946833 0.228470 -0.226516 0.891517 0.449513 0.055986 0.891545 0.449450 0.056054 0.814698 0.549202 0.186129 0.814602 0.549419 0.185910 0.711170 0.638558 0.294076 0.710822 0.639237 0.293441 0.588626 0.713148 0.380709 0.587672 0.714623 0.379416 0.454379 0.768502 0.450493 0.452584 0.770600 0.448713 0.633886 -0.632822 0.444663 0.635168 -0.630190 0.446567 0.507293 -0.699779 0.502955 0.505104 -0.702911 0.500785 0.746713 -0.555572 0.365732 0.747175 -0.554257 0.366781 0.844177 -0.465854 0.265228 0.844339 -0.465257 0.265760 0.919284 -0.367931 0.139796 0.919315 -0.367809 0.139917 0.967258 -0.253743 0.005203 0.967261 -0.253729 0.005217 0.981476 -0.136053 -0.134890 
						0.981458 -0.136116 -0.134952 0.961029 -0.029511 -0.274867 0.960991 -0.029646 -0.274986 0.913110 0.057001 -0.403708 0.913037 0.056720 -0.403913 0.848547 0.110426 -0.517469 0.848349 0.109478 -0.517995 0.782281 0.123157 -0.610630 0.782036 0.121384 -0.611298 0.731553 0.104858 -0.673673 0.731449 0.102804 -0.674102 0.708209 0.073631 -0.702153 0.708328 0.071325 -0.702271 0.717295 0.034935 -0.695893 0.717683 0.032409 -0.695616 0.756328 0.009533 -0.654124 0.756841 0.007500 -0.653556 0.812642 0.018210 -0.582478 0.813143 0.016774 -0.581822 0.873277 0.059076 -0.483629 0.873738 0.057994 -0.482927 0.921407 0.133999 -0.364764 0.921792 0.133190 -0.364088 0.971118 0.237616 -0.021640 0.971127 0.237574 -0.021682 0.984818 0.123272 0.122216 0.984792 0.123378 0.122322 0.922415 0.354740 -0.152677 0.922408 0.354771 -0.152648 0.845544 0.460736 -0.269773 0.845416 0.461223 -0.269342 0.747799 0.552470 -0.368203 0.747230 0.554101 -0.366906 0.632001 0.636646 -0.441878 0.630593 0.639473 -0.439804 0.507694 0.699203 -0.503350 0.505634 0.702157 -0.501308 0.555431 -0.760295 -0.336820 0.556458 -0.758953 -0.338149 0.414951 -0.811520 -0.411401 0.413000 -0.813491 -0.409467 0.688004 -0.679924 -0.253680 0.688280 -0.679474 -0.254139 0.796417 -0.586583 -0.147105 0.796462 -0.586500 -0.147195 0.875681 -0.482484 -0.019825 0.875637 -0.482566 -0.019733 0.922232 -0.368690 0.116431 0.922200 -0.368750 0.116496 0.935620 -0.250685 0.248541 0.935413 -0.251075 0.248927 0.911452 -0.154098 0.381458 0.911050 -0.154878 0.382101 0.865069 -0.077750 0.495591 0.864644 -0.078686 0.496184 0.806271 -0.035961 0.590452 0.805693 -0.037525 0.591144 0.750949 -0.030053 0.659676 0.750340 -0.032293 0.660263 0.714612 -0.051647 0.697612 0.714190 -0.054167 0.697853 0.707357 -0.088409 0.701306 0.707212 -0.090686 0.701162 0.732077 -0.116542 0.671179 
						0.732159 -0.118609 0.670727 0.783461 -0.131999 0.607260 0.783657 -0.133520 0.606674 0.848362 -0.109533 0.517962 0.848599 -0.110672 0.517331 0.915024 -0.064512 0.398209 0.915168 -0.065093 0.397782 0.963284 0.021353 0.267634 0.963318 0.021229 0.267523 0.258661 -0.965337 0.034917 -0.000000 -0.989984 0.141178 -0.000000 -0.990018 0.140942 0.258666 -0.965355 0.034377 0.752055 -0.434198 -0.495868 0.543858 -0.543858 -0.639091 0.546960 -0.546959 -0.633775 0.753564 -0.435070 -0.492803 0.179733 0.179733 -0.967157 0.378247 0.218380 -0.899577 0.361304 0.208598 -0.908816 0.163080 0.163080 -0.973041 0.497784 -0.862190 -0.094024 0.497726 -0.862089 -0.095240 0.907193 -0.243082 -0.343383 0.907613 -0.243194 -0.342193 0.030631 0.053055 -0.998122 0.018657 0.032315 -0.999304 0.685988 -0.685987 -0.242574 0.685384 -0.685383 -0.245967 0.983296 -0.000000 -0.182016 0.983317 -0.000000 -0.181899 -0.032292 -0.120514 -0.992186 -0.038003 -0.141827 -0.989162 0.792943 -0.457803 -0.402067 0.790544 -0.456418 -0.408316 0.982929 0.183987 -0.000000 0.959814 0.280638 0.000000 0.958716 0.284364 0.000000 0.981867 0.189569 -0.000000 0.684266 0.684265 0.252114 0.859414 0.496182 0.123333 0.859322 0.496129 0.124186 0.684028 0.684027 0.253403 0.000000 -0.312310 -0.949980 0.000000 -0.330997 -0.943632 0.806874 -0.216201 -0.549738 0.801314 -0.214711 -0.558386 0.466581 0.808144 0.359452 0.466963 0.808804 0.357466 0.126270 -0.471247 -0.872916 0.129757 -0.484261 -0.865248 0.726288 0.000000 -0.687391 0.716278 0.000000 -0.697815 0.240735 0.898437 0.367231 0.241267 0.900420 0.361987 0.320054 -0.554350 -0.768284 0.324255 -0.561627 -0.761205 0.572088 0.153290 -0.805740 0.557902 0.149489 -0.816332 -0.254203 -0.948698 0.188022 -0.254209 -0.948721 0.187898 0.000000 -0.313926 0.949447 0.125999 -0.470233 0.873502 0.119655 -0.446555 0.886719 
						0.000000 -0.279258 0.960216 0.807098 -0.216261 0.549384 0.708893 0.000000 0.705316 0.732628 0.000000 0.680630 0.820422 -0.219831 0.527809 0.450890 0.780963 -0.432198 0.227270 0.848177 -0.478480 0.227239 0.848059 -0.478704 0.451404 0.781855 -0.430044 0.314479 -0.544693 0.777440 0.307485 -0.532579 0.788551 0.557583 0.149404 0.816566 0.589284 0.157898 0.792346 -0.247199 -0.922552 -0.296294 0.000000 -0.972259 -0.233906 0.000000 -0.971734 -0.236078 -0.247018 -0.921877 -0.298537 0.533199 -0.533199 0.656809 0.528105 -0.528105 0.664989 0.350130 0.202148 0.914629 0.386575 0.223189 0.894844 0.257543 -0.961156 -0.099254 0.257487 -0.960948 -0.101385 0.746527 -0.431008 0.506882 0.744623 -0.429908 0.510603 0.167946 0.167946 0.971385 0.200664 0.200665 0.958889 0.499134 -0.864523 0.058866 0.499311 -0.864832 0.052484 0.904643 -0.242400 0.350518 0.904683 -0.242411 0.350407 0.981995 -0.000000 0.188907 0.965544 0.258718 0.028106 0.965612 0.258737 0.025471 0.982376 -0.000000 0.186916 0.023009 0.039853 0.998941 0.047512 0.082293 0.995475 0.687251 -0.687253 0.235307 0.689421 -0.689424 0.222245 0.858406 0.495601 -0.132360 0.858649 0.495741 -0.130243 -0.036600 -0.136592 0.989951 -0.025555 -0.095373 0.995114 0.792953 -0.457812 0.402037 0.798510 -0.461020 0.387094 0.674109 0.674110 -0.301915 0.675335 0.675335 -0.296388 0.373972 -0.927440 -0.000000 0.458419 -0.888736 0.000000 0.471830 -0.881689 0.000000 0.397686 -0.917522 -0.000000 0.999938 0.011148 -0.000000 0.995931 0.090122 0.000000 0.995551 0.094228 0.000000 0.999873 0.015929 -0.000000 0.983634 0.180180 -0.000000 0.961655 0.274261 -0.000001 0.962254 0.272152 -0.000001 0.983044 0.183372 -0.000000 0.877868 -0.478902 0.000000 0.911305 -0.411732 -0.000000 0.895444 -0.445174 -0.000000 0.858442 -0.512910 0.000000 0.540844 -0.841123 0.000000 
						0.542561 -0.840017 0.000000 0.930275 0.366863 0.000000 0.937941 0.346796 0.000000 0.937499 -0.347988 0.000000 0.926668 -0.375881 0.000000 0.618199 -0.786022 0.000000 0.615660 -0.788012 0.000000 0.883677 0.468098 0.000000 0.899060 0.437826 0.000000 0.958837 -0.283958 -0.000000 0.952192 -0.305502 -0.000000 0.680785 -0.732483 0.000000 0.668725 -0.743510 0.000000 0.826551 0.562862 -0.000000 0.852281 0.523084 -0.000000 0.976941 -0.213511 -0.000000 0.973412 -0.229064 -0.000000 0.743968 -0.668215 0.000000 0.726317 -0.687360 0.000000 0.765875 0.642990 0.000000 0.799340 0.600879 0.000000 0.990523 -0.137347 0.000000 0.989511 -0.144455 0.000000 0.792998 -0.609224 0.000000 0.772146 -0.635446 0.000000 0.230734 -0.973017 0.000000 0.275085 -0.961420 0.000000 0.299046 -0.954239 0.000000 0.254007 -0.967202 0.000000 0.997953 -0.063956 -0.000000 0.998033 -0.062690 -0.000000 0.840648 -0.541581 0.000000 0.818989 -0.573809 0.000000 0.821359 -0.220082 -0.526244 0.725738 0.000000 -0.687972 0.749810 0.000000 -0.661654 0.834597 -0.223629 -0.503426 0.439700 0.761582 0.476084 0.217276 0.810880 0.543383 0.217776 0.812746 0.540386 0.440540 0.763037 0.472968 0.122892 -0.458636 -0.880086 0.314176 -0.544168 -0.777930 0.306582 -0.531016 -0.789955 0.116012 -0.432959 -0.893917 0.573170 0.153580 -0.804916 0.605807 0.162325 -0.778876 -0.237006 -0.884513 0.401827 0.000000 -0.942884 0.333121 0.000000 -0.942764 0.333460 -0.237014 -0.884541 0.401760 0.533479 -0.533479 -0.656354 0.528481 -0.528482 -0.664391 0.363737 0.210004 -0.907521 0.402201 0.232211 -0.885614 0.254821 -0.950999 0.175120 0.254765 -0.950789 0.176336 0.746564 -0.431030 -0.506809 0.744640 -0.429919 -0.510570 0.174159 0.174160 -0.969194 0.208796 0.208797 -0.955410 0.499996 -0.866017 -0.004297 0.500000 -0.866024 0.001559 0.906134 -0.242799 -0.346367 
						0.906278 -0.242838 -0.345961 0.983574 -0.000000 -0.180505 0.965842 0.258798 -0.013167 0.965877 0.258808 -0.010021 0.984049 -0.000000 -0.177895 0.027921 0.048360 -0.998440 0.053083 0.091942 -0.994348 0.693706 -0.693708 -0.193756 0.695461 -0.695464 -0.180731 0.854959 0.493612 0.159350 0.855368 0.493848 0.156397 -0.033325 -0.124371 -0.991676 -0.021784 -0.081300 -0.996452 0.804393 -0.464417 -0.370499 0.809691 -0.467475 -0.354779 0.665313 0.665314 0.338697 0.666739 0.666739 0.333043 0.000000 -0.305600 -0.952160 0.000000 -0.269216 -0.963080 0.999972 0.007468 -0.000000 0.996566 0.082799 0.000000 0.996379 0.085022 0.000000 0.999945 0.010480 0.000000 0.985466 0.169873 -0.000000 0.966212 0.257750 0.000000 0.967157 0.254178 0.000000 0.985213 0.171333 -0.000000 0.886003 -0.463680 -0.000000 0.913838 -0.406078 0.000000 0.900786 -0.434263 0.000000 0.870300 -0.492522 -0.000000 0.508420 -0.861109 -0.000000 0.575236 -0.817987 -0.000000 0.579106 -0.815252 -0.000000 0.521271 -0.853391 -0.000000 0.940204 0.340613 0.000000 0.947082 0.320991 -0.000000 0.939182 -0.343419 0.000001 0.928752 -0.370701 0.000001 0.644767 -0.764379 0.000000 0.645482 -0.763776 0.000000 0.902125 0.431474 0.000000 0.915972 0.401242 0.000000 0.961706 -0.274083 0.000001 0.954773 -0.297335 0.000001 0.700957 -0.713204 0.000000 0.693124 -0.720818 0.000000 0.859959 0.510364 0.000000 0.885527 0.464588 0.000000 0.979315 -0.202342 0.000001 0.976011 -0.217721 0.000001 0.759944 -0.649989 0.000000 0.746535 -0.665347 0.000000 0.806703 0.590957 -0.000000 0.841647 0.540028 -0.000000 0.990679 -0.136215 0.000000 0.989768 -0.142684 0.000000 0.805104 -0.593134 0.000000 0.787633 -0.616144 -0.000000 0.352244 -0.935908 -0.000000 0.380959 -0.924592 -0.000000 0.396367 -0.918092 -0.000000 0.365213 -0.930924 -0.000000 0.997776 -0.066660 -0.000000 
						0.997788 -0.066470 -0.000000 0.851252 -0.524757 0.000000 0.832010 -0.554761 0.000000 0.445926 -0.895070 -0.000000 0.464064 -0.885802 -0.000000 0.738436 -0.632771 0.233053 0.772633 -0.555146 0.307979 0.767036 -0.561049 0.311254 0.741753 -0.629668 0.230913 0.824656 0.504213 -0.256342 0.772202 0.539016 -0.336402 0.792709 0.496658 -0.353474 0.844724 0.456615 -0.279186 0.869575 -0.240096 0.431502 0.903920 -0.196958 0.379652 0.904445 -0.190484 0.381700 0.869371 -0.241352 0.431213 0.794238 -0.480703 0.371634 0.782317 -0.495277 0.377732 0.333843 -0.891280 -0.306871 0.386931 -0.896776 -0.214658 0.411304 -0.882476 -0.228179 0.356707 -0.878676 -0.317314 0.939268 -0.135401 0.315344 0.939322 -0.126963 0.318675 0.801603 -0.420912 0.424578 0.787150 -0.441636 0.430525 0.459107 -0.880290 -0.119623 0.487825 -0.862023 -0.137634 0.968874 -0.058930 0.240439 0.968407 -0.051051 0.244095 0.806449 -0.369780 0.461414 0.791985 -0.394931 0.465607 0.535187 -0.844423 -0.022897 0.564808 -0.824114 -0.042761 0.987157 0.028750 0.157148 0.986618 0.033437 0.159582 0.987449 0.138111 0.076620 0.967887 0.251351 -0.004285 0.973006 0.230199 -0.016355 0.988655 0.131345 0.072867 0.811222 -0.331489 0.481699 0.800289 -0.355261 0.483040 0.609682 -0.789501 0.070539 0.634682 -0.770923 0.053444 0.932938 0.348221 -0.091483 0.941933 0.317749 -0.108619 0.821622 -0.301761 0.483609 0.815217 -0.319909 0.482782 0.683375 -0.713776 0.153372 0.696590 -0.702783 0.144425 0.882727 0.435982 -0.175251 0.897688 0.393808 -0.197664 0.841126 -0.273428 0.466632 0.838580 -0.283469 0.465219 0.990583 0.136913 0.000000 0.975580 0.219645 -0.000000 0.977706 0.209980 0.000000 0.990900 0.134599 0.000000 0.901941 -0.431860 0.000001 0.927303 -0.374312 -0.000000 0.910935 -0.412549 -0.000000 0.883514 -0.468404 0.000001 0.586512 -0.809940 0.000000 
						0.640472 -0.767982 0.000000 0.648156 -0.761508 0.000000 0.604507 -0.796600 0.000000 0.998796 0.049047 0.000000 0.998874 0.047448 -0.000000 0.955878 0.293765 0.000001 0.965299 0.261148 0.000001 0.947966 -0.318372 -0.000001 0.937239 -0.348688 -0.000001 0.703126 -0.711065 0.000000 0.711589 -0.702596 0.000000 0.926618 0.376005 0.000000 0.939098 0.343649 0.000001 0.964231 -0.265065 0.000000 0.958552 -0.284919 0.000000 0.749593 -0.661900 0.000000 0.745695 -0.666288 0.000000 0.902911 0.429827 0.000001 0.909440 0.415835 0.000001 0.978680 -0.205392 0.000000 0.976516 -0.215446 0.000000 0.799772 -0.600304 0.000000 0.787521 -0.616288 0.000000 0.894914 0.446238 0.000001 0.898043 0.439908 0.000001 0.988828 -0.149064 -0.000000 0.988764 -0.149484 -0.000000 0.837179 -0.546929 0.000000 0.819144 -0.573587 0.000000 0.467589 -0.883946 0.000000 0.490593 -0.871389 0.000000 0.500401 -0.865794 0.000000 0.469016 -0.883190 0.000000 0.996378 -0.085036 -0.000000 0.997125 -0.075777 0.000000 0.874076 -0.485789 0.000001 0.853260 -0.521486 0.000001 0.538817 -0.842423 0.000000 0.560616 -0.828076 0.000000 0.999821 -0.018940 -0.000001 0.999945 -0.010493 -0.000001 0.585191 0.591516 0.554671 0.423840 0.640729 0.640176 0.426122 0.614996 0.663475 0.583259 0.569506 0.579199 0.421153 -0.329687 -0.844948 0.543258 -0.366004 -0.755587 0.557087 -0.419569 -0.716670 0.423843 -0.360154 -0.831051 0.750071 -0.235177 -0.618130 0.660638 -0.115173 -0.741817 0.786553 -0.032147 -0.616685 0.862827 -0.179754 -0.472460 0.023574 -0.797743 0.602536 0.191379 -0.842824 0.503014 0.198200 -0.830263 0.520942 0.039922 -0.776115 0.629327 0.687737 -0.343671 -0.639460 0.714203 -0.408318 -0.568499 0.537542 -0.059188 -0.841157 0.662044 0.053825 -0.747530 0.370375 -0.857570 0.356927 0.372749 -0.852542 0.366375 0.829480 -0.262254 -0.493139 
						0.855991 -0.313657 -0.410974 0.431838 -0.052636 -0.900414 0.524052 0.067226 -0.849029 0.545175 -0.823046 0.159310 0.556511 -0.803734 0.210494 0.942446 -0.131432 -0.307443 0.956088 -0.159280 -0.246021 0.990516 0.048857 -0.128415 0.969629 0.238545 0.053994 0.969997 0.215844 0.111878 0.998085 0.021994 -0.057808 0.350769 -0.100883 -0.931012 0.406215 0.008294 -0.913740 0.687281 -0.723301 -0.066941 0.718316 -0.694281 0.044675 0.880911 0.392241 0.264846 0.880461 0.389695 0.270049 0.319303 -0.176906 -0.930994 0.338684 -0.109704 -0.934483 0.782655 -0.565828 -0.259403 0.828587 -0.541260 -0.143115 0.742767 0.508242 0.435875 0.742124 0.504988 0.440726 0.343415 -0.259507 -0.902620 0.344920 -0.243203 -0.906577 0.805705 -0.391102 -0.444836 0.883419 -0.356495 -0.304108 0.928697 -0.370838 -0.000001 0.944586 -0.328265 0.000001 0.942441 -0.334372 -0.000001 0.930822 -0.365472 0.000002 0.717120 -0.696950 0.000000 0.760321 -0.649548 -0.000000 0.804028 -0.594592 -0.000001 0.785348 -0.619055 0.000001 0.999989 -0.004766 -0.000002 0.998760 0.049774 -0.000000 0.999996 0.002840 -0.000000 0.998698 -0.051010 -0.000001 0.993999 0.109387 0.000002 0.982567 0.185911 -0.000000 0.997544 0.070041 -0.000000 0.999012 0.044451 0.000001 0.955818 -0.293960 0.000000 0.952352 -0.305000 -0.000001 0.788784 -0.614670 -0.000000 0.830923 -0.556388 0.000001 0.972229 0.234033 -0.000000 0.995735 0.092264 0.000000 0.965183 -0.261577 -0.000001 0.961252 -0.275670 0.000000 0.822459 -0.568825 0.000002 0.852896 -0.522081 0.000001 0.965149 0.261702 -0.000000 0.994600 0.103785 -0.000002 0.974024 -0.226444 -0.000001 0.970540 -0.240938 0.000001 0.859311 -0.511454 -0.000000 0.877819 -0.478992 0.000000 0.956535 0.291618 0.000001 0.993037 0.117805 -0.000001 0.983404 -0.181430 0.000000 0.979721 -0.200368 0.000002 0.885219 -0.465174 -0.000002 
						0.897624 -0.440761 -0.000001 0.680167 -0.733057 0.000000 0.676950 -0.736029 0.000000 0.766365 -0.642406 -0.000000 0.764608 -0.644495 -0.000001 0.990839 -0.135051 -0.000000 0.988731 -0.149704 0.000000 0.911600 -0.411078 -0.000002 0.916231 -0.400651 -0.000001 0.683921 -0.729556 -0.000000 0.774144 -0.633009 0.000001 0.996852 -0.079289 0.000000 0.994918 -0.100684 0.000000 0.958677 -0.284497 0.000000 0.980391 -0.197061 -0.000001 0.970435 -0.241364 -0.000002 0.972707 -0.232037 -0.000002 0.983086 -0.183146 -0.000001 0.869770 -0.493457 0.000000 0.837109 -0.547036 0.000000 0.840496 -0.541818 0.000000 0.871181 -0.490963 0.000000 0.963651 0.258209 -0.068596 0.992111 -0.000000 0.125365 0.992334 -0.000000 0.123588 0.963627 0.258203 -0.068959 0.942376 0.334555 0.000000 0.967536 0.252731 0.000000 0.968410 0.249363 0.000000 0.942530 0.334122 0.000000 0.988904 -0.148554 -0.000001 0.990984 -0.133982 -0.000001 0.896268 -0.443513 -0.000000 0.896318 -0.443411 -0.000000 0.902056 0.431618 0.000001 0.899831 0.436238 0.000001 0.994690 -0.102914 -0.000001 0.995908 -0.090378 -0.000001 0.917597 -0.397511 -0.000001 0.917430 -0.397897 -0.000001 0.868498 0.495693 0.000001 0.863607 0.504166 0.000001 0.998134 -0.061070 -0.000001 0.998730 -0.050380 -0.000001 0.935642 -0.352952 -0.000001 0.936237 -0.351369 -0.000001 0.642662 -0.766150 0.000001 0.551658 -0.834071 0.000001 0.585029 -0.811013 0.000001 0.674170 -0.738576 0.000001 0.999896 -0.014386 -0.000001 0.999977 -0.006851 -0.000001 0.950649 -0.310268 -0.000001 0.951930 -0.306317 -0.000001 0.735162 -0.677891 0.000001 0.754971 -0.655758 0.000001 0.999670 0.025692 -0.000001 0.999545 0.030151 -0.000001 0.961656 -0.274258 -0.000001 0.963220 -0.268715 -0.000001 0.795887 -0.605446 0.000001 0.804070 -0.594534 0.000001 0.997208 0.074677 -0.000001 0.997044 0.076833 -0.000001 
						0.992140 0.125130 -0.000000 0.992290 0.123942 -0.000000 0.995722 0.092399 -0.000000 0.995235 0.097506 -0.000000 -0.986874 -0.161495 -0.000000 -0.802698 -0.596386 0.000000 -0.820377 -0.571823 0.000000 -0.991622 -0.129173 -0.000000 0.999956 0.009340 -0.000000 0.999888 0.014952 -0.000000 0.970610 0.240658 -0.000001 0.984264 -0.176705 -0.000000 0.984455 -0.175638 -0.000000 0.970644 0.240521 -0.000001 0.307911 -0.951415 -0.000000 0.417650 -0.908608 -0.000000 0.424705 -0.905332 -0.000000 0.330513 -0.943802 -0.000000 0.802909 0.596101 -0.000001 0.802402 0.596784 -0.000001 0.833817 -0.552040 -0.000000 0.867880 -0.496774 -0.000001 0.848873 -0.528597 -0.000000 0.811880 -0.583825 -0.000000 0.628108 0.778126 0.000001 0.215465 0.976512 0.000001 0.230695 0.973026 0.000001 0.636247 0.771485 0.000001 0.997365 -0.072552 0.000000 0.997480 -0.070950 0.000000 -0.731311 -0.682044 -0.000001 -0.951338 -0.308150 0.000001 -0.942601 -0.333922 0.000001 -0.715603 -0.698507 -0.000001 0.171681 -0.985153 0.000000 0.200465 -0.979701 0.000000 -0.697202 0.716875 -0.000001 -0.951361 0.308078 -0.000001 -0.940801 0.338960 -0.000001 -0.675047 0.737775 -0.000001 0.784471 -0.620166 0.000000 0.760122 -0.649781 0.000000 -0.071542 0.997438 -0.000000 0.349892 0.936790 0.000000 0.327763 0.944760 0.000000 -0.097821 0.995204 -0.000000 0.988034 -0.154233 0.000000 0.987228 -0.159314 0.000000 0.998065 -0.062181 -0.000000 0.926259 0.376888 0.000000 0.928208 0.372061 0.000000 0.998045 -0.062505 -0.000000 0.111933 -0.993716 -0.000000 0.144435 -0.989514 -0.000000 -0.988185 0.153266 0.000002 -0.826847 0.562426 0.000001 -0.844102 0.536183 0.000001 -0.992398 0.123071 0.000002 0.730756 -0.682639 0.000000 0.709770 -0.704434 -0.000000 -0.598168 -0.801370 0.000000 -0.290146 -0.956982 -0.000000 -0.297563 -0.954702 -0.000000 -0.602892 -0.797823 0.000000 
						0.974968 -0.222343 -0.000000 0.971773 -0.235916 -0.000000 0.739523 0.673131 0.000000 0.945404 0.325902 -0.000000 0.941549 0.336875 -0.000000 0.727873 0.685712 0.000000 0.781066 0.624448 -0.000000 0.702013 0.712164 -0.000000 0.742348 0.670014 -0.000000 0.816066 0.577959 -0.000000 0.569284 -0.822141 0.000000 0.868281 -0.496072 -0.000001 0.868339 -0.495971 -0.000001 0.567441 -0.823414 0.000000 0.664657 -0.747149 0.000000 0.648787 -0.760970 0.000000 0.230917 -0.972973 0.000000 -0.127938 -0.991782 -0.000000 -0.127982 -0.991777 -0.000000 0.230966 -0.972962 0.000000 0.957359 -0.288901 -0.000000 0.950502 -0.310717 -0.000000 -0.003462 0.999994 0.000000 -0.200749 0.979643 0.000000 -0.197817 0.980239 0.000000 -0.000749 1.000000 0.000000 0.868643 0.495440 -0.000000 0.887728 0.460369 0.000000 0.993709 -0.111996 -0.000000 0.851864 -0.523763 0.000002 0.853587 -0.520950 0.000002 0.994609 -0.103698 -0.000000 0.597169 -0.802115 0.000000 0.589842 -0.807518 0.000000 0.031126 -0.999515 -0.000000 0.511221 -0.859449 0.000000 0.502381 -0.864646 0.000000 0.011561 -0.999933 -0.000000 0.935620 -0.353009 -0.000000 0.923591 -0.383378 -0.000000 0.007510 0.999972 0.000000 0.169195 0.985583 -0.000000 0.166884 0.985977 -0.000000 0.006331 0.999980 0.000000 0.924915 0.380174 0.000001 0.929906 0.367796 0.000001 0.721796 0.692106 -0.000002 0.355474 0.934686 -0.000001 0.358003 0.933720 -0.000001 0.723051 0.690794 -0.000002 0.514771 -0.857328 0.000000 0.509973 -0.860191 0.000000 0.514831 -0.857292 0.000000 0.080648 -0.996743 0.000000 0.091863 -0.995772 0.000000 0.520703 -0.853738 0.000000 0.904417 -0.426650 0.000000 0.886245 -0.463217 0.000000 -0.436107 -0.899895 0.000000 -0.458828 -0.888525 0.000000 0.510261 0.860020 -0.000001 0.507857 0.861441 -0.000001 0.965689 0.258755 -0.022159 0.965692 0.258756 -0.022006 
						-0.256200 0.966624 -0.000001 -0.232800 0.972525 -0.000000 -0.337784 -0.941224 -0.000001 -0.321595 -0.946877 -0.000001 0.963688 0.258220 -0.068025 0.990925 -0.000000 0.134413 0.991719 -0.000000 0.128430 0.963681 0.258218 -0.068133 0.908626 -0.243466 0.339300 0.728224 -0.420440 0.541221 0.743281 -0.429134 0.513203 0.914193 -0.244957 0.322873 0.460236 -0.797154 -0.390805 0.220845 -0.824203 -0.521457 0.222721 -0.831204 -0.509407 0.463007 -0.801954 -0.377485 0.351231 0.351231 0.867913 0.586031 0.338344 0.736269 0.573094 0.330875 0.749723 0.328264 0.328264 0.885712 0.490786 -0.490786 0.719901 0.514737 -0.514737 0.685633 -0.000000 -0.793296 -0.608837 -0.000000 -0.797018 -0.603955 0.784930 0.210322 0.582794 0.780898 0.209241 0.588572 0.257982 -0.446838 0.856610 0.283045 -0.490249 0.824343 -0.199718 -0.745358 -0.636046 -0.199759 -0.745510 -0.635855 0.915725 0.000000 0.401805 0.915964 0.000000 0.401260 0.082494 -0.307872 0.947845 0.098148 -0.366292 0.925309 0.214571 0.800791 -0.559190 0.429390 0.743725 -0.512345 0.429334 0.743629 -0.512532 0.214549 0.800710 -0.559314 0.945185 -0.253262 0.206116 0.945825 -0.253433 0.202945 0.000000 -0.113157 0.993577 0.000000 -0.175760 0.984433 0.646898 0.646898 -0.403789 0.647027 0.647027 -0.403377 0.865979 -0.499972 0.010394 0.865982 -0.499973 0.010096 0.023256 0.086792 0.995955 0.008298 0.030968 0.999486 0.838642 0.484190 -0.249480 0.839041 0.484421 -0.247682 0.692668 -0.692669 -0.201049 0.693726 -0.693726 -0.193621 0.146765 0.254205 0.955950 0.122486 0.212153 0.969530 0.947404 0.320041 -0.000001 0.947278 0.320413 -0.000001 0.993612 -0.112851 -0.000000 0.993381 -0.114865 -0.000000 0.817300 -0.576212 0.000000 0.818748 -0.574153 0.000000 -0.294573 -0.955629 -0.000000 -0.294717 -0.955585 -0.000000 0.823266 -0.567656 0.000000 0.820414 -0.571769 0.000000 
						-0.744139 -0.668025 0.000001 -0.748309 -0.663350 0.000001 0.578134 -0.815941 0.000001 0.578471 -0.815703 0.000001 0.146043 -0.989278 0.000000 0.139129 -0.990274 0.000000 -0.494371 0.869251 0.000000 -0.520445 0.853895 0.000000 0.589149 0.340144 -0.732943 0.791737 0.212145 -0.572841 0.787158 0.210918 -0.579565 0.577828 0.333608 -0.744862 0.214092 -0.799002 0.561926 -0.000000 -0.711406 0.702781 -0.000000 -0.713184 0.700977 0.215642 -0.804788 0.553005 0.736524 -0.425233 -0.526031 0.506250 -0.506250 -0.698156 0.520707 -0.520707 -0.676556 0.745435 -0.430377 -0.509021 0.357148 0.357148 -0.863070 0.340211 0.340211 -0.876649 0.457627 -0.792635 0.402874 0.458721 -0.794530 0.397865 0.915252 -0.245241 -0.319643 0.918605 -0.246140 -0.309161 0.153393 0.265685 -0.951778 0.136230 0.235958 -0.962167 0.690174 -0.690173 0.217533 0.690590 -0.690590 0.214873 0.993329 -0.000000 -0.115314 0.993781 -0.000000 -0.111351 0.024825 0.092649 -0.995389 0.014079 0.052543 -0.998519 0.865953 -0.499956 0.012997 0.865956 -0.499958 0.012735 0.914680 -0.245088 0.321391 0.916402 -0.245549 0.316091 0.628778 0.628779 0.457467 0.829497 0.478911 0.287365 0.829555 0.478944 0.287145 0.628481 0.628482 0.458283 0.000000 -0.119802 -0.992798 0.000000 -0.164195 -0.986428 0.947866 -0.253980 -0.192467 0.947987 -0.254012 -0.191831 0.400938 0.694446 0.597490 0.401372 0.695198 0.596323 0.087621 -0.327006 -0.940951 0.098014 -0.365793 -0.925521 0.920182 0.000000 -0.391491 0.919472 0.000000 -0.393155 0.198842 0.742088 0.640131 0.199604 0.744931 0.636582 0.267009 -0.462474 -0.845473 0.283005 -0.490181 -0.824397 -0.181040 -0.675650 0.714648 -0.179290 -0.669120 0.721203 0.024814 0.092605 0.995394 0.154339 0.267324 0.951166 0.142644 0.247068 0.958441 0.017802 0.066436 0.997632 0.866026 -0.499999 0.000008 0.693549 -0.693549 -0.194884 
						0.693806 -0.693806 -0.193047 0.866026 -0.499999 0.000109 0.648434 0.648434 -0.398832 0.839314 0.484578 -0.246449 0.839286 0.484562 -0.246572 0.648184 0.648185 -0.399642 0.000000 -0.122387 0.992482 0.000000 -0.150578 0.988598 0.947663 -0.253926 0.193537 0.947613 -0.253912 0.193799 0.426426 0.738593 -0.522151 0.426716 0.739095 -0.521203 0.088115 -0.328849 0.940263 0.094701 -0.353431 0.930655 0.923217 0.000000 0.384278 0.922325 0.000000 0.386414 0.215923 0.805838 -0.551364 0.216439 0.807763 -0.548337 0.270945 -0.469291 0.840450 0.280770 -0.486309 0.827449 0.799465 0.214216 0.561219 0.795999 0.213287 0.566476 0.000000 -0.779848 -0.625969 -0.203396 -0.759085 -0.618402 -0.202044 -0.754038 -0.624984 0.000000 -0.778761 -0.627320 0.508096 -0.508097 0.695468 0.516798 -0.516798 0.682524 0.599852 0.346323 0.721275 0.592017 0.341800 0.729855 0.221943 -0.828302 -0.514449 0.222572 -0.830651 -0.510374 0.739955 -0.427213 0.519572 0.745024 -0.430140 0.509823 0.364039 0.364039 0.857293 0.352203 0.352204 0.867125 0.463811 -0.803348 -0.373511 0.464534 -0.804599 -0.369903 0.982534 0.186085 0.000000 0.983071 0.183224 0.000000 0.961495 0.257632 0.095669 0.961398 0.257606 0.096707 0.706233 -0.707979 -0.000000 0.648864 -0.760905 -0.000000 0.753516 -0.657430 0.000000 0.778964 -0.627068 0.000000 0.999579 -0.029016 0.000000 0.997062 -0.076598 -0.000000 0.994605 -0.103735 -0.000000 0.998115 -0.061375 -0.000000 0.949222 -0.314608 -0.000000 0.936188 -0.351499 -0.000000 0.947488 -0.319793 -0.000000 0.960224 -0.279231 -0.000000 0.768889 -0.639382 -0.000000 0.800201 -0.599731 0.000000 0.999949 0.010131 0.000000 0.999864 -0.016492 0.000000 0.962139 -0.272558 0.000000 0.970497 -0.241111 -0.000000 0.811398 -0.584494 0.000000 0.819000 -0.573794 0.000000 0.998071 0.062084 0.000000 0.999231 0.039201 -0.000000 
						0.987066 0.160315 -0.000000 0.994415 0.105537 -0.000000 0.995750 0.092101 -0.000000 0.988584 0.150671 -0.000000 0.972796 -0.231662 0.000000 0.977663 -0.210181 -0.000000 0.845842 -0.533434 0.000000 0.849741 -0.527200 0.000000 0.977258 0.212054 -0.000000 0.979462 0.201628 -0.000000 0.980380 -0.197116 0.000001 0.982262 -0.187514 0.000000 0.877471 -0.479630 0.000000 0.882096 -0.471069 0.000000 0.962827 0.270120 -0.000000 0.969184 0.246337 0.000000 0.987269 -0.159058 0.000000 0.986499 -0.163767 -0.000000 0.901522 -0.432734 0.000001 0.906924 -0.421295 0.000000 0.944846 0.327514 -0.000000 0.961830 0.273647 0.000000 0.993262 -0.115893 -0.000000 0.990682 -0.136192 -0.000000 0.920122 -0.391633 0.000000 0.928913 -0.370299 0.000000 0.930379 0.366599 -0.000000 0.956250 0.292551 0.000000 0.979412 -0.201869 -0.000000 0.992518 0.086710 -0.085967 0.978435 0.196856 0.062550 0.978406 0.197069 0.062338 0.992457 0.087057 -0.086312 0.931205 0.304761 0.199945 0.931254 0.304383 0.200294 0.858126 0.401334 0.320236 0.858365 0.399856 0.321441 0.768551 0.481643 0.421128 0.769260 0.478684 0.423204 0.670414 0.546601 0.501769 0.671856 0.542601 0.504176 0.374141 -0.746734 0.549915 0.485945 -0.729204 0.481788 0.482363 -0.733905 0.478236 0.370169 -0.750742 0.547140 0.601683 -0.692171 0.398595 0.599500 -0.695787 0.395576 0.706164 -0.648146 0.285025 0.705426 -0.649527 0.283706 0.799238 -0.581264 0.152811 0.798965 -0.581784 0.152256 0.870828 -0.491493 0.009683 0.870685 -0.491752 0.009390 0.910118 -0.390000 -0.139948 0.910106 -0.390019 -0.139969 0.915125 -0.286307 -0.283858 0.915279 -0.286058 -0.283611 0.888086 -0.196146 -0.415728 0.888386 -0.195644 -0.415325 0.839410 -0.129991 -0.527725 0.840033 -0.128814 -0.527022 0.780561 -0.099660 -0.617083 0.781686 -0.097088 -0.616069 0.728921 -0.102819 -0.676832 
						0.729940 -0.099761 -0.676191 0.702017 -0.117391 -0.702418 0.702669 -0.114367 -0.702266 0.702764 -0.143737 -0.696752 0.703120 -0.140242 -0.697105 0.733144 -0.167052 -0.659237 0.733133 -0.163377 -0.660170 0.788200 -0.174976 -0.590020 0.787903 -0.171761 -0.591360 0.856355 -0.152718 -0.493289 0.855952 -0.150233 -0.494749 0.923262 -0.101522 -0.370513 0.922902 -0.099693 -0.371905 0.972761 -0.019447 -0.230992 0.972597 -0.018610 -0.231751 0.992247 0.088257 0.087502 0.976532 0.209499 -0.049954 0.976538 0.209462 -0.049991 0.992211 0.088461 0.087705 0.927765 0.327662 -0.178579 0.927795 0.327483 -0.178748 0.851381 0.436544 -0.290826 0.851568 0.435694 -0.291553 0.751580 0.541304 -0.376985 0.752164 0.539524 -0.378369 0.641079 0.617743 -0.455423 0.642098 0.615544 -0.456964 0.312584 -0.804097 -0.505687 0.450613 -0.772886 -0.446760 0.448399 -0.775436 -0.444564 0.309532 -0.806690 -0.503430 0.579893 -0.726360 -0.368953 0.578908 -0.727810 -0.367638 0.697016 -0.664700 -0.268965 0.696802 -0.665074 -0.268595 0.792620 -0.593525 -0.139578 0.792615 -0.593533 -0.139569 0.867075 -0.498173 -0.002088 0.867035 -0.498243 -0.002008 0.910844 -0.388786 0.138599 0.910839 -0.388793 0.138607 0.920544 -0.277407 0.275034 0.920657 -0.277218 0.274847 0.895027 -0.184291 0.406158 0.895272 -0.183862 0.405811 0.847132 -0.115096 0.518768 0.847466 -0.114438 0.518368 0.787692 -0.083052 0.610446 0.788295 -0.081614 0.609861 0.733701 -0.088250 0.673717 0.734382 -0.086127 0.673250 0.702863 -0.113454 0.702219 0.703333 -0.111244 0.702102 0.702471 -0.146542 0.696463 0.702692 -0.144427 0.696682 0.733140 -0.172163 0.657925 0.733144 -0.169974 0.658490 0.789183 -0.186498 0.585157 0.789030 -0.184611 0.585961 0.857774 -0.161859 0.487879 0.857568 -0.160496 0.488690 0.925022 -0.110841 0.363386 0.924876 -0.110044 0.363998 0.972836 -0.019833 0.230642 
						0.972776 -0.019521 0.230925 0.982768 0.131263 -0.130140 0.961703 0.273665 -0.015300 0.961715 0.273626 -0.015259 0.982758 0.131301 -0.130177 0.904035 0.418044 0.089212 0.904090 0.417892 0.089370 0.812701 0.553657 0.181606 0.812993 0.553012 0.182262 0.688371 0.679324 0.254291 0.689132 0.678073 0.255565 0.552879 0.763598 0.333530 0.553922 0.762254 0.334873 -0.047349 -0.977513 0.205490 0.110360 -0.987850 0.109416 0.110186 -0.987889 0.109244 -0.047776 -0.977575 0.205097 0.285679 -0.957923 0.027777 0.285724 -0.957908 0.027825 0.439423 -0.895795 -0.066767 0.439447 -0.895785 -0.066741 0.562878 -0.808417 -0.172136 0.563193 -0.808267 -0.171810 0.644365 -0.708163 -0.288615 0.644753 -0.707960 -0.288249 0.698865 -0.597620 -0.392987 0.698934 -0.597578 -0.392929 0.722431 -0.491019 -0.486820 0.722729 -0.490798 -0.486600 0.711849 -0.406970 -0.572404 0.712158 -0.406692 -0.572217 0.689917 -0.343684 -0.637099 0.690043 -0.343542 -0.637040 0.662435 -0.310204 -0.681875 0.662644 -0.309902 -0.681809 0.645081 -0.300180 -0.702682 0.645236 -0.299882 -0.702667 0.648302 -0.302839 -0.698565 0.648419 -0.302522 -0.698594 0.674673 -0.312070 -0.668900 0.674669 -0.312088 -0.668896 0.726171 -0.300713 -0.618262 0.726149 -0.300916 -0.618189 0.792600 -0.273548 -0.544937 0.792599 -0.273686 -0.544869 0.864114 -0.215026 -0.455051 0.864125 -0.215145 -0.454974 0.927400 -0.124683 -0.352681 0.927435 -0.124900 -0.352511 0.968943 -0.001416 -0.247280 0.968973 -0.001546 -0.247163 
					</float_array>
					<technique_common>
						<accessor count="1779" offset="0" source="#meshId0-tangents-array" stride="3">
							<param name="X" type="float" />
							<param name="Y" type="float" />
							<param name="Z" type="float" />
						</accessor>
					</technique_common>
				</source>
				<source id="meshId0-bitangents" name="meshId0-bitangents">
					<float_array id="meshId0-bitangents-array" count="5337"> 
						-0.000000 -0.491220 0.871036 -0.000000 -0.489021 0.872272 0.119387 -0.445557 0.887258 0.119583 -0.446289 0.886863 0.509215 -0.509215 -0.693830 0.515265 -0.515265 -0.684839 0.485585 -0.280352 -0.828015 0.480870 -0.277630 -0.831677 -0.611387 -0.352983 0.708243 -0.600977 -0.346972 0.720026 -0.589356 -0.589355 0.552557 -0.598055 -0.598054 0.533536 0.176031 -0.304896 0.935976 0.175751 -0.304411 0.936187 0.359177 -0.096241 -0.928294 0.357198 -0.095711 -0.929112 -0.467691 -0.810067 0.353634 -0.472192 -0.817863 0.328838 0.144361 -0.144361 0.978938 0.144235 -0.144234 0.978975 0.170864 -0.000000 -0.985295 0.170596 -0.000000 -0.985341 -0.256172 -0.956046 0.142663 -0.257098 -0.959504 0.115121 0.022437 -0.012954 0.999664 0.022029 -0.012718 0.999676 0.232494 -0.972598 -0.000000 0.230447 -0.973085 -0.000000 0.176198 -0.984355 0.000000 0.179501 -0.983758 0.000000 -0.185744 -0.107239 -0.976729 -0.183650 -0.106030 -0.977256 -0.263927 -0.263927 -0.927731 -0.266519 -0.266519 -0.926248 0.000000 -0.996467 -0.083991 0.000000 -0.993831 -0.110908 -0.154062 0.041281 0.987198 -0.156177 0.041847 0.986842 -0.255613 -0.442736 -0.859446 -0.257647 -0.446258 -0.857014 0.246327 -0.919306 -0.306918 0.244424 -0.912203 -0.328849 -0.347393 -0.000000 0.937720 -0.353016 -0.000000 0.935617 -0.160618 -0.599436 -0.784141 -0.160540 -0.599143 -0.784382 0.430962 -0.746450 -0.507035 0.426331 -0.738429 -0.522460 -0.512954 -0.137445 0.847341 -0.522077 -0.139890 0.841348 -0.000000 -0.626809 -0.779173 -0.000000 -0.622457 -0.782654 0.248165 -0.926158 0.283983 0.244788 -0.913553 0.324808 0.000000 -0.993735 0.111763 0.000000 -0.998179 0.060325 -0.342121 -0.000000 -0.939656 -0.357619 -0.000000 -0.933868 -0.137123 0.036742 -0.989872 -0.129589 0.034723 -0.990960 -0.179486 -0.669847 0.720479 -0.181226 -0.676339 0.713949 -0.287105 -0.497280 0.818708 -0.280895 -0.486524 0.827280 
						0.436945 -0.756809 0.486126 0.429276 -0.743526 0.512729 -0.501165 -0.134287 -0.854869 -0.524299 -0.140485 -0.839866 0.000000 -0.733944 0.679210 0.000000 -0.734052 0.679093 0.527142 -0.527142 0.666515 0.517816 -0.517816 0.680980 -0.601778 -0.347437 -0.719132 -0.626087 -0.361472 -0.690907 0.143980 -0.537337 -0.830987 0.144103 -0.537798 -0.830667 0.000000 -0.608078 -0.793877 0.000000 -0.606404 -0.795157 0.495324 -0.285976 0.820288 0.489272 -0.282482 0.825116 -0.583354 -0.583356 -0.565148 -0.601814 -0.601816 -0.525012 0.208444 -0.361035 -0.908958 0.208224 -0.360655 -0.909159 0.366875 -0.098304 0.925062 0.366340 -0.098161 0.925289 -0.023598 -0.006323 0.999702 -0.022502 -0.006029 0.999729 0.179422 0.000000 0.983772 0.177385 0.000000 0.984142 -0.463994 -0.803660 -0.372611 -0.473786 -0.820620 -0.319546 0.173716 -0.173716 -0.969353 0.173361 -0.173362 -0.969480 -0.187546 -0.108280 0.976269 -0.192762 -0.111291 0.974914 -0.255626 -0.954004 -0.156627 -0.257506 -0.961018 -0.100677 0.048570 -0.028042 -0.998426 0.047693 -0.027535 -0.998482 -0.291021 -0.291021 0.911380 -0.298591 -0.298591 0.906469 -0.533848 -0.845580 0.000000 -0.545317 -0.838230 0.000000 -0.601265 -0.799050 -0.000000 -0.596290 -0.802769 -0.000000 0.124703 -0.992194 -0.000000 0.124335 -0.992240 -0.000000 0.087413 -0.996172 0.000000 0.088399 -0.996085 0.000000 0.224355 -0.974508 0.000000 0.226612 -0.973985 0.000000 0.173650 -0.984807 0.000000 0.174872 -0.984591 0.000000 -0.180251 -0.983621 -0.000000 -0.156569 -0.987667 -0.000000 -0.203160 -0.979146 0.000000 -0.222995 -0.974819 0.000000 -0.483413 -0.875393 0.000000 -0.495444 -0.868640 0.000000 0.258315 -0.966061 -0.000000 0.280088 -0.959974 -0.000000 -0.136469 -0.990644 0.000000 -0.115281 -0.993333 0.000000 -0.425300 -0.905052 0.000000 -0.439590 -0.898199 0.000000 0.318250 -0.948007 -0.000000 0.350073 -0.936723 -0.000000 
						-0.092768 -0.995688 0.000000 -0.074515 -0.997220 0.000000 -0.386491 -0.922293 -0.000000 -0.392531 -0.919739 -0.000000 0.362217 -0.932094 0.000000 0.414048 -0.910255 0.000000 -0.046453 -0.998921 -0.000000 -0.031562 -0.999502 -0.000000 -0.337197 -0.941434 0.000000 -0.337081 -0.941476 0.000000 0.448147 -0.893960 -0.000000 0.509904 -0.860232 -0.000000 0.004272 -0.999991 -0.000000 0.011899 -0.999929 -0.000000 -0.304719 -0.952442 0.000000 -0.295871 -0.955228 0.000000 0.523218 -0.852199 0.000000 0.572898 -0.819627 0.000000 0.048225 -0.998837 0.000000 0.049263 -0.998786 0.000000 -0.258503 -0.966011 0.000000 -0.242601 -0.970126 0.000000 -0.636414 -0.771347 -0.000000 -0.637082 -0.770796 -0.000000 -0.317878 0.000000 0.948132 -0.334274 0.000000 0.942476 -0.108162 0.028982 0.993711 -0.100559 0.026945 0.994566 -0.197521 -0.737154 -0.646211 -0.199877 -0.745944 -0.635308 -0.313456 -0.542920 -0.779091 -0.305304 -0.528802 -0.791933 0.436415 -0.755892 -0.488025 0.428246 -0.741743 -0.516162 0.245549 -0.916393 -0.316118 0.248963 -0.929134 -0.273363 -0.487445 -0.130610 0.863330 -0.511769 -0.137128 0.848109 0.000000 -0.803584 -0.595192 0.000000 -0.804501 -0.593951 0.525224 -0.525225 -0.669536 0.515971 -0.515972 -0.683774 -0.591191 -0.341324 0.730747 -0.617062 -0.356261 0.701650 0.171142 -0.638708 0.750175 0.170734 -0.637182 0.751565 0.000000 -0.719987 0.693988 0.000000 -0.720473 0.693483 0.493556 -0.284955 -0.821707 0.487762 -0.281610 -0.826307 -0.579180 -0.579182 0.573671 -0.599470 -0.599472 0.530347 0.249082 -0.431422 0.867083 0.248320 -0.430103 0.867957 0.357662 -0.095836 -0.928920 0.357572 -0.095812 -0.928958 -0.031807 -0.008523 -0.999458 -0.031029 -0.008314 -0.999484 0.172034 -0.000000 -0.985091 0.169448 -0.000000 -0.985539 -0.463598 -0.802974 0.374580 -0.473886 -0.820794 0.318949 0.212200 -0.212201 0.953909 0.212096 -0.212096 0.953955 
						-0.211958 -0.122374 -0.969587 -0.217876 -0.125791 -0.967836 -0.255450 -0.953345 0.160871 -0.257434 -0.960749 0.103392 0.087703 -0.050635 0.994859 0.086696 -0.050054 0.994977 -0.316178 -0.316178 -0.894462 -0.324808 -0.324808 -0.888256 0.000000 -0.998436 -0.055902 0.000000 -0.994116 -0.108322 -0.213547 -0.976933 0.000000 -0.281399 -0.959591 0.000000 -0.070028 -0.997545 0.000000 0.317185 -0.948364 -0.000000 0.333503 -0.942749 -0.000000 0.015781 -0.999875 -0.000000 -0.029223 -0.999573 -0.000000 -0.349554 -0.936916 0.000001 -0.412977 -0.910742 0.000000 0.350711 -0.936484 -0.000000 0.329283 -0.944231 -0.000000 -0.463595 -0.886047 0.000000 -0.472363 -0.881404 0.000000 -0.113325 -0.993558 0.000000 -0.156917 -0.987612 0.000000 -0.061149 -0.998129 -0.000000 -0.073809 -0.997272 -0.000000 0.283180 -0.959067 -0.000000 0.224142 -0.974556 -0.000001 0.146190 -0.989257 -0.000000 0.071002 -0.997476 -0.000000 -0.089315 -0.996003 0.000000 -0.445861 -0.895102 0.000000 -0.427194 -0.904160 0.000000 -0.079124 -0.996865 0.000000 -0.077090 -0.997024 -0.000000 0.010923 0.999940 -0.000001 0.017938 0.999839 -0.000001 -0.023739 0.999718 -0.000000 -0.033667 0.999433 -0.000000 0.371271 0.928524 -0.000001 0.383909 0.923371 -0.000001 0.312323 0.949976 -0.000001 0.304783 0.952422 -0.000001 -0.316873 0.000000 -0.948468 -0.322352 0.000000 -0.946620 -0.114748 -0.030747 -0.992919 -0.112877 -0.030245 -0.993149 -0.422750 0.906246 0.000001 -0.425413 0.904999 0.000001 -0.487899 0.872900 0.000001 -0.485614 0.874173 0.000001 -0.061861 0.998085 -0.000000 -0.073475 0.997297 -0.000000 0.247213 0.968961 -0.000001 0.244990 0.969526 -0.000001 -0.561844 0.827243 0.000001 -0.561267 0.827635 0.000001 -0.102386 0.994745 0.000000 -0.115427 0.993316 0.000000 0.193654 0.981070 -0.000001 0.194363 0.980930 -0.000001 -0.651301 0.758820 0.000001 -0.655575 0.755130 0.000001 
						-0.143874 0.989596 0.000001 -0.156932 0.987609 0.000000 0.143035 0.989718 -0.000001 0.143179 0.989697 -0.000001 -0.710459 0.703739 0.000001 -0.718331 0.695701 0.000001 -0.188031 0.982163 0.000001 -0.199546 0.979888 0.000001 0.097365 0.995249 -0.000001 0.096064 0.995375 -0.000001 0.644116 0.764928 -0.000001 0.680454 0.732791 -0.000001 0.572236 0.820089 -0.000001 0.535499 0.844536 -0.000001 -0.233014 0.972473 0.000001 -0.241853 0.970313 0.000001 0.056639 0.998395 -0.000001 0.053044 0.998592 -0.000001 0.465200 0.885206 -0.000001 0.442207 0.896913 -0.000001 -0.283171 0.959069 0.000001 -0.287696 0.957722 0.000001 -0.325533 0.945531 0.000001 -0.326373 0.945241 0.000001 0.129094 -0.991633 0.000000 0.131156 -0.991362 0.000000 -0.379889 0.925032 0.000000 -0.410697 0.911772 0.000000 0.056091 0.998426 -0.000000 0.088428 0.996083 0.000000 0.090517 -0.995895 0.000000 0.092073 -0.995752 0.000000 0.163479 0.986547 0.000000 0.164755 0.986335 0.000000 -0.289265 0.957249 -0.000000 -0.289899 0.957057 -0.000000 -0.601854 -0.798606 0.000000 -0.615602 -0.788057 0.000000 -0.705222 -0.708986 0.000000 -0.692545 -0.721374 0.000000 -0.669429 0.742876 -0.000001 -0.671631 0.740886 -0.000001 -0.229285 -0.973359 -0.000000 -0.210088 -0.977682 -0.000000 -0.249528 -0.968368 -0.000000 -0.268054 -0.963404 -0.000000 0.899951 -0.435991 -0.000002 0.903673 -0.428223 -0.000002 0.620677 -0.784066 -0.000001 0.617244 -0.786772 -0.000001 0.049524 -0.998773 0.000000 0.047451 -0.998874 0.000000 0.107573 -0.994197 0.000000 0.075290 -0.997162 0.000000 0.526328 -0.850282 -0.000001 0.551040 -0.834479 -0.000001 -0.748538 -0.663091 0.000000 -0.738373 -0.674393 0.000000 0.535679 0.844422 -0.000000 0.510971 0.859598 -0.000000 0.844562 0.535459 -0.000000 0.857766 0.514041 0.000000 -0.305860 -0.952077 0.000000 -0.318996 -0.947756 0.000000 
						-0.737200 0.675674 0.000001 -0.728274 0.685287 0.000001 -0.963910 0.266229 0.000001 -0.968675 0.248333 0.000001 0.003542 -0.999994 0.000000 -0.003318 -0.999995 0.000000 0.183881 -0.982949 -0.000000 0.185626 -0.982620 -0.000000 -0.264937 -0.964266 0.000000 -0.265618 -0.964078 0.000000 0.620829 -0.783946 0.000000 0.674234 -0.738518 0.000000 0.591865 -0.806037 0.000000 0.532117 -0.846671 0.000000 -0.758826 -0.651293 0.000000 -0.778707 -0.627388 0.000000 -0.398071 -0.917355 -0.000001 -0.367445 -0.930045 -0.000001 -0.354317 -0.935125 0.000000 -0.358519 -0.933522 0.000000 -0.915524 0.402263 0.000000 -0.918025 0.396522 0.000000 -0.861777 0.507286 0.000000 -0.861230 0.508216 0.000000 -0.035812 -0.999359 0.000000 -0.048495 -0.998823 0.000000 0.095886 0.995392 -0.000000 0.097233 0.995262 -0.000000 -0.329630 0.944110 0.000000 -0.334771 0.942300 0.000000 0.482689 -0.875792 0.000000 0.430385 -0.902646 0.000000 -0.664049 -0.747689 0.000000 -0.663182 -0.748459 0.000000 -0.907379 -0.420313 0.000000 -0.909234 -0.416285 0.000000 -0.413622 -0.910449 -0.000000 -0.411394 -0.911458 -0.000000 0.936345 -0.351081 -0.000002 0.936148 -0.351605 -0.000002 0.980241 -0.197805 0.000000 0.980501 -0.196514 0.000000 -0.074966 -0.997186 0.000000 -0.092687 -0.995695 0.000000 0.959916 0.280286 0.000000 0.959276 0.282470 -0.000000 0.994736 -0.102472 0.000000 0.994349 -0.106163 0.000000 0.381664 -0.924301 0.000000 0.345316 -0.938487 -0.000000 0.831392 0.555686 -0.000002 0.832070 0.554671 -0.000002 0.518820 0.854884 -0.000000 0.518395 0.855142 0.000000 -0.469741 -0.882805 0.000000 -0.460186 -0.887823 0.000000 -0.960532 -0.278170 0.000000 -0.955000 -0.296605 0.000000 -0.979737 0.200288 -0.000000 -0.974492 0.224423 -0.000000 -0.112505 -0.993651 0.000000 -0.136673 -0.990616 0.000000 -0.999994 0.003614 -0.000000 -0.999935 0.011404 0.000000 
						-0.922735 -0.385435 0.000000 -0.920006 -0.391905 0.000000 0.294735 -0.955579 -0.000000 0.280378 -0.959890 -0.000000 0.862584 -0.505914 0.000001 0.863318 -0.504660 0.000001 0.563039 -0.826430 0.000001 0.562349 -0.826900 0.000001 -0.537336 -0.843368 0.000000 -0.527362 -0.849641 0.000000 0.999916 -0.012995 -0.000002 0.999543 -0.030236 -0.000002 0.892328 0.451388 0.000000 0.888005 0.459835 -0.000000 -0.164581 -0.986364 0.000000 -0.191262 -0.981539 0.000000 -0.781816 0.623509 -0.000000 -0.799697 0.600404 -0.000000 -0.921225 0.389029 -0.000000 -0.923121 0.384511 -0.000000 -0.028980 -0.007765 -0.999550 -0.028170 -0.007548 -0.999575 0.999947 0.010336 -0.000001 0.999595 0.028451 -0.000001 0.867468 -0.497493 -0.000003 0.879216 -0.476422 -0.000003 -0.322000 0.000000 -0.946740 -0.339547 0.000000 -0.940589 -0.123942 -0.033210 -0.991734 -0.117740 -0.031548 -0.992543 -0.589587 0.340398 -0.732472 -0.618015 0.356811 -0.700530 -0.524640 0.140577 -0.839637 -0.497433 0.133287 -0.857202 -0.156355 0.583524 0.796902 -0.158077 0.589950 0.791815 -0.265754 0.460301 0.847052 -0.259054 0.448695 0.855315 0.504821 0.291458 0.812532 0.499626 0.288458 0.816802 0.524812 0.524812 0.670183 0.534560 0.534560 0.654592 -0.575501 0.575501 -0.581031 -0.597731 0.597731 -0.534262 0.000000 0.629166 0.777271 0.000000 0.631690 0.775221 0.385555 0.103309 0.916883 0.386027 0.103436 0.916670 -0.459225 0.795401 -0.395538 -0.470910 0.815640 -0.336117 0.134105 0.500486 -0.855295 0.133984 0.500035 -0.855578 0.000000 0.550031 -0.835145 0.000000 0.550424 -0.834885 0.199637 0.000000 0.979870 0.202181 0.000000 0.979348 -0.254046 0.948115 -0.191149 -0.256740 0.958169 -0.126478 0.208420 0.360994 -0.908980 0.208697 0.361473 -0.908726 -0.007028 0.001883 0.999974 -0.007260 0.001945 0.999972 -0.000000 0.999512 0.031226 -0.000000 0.995741 0.092190 
						0.187428 0.187428 -0.964231 0.188807 0.188807 -0.963693 -0.164655 0.095063 0.981760 -0.170682 0.098543 0.980386 0.250166 0.933634 0.256408 0.246580 0.920247 0.303880 0.064377 0.037168 -0.997233 0.064954 0.037501 -0.997183 -0.259556 0.259557 0.930194 -0.269142 0.269142 0.924730 0.442878 0.767090 0.464146 0.434362 0.752339 0.495294 0.131770 -0.991280 0.000000 0.130874 -0.991399 0.000000 -0.298524 -0.954402 -0.000000 -0.302998 -0.952991 -0.000000 0.597375 0.801962 0.000000 0.600252 0.799811 0.000000 -0.858686 -0.512502 0.000002 -0.857497 -0.514489 0.000002 -0.713613 -0.700541 0.000000 -0.722122 -0.691766 0.000000 0.910768 0.412919 0.000000 0.910758 0.412941 -0.000000 0.986523 0.163624 0.000000 0.986880 0.161456 0.000000 -0.999912 0.013298 0.000000 -0.999736 0.022988 -0.000000 -0.978623 -0.205664 0.000000 -0.983388 -0.181514 0.000000 0.377954 0.101273 -0.920269 0.376010 0.100752 -0.921122 0.496291 0.286533 -0.819509 0.502470 0.290100 -0.814472 0.000000 0.720376 -0.693584 0.000000 0.718474 -0.695554 -0.177929 0.664040 -0.726218 -0.177332 0.661812 -0.728394 -0.576224 0.576225 0.579596 -0.591032 0.591032 0.548965 -0.605032 0.349316 0.715482 -0.586730 0.338749 0.735525 0.520112 0.520112 -0.677471 0.528396 0.528396 -0.664527 -0.281508 0.487588 -0.826445 -0.278100 0.481684 -0.831048 -0.497395 0.133277 0.857225 -0.480867 0.128848 0.867275 0.431571 0.747504 -0.504959 0.438181 0.758954 -0.481649 -0.286561 0.286560 -0.914203 -0.282227 0.282227 -0.916894 -0.321077 0.000000 0.947053 -0.310977 0.000000 0.950418 0.246134 0.918583 -0.309232 0.248864 0.928773 -0.274678 -0.186693 0.107787 -0.976487 -0.183464 0.105923 -0.977303 -0.488673 0.130939 -0.862586 -0.498111 0.133469 -0.856780 0.085427 0.049321 0.995123 0.085177 0.049177 0.995152 0.206686 0.206686 0.956327 0.206992 0.206993 0.956195 
						-0.000000 0.995674 -0.092918 -0.000000 0.998747 -0.050039 -0.012173 0.003262 -0.999921 -0.012367 0.003314 -0.999918 0.231318 0.400656 0.886547 0.231512 0.400991 0.886346 -0.256610 0.957681 0.130382 -0.254849 0.951110 0.174475 0.190365 0.000000 -0.981713 0.189278 0.000000 -0.981924 0.153304 0.572137 0.805703 0.153051 0.571194 0.806420 -0.469831 0.813773 0.342101 -0.461983 0.800181 0.382469 0.000000 0.636811 0.771020 0.000000 0.634842 0.772642 0.433389 0.750656 0.498688 0.428632 0.742415 0.514873 0.245524 0.916307 0.316387 0.247444 0.923475 0.293197 -0.259285 0.259285 0.930345 -0.261970 0.261971 0.928840 -0.166850 0.096331 0.981265 -0.165330 0.095453 0.981608 0.066558 0.038428 -0.997042 0.066442 0.038361 -0.997053 0.181158 0.181159 -0.966625 0.181424 0.181424 -0.966525 0.000000 0.995580 0.093917 0.000000 0.997839 0.065705 -0.004938 0.001323 0.999987 -0.004804 0.001287 0.999988 0.204666 0.354493 -0.912385 0.205141 0.355315 -0.911959 -0.256455 0.957103 -0.134852 -0.255337 0.952933 -0.163468 0.188827 0.000000 0.982010 0.189001 0.000000 0.981977 0.135501 0.505698 -0.852003 0.135318 0.505015 -0.852437 -0.467734 0.810141 -0.353408 -0.462790 0.801578 -0.378547 0.366437 0.098187 0.925248 0.368460 0.098728 0.924386 0.000000 0.547338 -0.836912 0.000000 0.544899 -0.838502 -0.587219 0.587219 -0.557089 -0.578218 0.578218 -0.575611 0.484997 0.280012 0.828475 0.489743 0.282752 0.824744 0.000000 0.622634 0.782513 0.000000 0.617234 0.786779 -0.161273 0.601881 0.782132 -0.161475 0.602633 0.781511 -0.598156 0.345345 -0.723150 -0.587406 0.339139 -0.734805 0.512712 0.512712 0.688661 0.518842 0.518842 0.679416 -0.259591 0.449627 0.854662 -0.257433 0.445889 0.857269 -0.373797 0.927511 0.000001 -0.374776 0.927115 0.000001 -0.096946 -0.025977 0.994951 -0.101145 -0.027102 0.994502 
						-0.516482 0.856298 0.000000 -0.563635 0.826024 -0.000000 -0.600488 0.799634 -0.000000 -0.530858 0.847461 -0.000000 -0.117525 0.993070 0.000000 -0.134678 0.990889 0.000000 -0.179452 0.983767 -0.000000 -0.151463 0.988463 0.000000 0.115689 0.993286 -0.000000 0.139684 0.990196 0.000000 0.097999 0.995187 0.000000 0.067473 0.997721 -0.000000 0.446747 0.894660 0.000000 0.597750 0.801682 0.000000 0.501055 0.865415 0.000000 0.405017 0.914309 -0.000000 -0.218672 0.975799 0.000000 -0.190190 0.981747 0.000000 0.053132 0.998587 -0.000000 0.020131 0.999797 -0.000000 0.428050 0.903755 -0.000000 0.386324 0.922363 -0.000000 -0.268275 0.963342 0.000000 -0.239785 0.970826 0.000000 -0.288540 0.957468 0.000000 -0.308308 0.951287 -0.000000 -0.358398 0.933569 -0.000000 -0.344499 0.938787 0.000000 0.011753 0.999931 -0.000000 -0.018737 0.999824 -0.000000 0.361619 0.932326 0.000000 0.341733 0.939797 -0.000000 -0.402626 0.915365 -0.000000 -0.395377 0.918519 0.000000 -0.021405 0.999771 0.000000 -0.045187 0.998979 -0.000000 0.292284 0.956332 -0.000000 0.282967 0.959130 -0.000000 -0.455904 0.890029 -0.000000 -0.446774 0.894647 0.000000 -0.058060 0.998313 0.000000 -0.068684 0.997638 -0.000000 0.233907 0.972259 -0.000000 0.230528 0.973066 -0.000000 -0.508204 0.861237 -0.000000 -0.487081 0.873357 0.000000 -0.097044 0.995280 0.000000 -0.091544 0.995801 0.000000 0.187192 0.982323 -0.000000 0.174788 0.984606 -0.000000 -0.054964 0.998488 -0.000000 -0.295015 0.651140 0.699273 -0.294381 0.651368 0.699328 -0.325343 0.671504 0.665758 -0.326654 0.671183 0.665440 -0.271543 0.659544 0.700904 -0.271280 0.659673 0.700884 -0.274304 0.686400 0.673507 -0.274737 0.686121 0.673615 -0.315371 0.714226 0.624839 -0.316934 0.712922 0.625535 -0.397090 0.722688 0.565723 -0.399428 0.720150 0.567310 -0.499095 0.711374 0.494825 
						-0.501405 0.708144 0.497116 0.331604 0.787421 -0.519621 0.327143 0.791414 -0.516373 0.446983 0.777056 -0.443159 0.450482 0.773039 -0.446628 0.231372 0.777879 -0.584270 0.227677 0.780405 -0.582349 0.176939 0.743298 -0.645136 0.175218 0.744202 -0.644564 0.157844 0.709165 -0.687147 0.156933 0.709514 -0.686995 0.170190 0.689515 -0.703992 0.169868 0.689597 -0.703989 0.196257 0.696328 -0.690369 0.196308 0.696321 -0.690362 0.219070 0.732158 -0.644944 0.219308 0.732148 -0.644874 0.222694 0.791479 -0.569182 0.223426 0.791513 -0.568848 0.198034 0.862450 -0.465792 0.199653 0.862624 -0.464778 0.142984 0.930110 -0.338306 0.144943 0.930370 -0.336753 0.054359 0.978485 -0.199026 0.056596 0.978777 -0.196959 -0.048719 0.997644 -0.048302 -0.046014 0.997899 -0.045620 -0.154605 0.982482 0.104050 -0.151784 0.982628 0.106789 -0.246800 0.935738 0.251960 -0.244067 0.935811 0.254342 -0.314228 0.866735 0.387338 -0.311681 0.866826 0.389187 -0.348090 0.789571 0.505382 -0.345829 0.789749 0.506655 -0.351147 0.719615 0.599041 -0.349280 0.719898 0.599792 -0.300574 0.649128 -0.698777 -0.300439 0.649177 -0.698789 -0.321150 0.672520 -0.666768 -0.321727 0.672381 -0.666630 -0.285079 0.652808 -0.701834 -0.284993 0.652852 -0.701829 -0.297344 0.671211 -0.679015 -0.297607 0.671034 -0.679076 -0.349939 0.684337 -0.639707 -0.350645 0.683703 -0.639999 -0.437058 0.676915 -0.592256 -0.438341 0.675358 -0.593084 -0.545742 0.639847 -0.541075 -0.547231 0.637319 -0.542552 0.368362 0.752549 0.545875 0.366146 0.754755 0.544318 0.496939 0.714360 0.492689 0.499163 0.711277 0.494894 0.265783 0.753269 0.601619 0.264480 0.754237 0.600980 0.198777 0.731524 0.652197 0.198088 0.731904 0.651980 0.176042 0.702030 0.690046 0.175882 0.702094 0.690021 0.176654 0.687833 0.704044 0.176634 0.687839 0.704044 0.191587 0.696982 0.691021 
						0.191676 0.696970 0.691009 0.207886 0.732550 0.648193 0.208064 0.732545 0.648142 0.205677 0.790551 0.576824 0.206003 0.790571 0.576680 0.179203 0.860205 0.477423 0.180139 0.860327 0.476853 0.127502 0.927851 0.350480 0.128996 0.928084 0.349313 0.048297 0.977650 0.204619 0.049834 0.977868 0.203203 -0.052288 0.997286 0.051841 -0.050650 0.997453 0.050217 -0.151617 0.982636 -0.106951 -0.149774 0.982723 -0.108739 -0.237042 0.935940 -0.260439 -0.235398 0.935958 -0.261859 -0.302917 0.867073 -0.395506 -0.301571 0.867102 -0.396471 -0.336839 0.790399 -0.511673 -0.335642 0.790479 -0.512335 -0.343224 0.720794 -0.602207 -0.342190 0.720944 -0.602616 0.154023 -0.693570 -0.703731 0.153965 -0.693585 -0.703730 0.173588 -0.699358 -0.693373 0.173738 -0.699339 -0.693354 0.158821 -0.708788 -0.687311 0.158860 -0.708772 -0.687317 0.192879 -0.734758 -0.650329 0.193440 -0.734453 -0.650508 0.262711 -0.755547 -0.600110 0.264325 -0.754352 -0.600904 0.371585 -0.749317 -0.548132 0.373971 -0.746906 -0.549798 0.496531 -0.714923 -0.492283 0.498628 -0.712022 -0.494362 -0.478537 -0.623494 0.618270 -0.477342 -0.625127 0.617544 -0.576291 -0.584325 0.571361 -0.577691 -0.581577 0.572749 -0.393537 -0.643256 0.656773 -0.393055 -0.643731 0.656595 -0.343320 -0.638802 0.688523 -0.343215 -0.638878 0.688504 -0.330542 -0.628833 0.703784 -0.330656 -0.628770 0.703786 -0.341002 -0.633694 0.694370 -0.341088 -0.633660 0.694359 -0.353009 -0.664419 0.658736 -0.353558 -0.664271 0.658590 -0.368849 -0.716768 0.591772 -0.369841 -0.716600 0.591356 -0.357393 -0.788781 0.500094 -0.358419 -0.788689 0.499506 -0.319493 -0.866519 0.383497 -0.320948 -0.866452 0.382430 -0.253568 -0.935506 0.246032 -0.255365 -0.935431 0.244452 -0.163798 -0.981900 0.095097 -0.165632 -0.981764 0.093306 -0.062783 -0.996084 -0.062246 -0.064399 -0.995880 -0.063849 0.039545 -0.976326 -0.212659 
						0.037995 -0.976077 -0.214080 0.120037 -0.926634 -0.356287 0.118751 -0.926416 -0.357284 0.180083 -0.860319 -0.476886 0.178960 -0.860174 -0.477571 0.196990 -0.789974 -0.580634 0.196318 -0.789926 -0.580927 0.197174 -0.732835 -0.651211 0.197010 -0.732838 -0.651257 -0.009037 0.033727 0.999390 0.000000 0.141178 0.989984 0.000000 0.140942 0.990018 -0.008897 0.033206 0.999409 -0.429435 0.247934 -0.868398 -0.451906 0.451906 -0.769131 -0.448147 0.448146 -0.773518 -0.426780 0.246401 -0.870141 0.683884 0.683883 0.254181 0.779058 0.449787 0.436762 0.787059 0.454406 0.417197 0.688045 0.688044 0.230630 0.047012 -0.081427 0.995570 0.047620 -0.082481 0.995454 -0.331682 0.088874 -0.939196 -0.330533 0.088566 -0.939630 0.499060 0.864399 0.061263 0.499651 0.865423 0.037314 0.171526 -0.171526 0.970133 0.173925 -0.173925 0.969278 -0.182016 0.000000 -0.983296 -0.181899 0.000000 -0.983317 0.256797 0.958378 -0.124765 0.256014 0.955457 -0.146831 0.348200 -0.201033 0.915610 0.353613 -0.204157 0.912840 -0.183987 0.982929 0.000000 -0.280638 0.959814 -0.000000 -0.284364 0.958716 -0.000000 -0.189569 0.981867 0.000000 0.178272 0.178272 -0.967698 0.106810 0.061667 -0.992365 0.107548 0.062093 -0.992259 0.179183 0.179183 -0.967361 -0.000000 0.949980 -0.312310 -0.000000 0.943632 -0.330997 0.531006 -0.142283 0.835337 0.539359 -0.144521 0.829581 0.179726 0.311295 -0.933164 0.178733 0.309575 -0.933926 -0.225927 0.843172 -0.487871 -0.223943 0.835766 -0.501344 0.687391 0.000000 0.726288 0.697815 0.000000 0.716278 0.095046 0.354717 -0.930130 0.093689 0.349653 -0.932183 -0.384142 0.665354 -0.640109 -0.380602 0.659223 -0.648511 0.778285 0.208541 0.592269 0.788516 0.211282 0.577583 0.048664 0.181616 0.982165 0.048632 0.181496 0.982189 0.000000 0.949447 0.313926 -0.226081 0.843738 0.486821 -0.229502 0.856505 0.462308 
						0.000000 0.960216 0.279258 0.530665 -0.142191 -0.835570 0.705316 0.000000 -0.708893 0.680630 0.000000 -0.732628 0.509825 -0.136607 -0.849363 0.216099 0.374295 0.901779 0.123841 0.462176 0.878098 0.123899 0.462393 0.877976 0.215022 0.372429 0.902808 -0.388720 0.673282 0.628958 -0.394276 0.682905 0.614970 0.788742 0.211342 -0.577253 0.765348 0.205074 -0.610071 0.076687 0.286198 -0.955097 0.000000 0.233906 -0.972259 0.000000 0.236078 -0.971734 0.077268 0.288365 -0.954398 -0.464434 0.464434 0.754057 -0.470218 0.470218 0.746853 0.792091 0.457314 -0.404295 0.774958 0.447422 -0.446378 -0.025689 0.095872 -0.995062 -0.026241 0.097931 -0.994847 -0.438973 0.253441 0.862015 -0.442195 0.255302 0.859816 0.686871 0.686874 -0.237512 0.678036 0.678038 -0.283782 0.029433 -0.050980 -0.998266 0.026242 -0.045453 -0.998622 -0.338574 0.090721 0.936556 -0.338467 0.090692 0.936598 -0.188907 0.000000 0.981995 -0.027148 -0.007274 0.999605 -0.024603 -0.006592 0.999676 -0.186916 0.000000 0.982376 0.499471 0.865108 -0.046019 0.497738 0.862106 -0.095023 0.166387 -0.166388 -0.971921 0.157151 -0.157151 -0.974991 0.114627 0.066180 0.991202 0.112793 0.065121 0.991482 0.256220 0.956219 0.141411 0.257556 0.961205 0.098737 0.348174 -0.201018 -0.915624 0.335233 -0.193547 -0.922040 0.213486 0.213486 0.953335 0.209578 0.209578 0.955068 0.927440 0.373972 -0.000000 0.888736 0.458419 0.000000 0.881689 0.471830 0.000000 0.917522 0.397686 -0.000000 -0.011148 0.999938 0.000000 -0.090122 0.995931 0.000000 -0.094228 0.995551 0.000000 -0.015929 0.999873 0.000000 -0.180180 0.983634 0.000000 -0.274261 0.961655 0.000000 -0.272152 0.962254 0.000000 -0.183372 0.983044 0.000000 0.478902 0.877868 -0.000000 0.411732 0.911305 -0.000000 0.445174 0.895444 -0.000000 0.512910 0.858442 -0.000000 0.841123 0.540844 0.000000 
						0.840017 0.542561 0.000000 -0.366863 0.930275 -0.000000 -0.346796 0.937941 -0.000000 0.347988 0.937499 0.000000 0.375881 0.926668 0.000000 0.786022 0.618199 -0.000000 0.788012 0.615660 0.000000 -0.468098 0.883677 -0.000000 -0.437826 0.899060 -0.000000 0.283958 0.958837 -0.000000 0.305502 0.952192 -0.000000 0.732483 0.680785 -0.000000 0.743510 0.668725 -0.000000 -0.562862 0.826551 0.000000 -0.523084 0.852281 0.000000 0.213511 0.976941 -0.000000 0.229064 0.973412 -0.000000 0.668215 0.743968 0.000000 0.687360 0.726317 0.000000 -0.642990 0.765875 -0.000000 -0.600879 0.799340 -0.000000 0.137347 0.990523 0.000000 0.144455 0.989511 0.000000 0.609224 0.792998 -0.000000 0.635446 0.772146 -0.000000 0.973017 0.230734 0.000000 0.961420 0.275085 0.000000 0.954239 0.299046 0.000000 0.967202 0.254007 0.000000 0.063956 0.997953 -0.000000 0.062690 0.998033 -0.000000 0.541581 0.840648 0.000000 0.573809 0.818989 0.000000 0.508313 -0.136202 0.850334 0.687972 0.000000 0.725738 0.661654 0.000000 0.749810 0.486272 -0.130296 0.864038 0.238042 0.412301 -0.879400 0.140639 0.524867 -0.839485 0.139863 0.521973 -0.841417 0.236484 0.409603 -0.881079 -0.227785 0.850097 -0.474815 -0.388965 0.673707 -0.628351 -0.394978 0.684121 -0.613164 -0.231364 0.863457 -0.448233 0.777489 0.208327 0.593389 0.752337 0.201588 0.627177 0.104001 0.388134 0.915716 0.000000 0.333121 0.942884 0.000000 0.333460 0.942764 0.103984 0.388070 0.915745 -0.464112 0.464112 -0.754453 -0.469795 0.469796 -0.747385 0.785936 0.453761 0.420007 0.766964 0.442807 0.464422 -0.045325 0.169152 0.984547 -0.045639 0.170327 0.984330 -0.438909 0.253405 -0.862058 -0.442166 0.255285 -0.859836 0.685323 0.685325 0.246299 0.675576 0.675578 0.295283 0.002149 -0.003721 0.999991 -0.000780 0.001350 0.999999 -0.334564 0.089647 -0.938099 
						-0.334173 0.089542 -0.938249 -0.180505 0.000000 -0.983574 -0.012718 -0.003408 -0.999913 -0.009680 -0.002594 -0.999950 -0.177895 0.000000 -0.984049 0.499220 0.864674 0.055841 0.497175 0.861131 0.106166 0.137006 -0.137006 0.981050 0.127796 -0.127796 0.983533 0.138001 0.079675 -0.987222 0.135444 0.078199 -0.987694 0.256666 0.957885 -0.128759 0.257902 0.962498 -0.084168 0.320861 -0.185249 0.928833 0.307247 -0.177389 0.934950 0.239495 0.239495 -0.940896 0.235497 0.235497 -0.942912 0.000000 0.952160 -0.305600 0.000000 0.963080 -0.269216 -0.007468 0.999972 -0.000000 -0.082799 0.996566 -0.000000 -0.085022 0.996379 -0.000000 -0.010480 0.999945 0.000000 -0.169873 0.985466 -0.000000 -0.257750 0.966212 -0.000000 -0.254178 0.967157 0.000000 -0.171333 0.985213 -0.000000 0.463680 0.886003 -0.000000 0.406078 0.913838 0.000000 0.434263 0.900786 0.000000 0.492522 0.870300 -0.000000 0.861109 0.508420 -0.000001 0.817987 0.575236 -0.000000 0.815252 0.579106 -0.000000 0.853391 0.521271 -0.000001 -0.340613 0.940204 0.000000 -0.320991 0.947082 -0.000000 0.343419 0.939182 0.000000 0.370701 0.928752 0.000000 0.764379 0.644767 -0.000000 0.763776 0.645482 0.000000 -0.431474 0.902125 -0.000000 -0.401242 0.915972 -0.000000 0.274083 0.961706 0.000000 0.297335 0.954773 0.000000 0.713204 0.700957 -0.000000 0.720818 0.693124 -0.000000 -0.510364 0.859959 -0.000000 -0.464588 0.885527 -0.000000 0.202342 0.979315 0.000000 0.217721 0.976011 0.000000 0.649989 0.759944 -0.000000 0.665347 0.746535 -0.000000 -0.590957 0.806703 0.000000 -0.540028 0.841647 0.000000 0.136215 0.990679 0.000000 0.142684 0.989768 0.000000 0.593134 0.805104 0.000000 0.616144 0.787633 -0.000000 0.935908 0.352244 -0.000000 0.924592 0.380959 -0.000001 0.918092 0.396367 -0.000001 0.930924 0.365213 -0.000000 0.066660 0.997776 -0.000000 
						0.066470 0.997788 -0.000000 0.524757 0.851252 0.000000 0.554761 0.832010 -0.000000 0.895070 0.445926 -0.000001 0.885802 0.464064 -0.000001 0.662531 0.616462 -0.425472 0.634853 0.675628 -0.374818 0.641604 0.670734 -0.372103 0.658815 0.619632 -0.426637 -0.378730 0.828815 0.411861 -0.429103 0.832885 0.349533 -0.389920 0.858817 0.332260 -0.331567 0.855960 0.396731 0.155772 0.962595 0.221689 0.080142 0.949933 0.302001 0.073984 0.951252 0.299409 0.156907 0.962281 0.222252 0.594493 0.741181 -0.311815 0.610095 0.731523 -0.304399 0.817908 0.435724 -0.375727 0.784184 0.442486 -0.435042 0.771680 0.470358 -0.428105 0.808199 0.460612 -0.366950 0.010228 0.929514 0.368644 0.001708 0.930704 0.365768 0.546441 0.803945 -0.234677 0.567062 0.792750 -0.223578 0.754749 0.457519 -0.470138 0.736514 0.491072 -0.465184 -0.049483 0.905551 0.421342 -0.057908 0.906029 0.419235 0.481632 0.863477 -0.149790 0.505064 0.852268 -0.136201 0.732851 0.477613 -0.484578 0.710273 0.511860 -0.483230 -0.098778 0.882949 0.458960 -0.104017 0.882784 0.458119 -0.157941 0.863473 0.479029 -0.217785 0.846905 0.485100 -0.193633 0.852897 0.484843 -0.150204 0.864528 0.479615 0.406711 0.911745 -0.057503 0.427823 0.902748 -0.044864 0.714575 0.508939 -0.479963 0.692465 0.536664 -0.482166 -0.266067 0.837996 0.476415 -0.232222 0.850018 0.472803 0.324595 0.945080 0.038240 0.340362 0.939092 0.047548 0.688596 0.560374 -0.460236 0.675224 0.574101 -0.463121 -0.321127 0.832016 0.452357 -0.276560 0.852787 0.443023 0.239099 0.961893 0.132645 0.247879 0.958981 0.137516 -0.136913 0.990583 -0.000000 -0.219645 0.975580 0.000000 -0.209980 0.977706 -0.000000 -0.134599 0.990900 -0.000000 0.431860 0.901941 0.000000 0.374312 0.927303 -0.000000 0.412549 0.910935 -0.000000 0.468404 0.883514 0.000001 0.809940 0.586512 0.000000 
						0.767982 0.640472 0.000000 0.761508 0.648156 0.000000 0.796600 0.604507 0.000000 -0.049047 0.998796 -0.000000 -0.047448 0.998874 0.000000 -0.293765 0.955878 -0.000000 -0.261148 0.965299 -0.000000 0.318372 0.947966 -0.000000 0.348688 0.937239 -0.000000 0.711065 0.703126 0.000000 0.702596 0.711589 0.000000 -0.376005 0.926618 -0.000000 -0.343649 0.939098 -0.000000 0.265065 0.964231 0.000000 0.284919 0.958552 0.000000 0.661900 0.749593 -0.000000 0.666288 0.745695 0.000000 -0.429827 0.902911 -0.000000 -0.415835 0.909440 -0.000000 0.205392 0.978680 0.000000 0.215446 0.976516 0.000000 0.600304 0.799772 -0.000000 0.616288 0.787521 -0.000000 -0.446238 0.894914 -0.000000 -0.439908 0.898043 -0.000000 0.149064 0.988828 -0.000000 0.149484 0.988764 -0.000000 0.546929 0.837179 -0.000000 0.573587 0.819144 -0.000000 0.883946 0.467589 0.000001 0.871389 0.490593 0.000000 0.865794 0.500401 0.000000 0.883190 0.469016 0.000001 0.085036 0.996378 0.000000 0.075777 0.997125 -0.000000 0.485789 0.874076 0.000001 0.521486 0.853260 0.000001 0.842423 0.538817 0.000000 0.828076 0.560616 0.000000 0.018940 0.999821 -0.000000 0.010493 0.999945 -0.000000 0.048867 0.657055 -0.752257 -0.072980 0.728662 -0.680974 -0.058193 0.750508 -0.658294 0.068157 0.676221 -0.733539 -0.087161 0.912573 -0.399518 -0.222951 0.804769 -0.550126 -0.185717 0.778186 -0.599946 -0.072965 0.900983 -0.427674 0.661357 0.266723 0.701046 0.710662 0.414368 0.568559 0.568170 0.428873 0.702318 0.505500 0.306818 0.806432 0.429431 0.552348 0.714494 0.299706 0.538190 0.787736 0.295239 0.557372 0.775996 0.428221 0.582347 0.691013 -0.300404 0.667170 -0.681647 -0.230518 0.629684 -0.741862 0.701897 0.584238 0.407438 0.585926 0.584757 0.561026 0.218607 0.453935 0.863802 0.214534 0.463309 0.859837 -0.305901 0.525414 -0.793955 
						-0.221116 0.496444 -0.839435 0.613791 0.748635 0.250610 0.537208 0.747467 0.390770 0.218224 0.322811 0.920962 0.187437 0.368272 0.910628 -0.230820 0.409502 -0.882627 -0.165466 0.399495 -0.901679 -0.137396 0.352225 -0.925775 -0.036081 0.357858 -0.933079 0.024250 0.371992 -0.927919 -0.061851 0.354916 -0.932850 0.470955 0.878313 0.082264 0.424060 0.884049 0.196546 0.301444 0.200154 0.932239 0.217359 0.284956 0.933571 0.074892 0.437017 -0.896330 0.080009 0.439288 -0.894776 0.288118 0.954037 -0.082469 0.265065 0.964079 -0.017111 0.411173 0.157085 0.897920 0.308311 0.227762 0.923617 0.107336 0.552191 -0.826779 0.111699 0.555168 -0.824203 0.092280 0.965741 -0.242546 0.086482 0.969976 -0.227307 0.540670 0.178899 0.821992 0.401315 0.240577 0.883781 0.370838 0.928697 -0.000000 0.328265 0.944586 0.000000 0.334372 0.942441 -0.000000 0.365472 0.930822 0.000001 0.696950 0.717120 -0.000000 0.649548 0.760321 0.000000 0.594592 0.804028 -0.000001 0.619055 0.785348 0.000001 0.004766 0.999989 -0.000000 -0.049774 0.998760 0.000000 -0.002840 0.999996 -0.000000 0.051010 0.998698 -0.000000 -0.109387 0.993999 -0.000000 -0.185911 0.982567 0.000000 -0.070041 0.997544 0.000000 -0.044451 0.999012 -0.000000 0.293960 0.955818 -0.000000 0.305000 0.952352 -0.000000 0.614670 0.788784 0.000000 0.556388 0.830923 0.000001 -0.234033 0.972229 -0.000000 -0.092264 0.995735 0.000000 0.261577 0.965183 -0.000000 0.275670 0.961252 0.000000 0.568825 0.822459 0.000001 0.522081 0.852896 0.000001 -0.261702 0.965149 -0.000000 -0.103785 0.994600 0.000000 0.226444 0.974024 -0.000000 0.240938 0.970540 0.000000 0.511454 0.859311 -0.000000 0.478992 0.877819 -0.000000 -0.291618 0.956535 -0.000000 -0.117805 0.993037 0.000000 0.181430 0.983404 0.000000 0.200368 0.979721 0.000000 0.465174 0.885219 -0.000001 
						0.440761 0.897624 -0.000001 0.733057 0.680167 0.000000 0.736029 0.676950 0.000000 0.642406 0.766365 -0.000000 0.644495 0.764608 -0.000001 0.135051 0.990839 -0.000000 0.149704 0.988731 -0.000000 0.411078 0.911600 -0.000001 0.400651 0.916231 -0.000001 0.729556 0.683921 -0.000000 0.633009 0.774144 0.000000 0.079289 0.996852 0.000000 0.100684 0.994918 0.000000 0.284497 0.958677 0.000000 -0.197061 -0.980391 -0.000000 -0.241364 -0.970435 -0.000000 -0.232037 -0.972707 -0.000000 -0.183146 -0.983086 -0.000000 -0.493457 -0.869770 -0.000001 -0.547036 -0.837109 -0.000001 -0.541818 -0.840496 -0.000001 -0.490963 -0.871181 -0.000001 -0.066259 -0.017754 -0.997645 0.125365 -0.000000 -0.992111 0.123588 -0.000000 -0.992334 -0.066609 -0.017848 -0.997620 0.334555 -0.942376 0.000001 0.252731 -0.967536 0.000001 0.249363 -0.968410 0.000001 0.334122 -0.942530 0.000001 -0.148554 -0.988904 0.000000 -0.133982 -0.990984 0.000000 -0.443513 -0.896268 -0.000001 -0.443411 -0.896318 -0.000001 0.431618 -0.902056 0.000001 0.436238 -0.899831 0.000001 -0.102914 -0.994690 0.000000 -0.090378 -0.995908 0.000000 -0.397511 -0.917597 -0.000001 -0.397897 -0.917430 -0.000001 0.495693 -0.868498 0.000001 0.504166 -0.863607 0.000001 -0.061070 -0.998134 0.000001 -0.050380 -0.998730 0.000001 -0.352952 -0.935642 -0.000001 -0.351369 -0.936237 -0.000001 -0.766150 -0.642662 -0.000001 -0.834071 -0.551658 -0.000001 -0.811013 -0.585029 -0.000001 -0.738576 -0.674170 -0.000001 -0.014386 -0.999896 0.000001 -0.006851 -0.999977 0.000001 -0.310268 -0.950649 -0.000001 -0.306317 -0.951930 -0.000001 -0.677891 -0.735162 -0.000001 -0.655758 -0.754971 -0.000001 0.025692 -0.999670 0.000001 0.030151 -0.999545 0.000001 -0.274258 -0.961656 -0.000001 -0.268715 -0.963220 -0.000001 -0.605446 -0.795887 -0.000001 -0.594534 -0.804070 -0.000001 0.074677 -0.997208 0.000001 0.076833 -0.997044 0.000001 
						0.125130 -0.992140 0.000001 0.123942 -0.992290 0.000001 -0.092399 0.995722 0.000000 -0.097506 0.995235 0.000000 0.161495 -0.986874 0.000000 0.596386 -0.802698 -0.000000 0.571823 -0.820377 -0.000000 0.129173 -0.991622 0.000000 -0.009340 0.999956 0.000000 -0.014952 0.999888 0.000000 0.240658 -0.970610 -0.000000 -0.176705 -0.984264 0.000000 -0.175638 -0.984455 0.000000 0.240521 -0.970644 -0.000000 0.951415 0.307911 -0.000000 0.908608 0.417650 -0.000000 0.905332 0.424705 -0.000000 0.943802 0.330513 -0.000000 0.596101 -0.802909 -0.000001 0.596784 -0.802402 -0.000001 0.552040 0.833817 -0.000000 0.496774 0.867880 -0.000000 0.528597 0.848873 -0.000000 0.583825 0.811880 -0.000000 -0.778126 0.628108 -0.000001 -0.976512 0.215465 -0.000002 -0.973026 0.230695 -0.000002 -0.771485 0.636247 -0.000001 0.072552 0.997365 0.000000 0.070950 0.997480 0.000000 -0.682044 0.731311 -0.000001 -0.308150 0.951338 0.000000 -0.333922 0.942601 0.000000 -0.698507 0.715603 -0.000001 0.985153 0.171681 0.000000 0.979701 0.200465 0.000000 -0.716875 -0.697202 -0.000001 -0.308078 -0.951361 -0.000000 -0.338960 -0.940801 -0.000000 -0.737775 -0.675047 -0.000001 0.620166 0.784471 0.000000 0.649781 0.760122 -0.000000 0.997438 0.071542 0.000001 0.936790 -0.349892 0.000001 0.944760 -0.327763 0.000001 0.995204 0.097821 0.000001 0.154233 0.988034 0.000000 0.159314 0.987228 0.000000 0.062181 0.998065 -0.000000 -0.376888 0.926259 -0.000000 -0.372061 0.928208 -0.000000 0.062505 0.998045 -0.000000 0.993716 0.111933 -0.000000 0.989514 0.144435 -0.000000 0.153266 0.988185 -0.000000 0.562426 0.826847 -0.000001 0.536183 0.844102 -0.000001 0.123071 0.992398 -0.000000 0.682639 0.730756 0.000000 0.704434 0.709770 -0.000000 0.801370 -0.598168 -0.000000 0.956982 -0.290146 0.000000 0.954702 -0.297563 0.000000 0.797823 -0.602892 -0.000000 
						0.222343 0.974968 -0.000000 0.235916 0.971773 -0.000000 0.673131 -0.739523 0.000000 0.325902 -0.945404 -0.000000 0.336875 -0.941549 -0.000000 0.685712 -0.727873 0.000000 -0.624448 0.781066 0.000000 -0.712164 0.702013 0.000000 -0.670014 0.742348 0.000000 -0.577959 0.816066 0.000000 0.822141 0.569284 0.000000 0.496072 0.868281 -0.000000 0.495971 0.868339 -0.000000 0.823414 0.567441 0.000000 0.747149 0.664657 -0.000000 0.760970 0.648787 0.000000 -0.972973 -0.230917 -0.000000 -0.991782 0.127938 -0.000001 -0.991777 0.127982 -0.000001 -0.972962 -0.230966 -0.000000 0.288901 0.957359 -0.000000 0.310717 0.950502 -0.000000 -0.999994 -0.003462 0.000001 -0.979643 -0.200749 0.000001 -0.980239 -0.197817 0.000001 -1.000000 -0.000749 0.000001 -0.495440 0.868643 0.000000 -0.460369 0.887728 -0.000000 -0.111996 -0.993709 0.000000 -0.523763 -0.851864 -0.000001 -0.520950 -0.853587 -0.000001 -0.103698 -0.994609 0.000000 0.802115 0.597169 0.000000 0.807518 0.589842 0.000000 0.999515 0.031126 -0.000000 0.859449 0.511221 0.000001 0.864646 0.502381 0.000001 0.999933 0.011561 -0.000000 0.353009 0.935620 -0.000000 0.383378 0.923591 -0.000000 0.999972 -0.007510 0.000001 0.985583 -0.169195 -0.000000 0.985977 -0.166884 -0.000000 0.999980 -0.006331 0.000001 -0.380174 0.924915 -0.000000 -0.367796 0.929906 -0.000000 -0.692106 0.721796 0.000002 -0.934686 0.355474 0.000002 -0.933720 0.358003 0.000002 -0.690794 0.723051 0.000002 0.857328 0.514771 -0.000000 0.860191 0.509973 0.000000 -0.857292 -0.514831 -0.000000 -0.996743 -0.080648 -0.000001 -0.995772 -0.091863 -0.000001 -0.853738 -0.520703 -0.000000 0.426650 0.904417 -0.000000 0.463217 0.886245 -0.000000 0.899895 -0.436107 -0.000001 0.888525 -0.458828 -0.000001 0.860020 -0.510261 -0.000001 0.861441 -0.507857 -0.000001 -0.021404 -0.005735 -0.999754 -0.021256 -0.005696 -0.999758 
						-0.966624 -0.256200 -0.000002 -0.972525 -0.232800 -0.000002 -0.941224 0.337784 -0.000002 -0.946877 0.321595 -0.000002 -0.065707 -0.017606 -0.997684 0.134413 -0.000000 -0.990925 0.128430 -0.000000 -0.991719 -0.065812 -0.017634 -0.997676 0.327738 -0.087817 -0.940678 0.468711 -0.270611 -0.840880 0.444447 -0.256602 -0.858267 0.311872 -0.083566 -0.946442 0.195402 -0.338447 0.920473 0.134963 -0.503689 0.853278 0.131844 -0.492050 0.860526 0.188742 -0.326912 0.926016 -0.613707 -0.613707 0.496716 -0.637628 -0.368133 0.676690 -0.649280 -0.374861 0.661751 -0.626293 -0.626293 0.464236 0.509047 -0.509047 -0.694076 0.484816 -0.484816 -0.727947 -0.000000 -0.608837 0.793296 -0.000000 -0.603955 0.797018 -0.562936 -0.150838 0.812620 -0.568516 -0.152334 0.808445 0.428305 -0.741847 -0.515964 0.412171 -0.713902 -0.566091 -0.164621 -0.614373 0.771651 -0.164571 -0.614189 0.771808 -0.401805 -0.000000 0.915725 -0.401260 -0.000000 0.915964 0.245320 -0.915548 -0.318733 0.239488 -0.893780 -0.379213 -0.144729 -0.540136 -0.829039 -0.256172 -0.443704 -0.858780 -0.256266 -0.443866 -0.858668 -0.144761 -0.540256 -0.828956 -0.199093 0.053347 0.978528 -0.196029 0.052526 0.979190 0.000000 -0.993577 -0.113157 0.000000 -0.984433 -0.175760 -0.285522 -0.285522 -0.914852 -0.285231 -0.285231 -0.915034 -0.009001 0.005197 0.999946 -0.008743 0.005048 0.999949 -0.257772 -0.962019 0.089853 -0.258686 -0.965429 0.032060 -0.216056 -0.124740 -0.968380 -0.214499 -0.123841 -0.968841 0.142163 -0.142164 0.979581 0.136911 -0.136911 0.981076 -0.477974 -0.827877 0.293530 -0.484764 -0.839638 0.244973 -0.320041 0.947404 0.000000 -0.320413 0.947278 0.000000 0.112851 0.993612 -0.000000 0.114865 0.993381 -0.000000 -0.576212 -0.817300 -0.000000 -0.574153 -0.818748 -0.000000 -0.955629 0.294573 -0.000001 -0.955585 0.294717 -0.000001 0.567656 0.823266 0.000000 0.571769 0.820414 0.000000 
						0.668025 -0.744139 -0.000001 0.663350 -0.748309 -0.000001 -0.815941 -0.578134 -0.000001 -0.815703 -0.578471 -0.000001 0.989278 0.146043 0.000001 0.990274 0.139129 0.000001 0.869251 0.494371 -0.000000 0.853895 0.520445 -0.000000 -0.634747 -0.366470 -0.680291 -0.553321 -0.148262 -0.819667 -0.559817 -0.150002 -0.814926 -0.645070 -0.372430 -0.667218 0.145437 -0.542779 -0.827188 -0.000000 -0.702781 -0.711406 -0.000000 -0.700977 -0.713184 0.143128 -0.534162 -0.833178 0.455557 -0.263016 0.850465 0.493671 -0.493671 0.715945 0.478397 -0.478398 0.736391 0.440825 -0.254510 0.860754 -0.610283 -0.610283 -0.505083 -0.619884 -0.619884 -0.481131 0.201436 -0.348899 -0.915256 0.198932 -0.344562 -0.917444 0.308751 -0.082730 0.947538 0.298627 -0.080017 0.951010 -0.475888 -0.824265 -0.306787 -0.481083 -0.833262 -0.272461 0.153819 -0.153819 -0.976053 0.151938 -0.151938 -0.976642 0.115314 -0.000000 0.993329 0.111351 -0.000000 0.993781 -0.257626 -0.961472 -0.095918 -0.258436 -0.964496 -0.054397 0.011256 -0.006499 -0.999915 0.011029 -0.006368 -0.999919 0.310440 -0.083182 -0.946947 0.305320 -0.081810 -0.948729 -0.323478 -0.323478 0.889227 -0.248865 -0.143683 0.957821 -0.248675 -0.143572 0.957887 -0.324055 -0.324055 0.888807 0.000000 -0.992798 0.119802 0.000000 -0.986428 0.164195 -0.185909 0.049814 -0.981303 -0.185294 0.049649 -0.981428 -0.298744 -0.517441 0.801877 -0.298161 -0.516431 0.802745 0.243536 -0.908889 0.338542 0.239542 -0.893984 0.378697 -0.391491 -0.000000 -0.920182 -0.393155 -0.000000 -0.919472 -0.165678 -0.618319 0.768266 -0.164759 -0.614891 0.771209 0.422736 -0.732202 0.534018 0.412198 -0.713949 0.566012 -0.184964 -0.690297 -0.699485 -0.186661 -0.696628 -0.692724 -0.257627 -0.961476 0.095872 -0.475582 -0.823735 0.308679 -0.479219 -0.830036 0.285289 -0.258206 -0.963638 0.068780 -0.000007 0.000004 1.000000 0.137804 -0.137804 0.980826 
						0.136505 -0.136505 0.981190 -0.000094 0.000054 1.000000 -0.282016 -0.282017 -0.917024 -0.213431 -0.123225 -0.969156 -0.213538 -0.123286 -0.969124 -0.282589 -0.282590 -0.916671 0.000000 -0.992482 -0.122387 0.000000 -0.988598 -0.150578 -0.186943 0.050091 0.981093 -0.187195 0.050159 0.981041 -0.261075 -0.452196 -0.852853 -0.260601 -0.451375 -0.853433 0.243358 -0.908224 -0.340449 0.240871 -0.898944 -0.365898 -0.384278 -0.000000 0.923217 -0.386414 -0.000000 0.922325 -0.142704 -0.532577 -0.834264 -0.141920 -0.529653 -0.836258 0.420224 -0.727851 -0.541890 0.413724 -0.716592 -0.561541 -0.542096 -0.145254 0.827667 -0.547173 -0.146615 0.824079 0.000000 -0.625969 0.779848 -0.160054 -0.597330 0.785862 -0.161758 -0.603688 0.780638 0.000000 -0.627320 0.778761 0.491770 -0.491771 -0.718557 0.482617 -0.482618 -0.730863 -0.624643 -0.360637 0.692649 -0.632074 -0.364926 0.683602 0.133149 -0.496920 0.857521 0.132094 -0.492983 0.859953 0.449962 -0.259786 -0.854427 0.441520 -0.254912 -0.860279 -0.606198 -0.606198 0.514829 -0.613150 -0.613150 0.498091 0.186755 -0.323471 0.927626 0.184951 -0.320346 0.929070 0.186085 -0.982534 0.000001 0.183224 -0.983071 0.000001 -0.092409 -0.024761 0.995413 -0.093411 -0.025030 0.995313 -0.707979 -0.706233 0.000000 -0.760905 -0.648864 0.000000 -0.657430 -0.753516 0.000000 -0.627068 -0.778964 -0.000000 -0.029016 -0.999579 0.000000 -0.076598 -0.997062 0.000000 -0.103735 -0.994605 0.000000 -0.061375 -0.998115 0.000000 -0.314608 -0.949222 0.000000 -0.351499 -0.936188 0.000000 -0.319793 -0.947488 -0.000000 -0.279231 -0.960224 -0.000000 -0.639382 -0.768889 0.000000 -0.599731 -0.800201 -0.000000 0.010131 -0.999949 0.000000 -0.016492 -0.999864 0.000000 -0.272558 -0.962139 -0.000000 -0.241111 -0.970497 -0.000000 -0.584494 -0.811398 -0.000000 -0.573794 -0.819000 -0.000000 0.062084 -0.998071 0.000000 0.039201 -0.999231 0.000000 
						0.160315 -0.987066 -0.000000 0.105537 -0.994415 -0.000000 0.092101 -0.995750 0.000000 0.150671 -0.988584 0.000000 -0.231662 -0.972796 -0.000000 -0.210181 -0.977663 -0.000000 -0.533434 -0.845842 0.000000 -0.527200 -0.849741 -0.000000 0.212054 -0.977258 -0.000000 0.201628 -0.979462 0.000000 -0.197116 -0.980380 -0.000000 -0.187514 -0.982262 -0.000000 -0.479630 -0.877471 -0.000000 -0.471069 -0.882096 -0.000000 0.270120 -0.962827 -0.000000 0.246337 -0.969184 0.000000 -0.159058 -0.987269 -0.000000 -0.163767 -0.986499 0.000000 -0.432734 -0.901522 -0.000000 -0.421295 -0.906924 -0.000000 0.327514 -0.944846 -0.000000 0.273647 -0.961830 0.000000 -0.115893 -0.993262 0.000000 -0.136192 -0.990682 0.000000 -0.391633 -0.920122 -0.000000 -0.370299 -0.928913 -0.000000 0.366599 -0.930379 -0.000000 0.292551 -0.956250 0.000000 -0.201869 -0.979412 0.000000 0.122102 -0.704825 0.698794 0.097257 -0.706223 0.701278 0.097552 -0.706163 0.701297 0.122591 -0.704782 0.698751 0.094509 -0.731672 0.675074 0.094028 -0.731829 0.674970 0.125575 -0.768817 0.627018 0.123925 -0.769587 0.626401 0.193784 -0.802555 0.564228 0.190951 -0.804324 0.562673 0.296728 -0.817326 0.493894 0.293448 -0.819987 0.491436 -0.630493 -0.639674 -0.439655 -0.517835 -0.684296 -0.513405 -0.521174 -0.679252 -0.516715 -0.632833 -0.634966 -0.443104 -0.418903 -0.698351 -0.580367 -0.422021 -0.694748 -0.582429 -0.359936 -0.675264 -0.643789 -0.361381 -0.673936 -0.644371 -0.336702 -0.643646 -0.687278 -0.337348 -0.643177 -0.687401 -0.343124 -0.621817 -0.703995 -0.343487 -0.621612 -0.703999 -0.372129 -0.620808 -0.690013 -0.372156 -0.620796 -0.690009 -0.403171 -0.649865 -0.644304 -0.402821 -0.649975 -0.644413 -0.422016 -0.706420 -0.568220 -0.421385 -0.706559 -0.568515 -0.414085 -0.781872 -0.466058 -0.412820 -0.782067 -0.466852 -0.377985 -0.861520 -0.338984 -0.375654 -0.861814 -0.340825 -0.311281 -0.930324 -0.193909 
						-0.308884 -0.930657 -0.196133 -0.211362 -0.976224 -0.048091 -0.209186 -0.976583 -0.050266 -0.102073 -0.989616 0.101200 -0.099591 -0.990117 0.098740 0.001499 -0.968962 0.247204 0.004279 -0.969589 0.244703 0.083448 -0.919488 0.384160 0.086203 -0.920094 0.382095 0.137131 -0.853713 0.502364 0.139623 -0.854154 0.500926 0.153821 -0.786076 0.598684 0.155968 -0.786310 0.597821 0.143281 -0.732887 0.665091 0.144392 -0.732909 0.664827 0.124281 -0.704631 -0.698605 0.114800 -0.702574 -0.702290 0.114749 -0.702585 -0.702287 0.124570 -0.704605 -0.698580 0.123799 -0.721705 -0.681041 0.123568 -0.721786 -0.680996 0.165219 -0.749384 -0.641191 0.164254 -0.749878 -0.640861 0.251689 -0.763586 -0.594633 0.249938 -0.764845 -0.593754 0.355693 -0.764975 -0.536932 0.353850 -0.766746 -0.535621 -0.663168 -0.565882 0.489884 -0.548855 -0.634544 0.544161 -0.550666 -0.631426 0.545956 -0.664597 -0.562179 0.492204 -0.448583 -0.662718 0.599648 -0.449852 -0.661125 0.600456 -0.377344 -0.658975 0.650664 -0.377740 -0.658597 0.650817 -0.351995 -0.632357 0.690090 -0.352005 -0.632349 0.690092 -0.352498 -0.616477 0.704061 -0.352596 -0.616421 0.704061 -0.370348 -0.621568 0.690287 -0.370359 -0.621563 0.690285 -0.390638 -0.653712 0.648122 -0.390372 -0.653792 0.648201 -0.407089 -0.709603 0.575101 -0.406548 -0.709715 0.575346 -0.398047 -0.784202 0.476011 -0.397335 -0.784298 0.476446 -0.362888 -0.863278 0.350803 -0.361575 -0.863415 0.351820 -0.299839 -0.931819 0.204476 -0.298166 -0.932017 0.206010 -0.208530 -0.976689 0.050923 -0.206940 -0.976944 0.052511 -0.104065 -0.989205 -0.103175 -0.102563 -0.989515 -0.101686 -0.002369 -0.968067 -0.250680 -0.000712 -0.968454 -0.249192 0.073555 -0.917220 -0.391532 0.075178 -0.917602 -0.390328 0.127948 -0.852026 -0.507622 0.129320 -0.852284 -0.506841 0.142858 -0.784815 -0.603039 0.143796 -0.784927 -0.602670 0.142770 -0.732875 -0.665215 
						0.143183 -0.732884 -0.665116 -0.184842 0.697902 -0.691929 -0.204745 0.680154 -0.703897 -0.204689 0.680169 -0.703898 -0.184895 0.697895 -0.691922 -0.242473 0.673394 -0.698389 -0.242268 0.673489 -0.698369 -0.302760 0.667542 -0.680239 -0.301976 0.668076 -0.680063 -0.392895 0.643888 -0.656537 -0.391558 0.645206 -0.656042 -0.481482 0.619445 -0.620051 -0.480283 0.621099 -0.619326 0.731614 0.106124 0.673408 0.701510 0.155407 0.695509 0.701537 0.155162 0.695536 0.731586 0.105554 0.673528 0.675195 0.221761 0.703516 0.675175 0.221826 0.703514 0.659641 0.271341 0.700891 0.659625 0.271373 0.700893 0.659784 0.314023 0.682696 0.659515 0.314410 0.682778 0.678873 0.355986 0.642188 0.678505 0.356390 0.642353 0.691652 0.424677 0.584181 0.691582 0.424737 0.584220 0.691443 0.513025 0.508637 0.691131 0.513237 0.508847 0.678281 0.609818 0.409948 0.677956 0.610003 0.410209 0.632526 0.714215 0.299680 0.632389 0.714283 0.299807 0.559757 0.809890 0.175358 0.559510 0.810005 0.175612 0.460535 0.886547 0.044058 0.460318 0.886648 0.044294 0.342354 0.935458 -0.087816 0.342133 0.935561 -0.087578 0.221613 0.950059 -0.219717 0.221626 0.950053 -0.219729 0.100885 0.936144 -0.336833 0.101042 0.936079 -0.336967 0.002422 0.895123 -0.445812 0.002544 0.895081 -0.445896 -0.073848 0.840185 -0.537247 -0.073726 0.840155 -0.537312 -0.126501 0.782735 -0.609363 -0.126243 0.782701 -0.609461 -0.167163 0.733144 -0.659209 -0.166991 0.733143 -0.659253 
					</float_array>
					<technique_common>
						<accessor count="1779" offset="0" source="#meshId0-bitangents-array" stride="3">
							<param name="X" type="float" />
							<param name="Y" type="float" />
							<param name="Z" type="float" />
						</accessor>
					</technique_common>
				</source>
				<source id="meshId0-tex0" name="meshId0-tex0">
					<float_array id="meshId0-tex0-array" count="3558"> 
						0.340744 0.914806 0.344876 0.907689 0.378235 0.927496 0.374827 0.934123 0.605842 0.702942 0.600878 0.707521 0.576896 0.686406 0.580732 0.680842 0.600903 0.915507 0.596009 0.910724 0.616146 0.885447 0.621954 0.889065 0.410168 0.942604 0.407574 0.949438 0.548980 0.671087 0.551524 0.664833 0.630298 0.856439 0.636708 0.858684 0.443165 0.952902 0.441701 0.959963 0.518429 0.662089 0.519569 0.655461 0.637864 0.825492 0.644584 0.826336 0.477003 0.957098 0.476894 0.964170 0.487736 0.689397 0.486843 0.663268 0.517824 0.665453 0.513071 0.691381 0.454339 0.657671 0.455840 0.664043 0.426372 0.673538 0.423810 0.667504 0.638653 0.793479 0.645385 0.792838 0.509962 0.954728 0.511183 0.961604 0.398500 0.688046 0.394991 0.682396 0.632306 0.762241 0.638717 0.760154 0.541785 0.946144 0.544341 0.952601 0.372260 0.706822 0.368032 0.701516 0.619633 0.733204 0.625438 0.729825 0.570912 0.931085 0.574744 0.936813 0.346051 0.729737 0.341232 0.724034 0.594456 0.774155 0.604194 0.771059 0.608948 0.796006 0.598919 0.796887 0.527119 0.907538 0.530803 0.917356 0.505060 0.924198 0.503429 0.913435 0.400838 0.739369 0.393126 0.731273 0.414489 0.714075 0.420645 0.723019 
						0.584975 0.753100 0.593724 0.748045 0.548658 0.896833 0.554383 0.905726 0.382152 0.760217 0.373571 0.752128 0.571574 0.734258 0.579065 0.727445 0.567263 0.882077 0.574521 0.889319 0.403575 0.886369 0.396290 0.897046 0.370457 0.877286 0.379329 0.866196 0.554062 0.718974 0.559945 0.710510 0.582017 0.863750 0.590711 0.869367 0.428083 0.901021 0.423027 0.912054 0.533614 0.707803 0.537443 0.698373 0.488039 0.699622 0.487736 0.689397 0.513071 0.691381 0.511318 0.701295 0.592745 0.842782 0.602459 0.846331 0.453296 0.910354 0.450560 0.921382 0.464593 0.702745 0.462196 0.692549 0.598323 0.820089 0.608444 0.821385 0.478586 0.914481 0.478026 0.925337 0.441929 0.710482 0.437577 0.700971 0.438658 0.880607 0.428083 0.901021 0.403575 0.886369 0.419112 0.866602 0.526224 0.725763 0.533614 0.707803 0.554062 0.718974 0.543037 0.734705 0.488694 0.719251 0.488039 0.699622 0.511318 0.701295 0.507867 0.720685 0.574425 0.835962 0.592745 0.842782 0.582017 0.863750 0.565818 0.853148 0.459266 0.889228 0.453296 0.910354 0.469299 0.721936 0.464593 0.702745 0.578994 0.817451 0.598323 0.820089 0.480093 0.893181 0.478586 0.914481 0.450656 0.729136 0.441929 0.710482 
						0.579375 0.798513 0.598919 0.796887 0.500703 0.893120 0.503429 0.913435 0.432989 0.739925 0.420645 0.723019 0.575934 0.779916 0.594456 0.774155 0.520192 0.888373 0.527119 0.907538 0.417281 0.755078 0.400838 0.739369 0.568480 0.762513 0.584975 0.753100 0.538123 0.880042 0.548658 0.896833 0.403691 0.773514 0.382152 0.760217 0.557189 0.747356 0.571574 0.734258 0.553346 0.867919 0.567263 0.882077 0.379329 0.866196 0.401245 0.848029 0.517481 0.880633 0.520192 0.888373 0.500703 0.893120 0.499684 0.884707 0.424233 0.761049 0.417281 0.755078 0.432989 0.739925 0.438473 0.746820 0.561668 0.766446 0.568480 0.762513 0.575934 0.779916 0.568443 0.782224 0.533817 0.873096 0.538123 0.880042 0.411652 0.779429 0.403691 0.773514 0.551456 0.752637 0.557189 0.747356 0.547772 0.862202 0.553346 0.867919 0.426102 0.858791 0.419112 0.866602 0.401245 0.848029 0.409999 0.840290 0.538537 0.741211 0.543037 0.734705 0.559111 0.848758 0.565818 0.853148 0.443461 0.872242 0.438658 0.880607 0.523313 0.733083 0.526224 0.725763 0.489032 0.727272 0.488694 0.719251 0.507867 0.720685 0.506561 0.728455 0.566985 0.833228 0.574425 0.835962 0.461951 0.880618 0.459266 0.889228 
						0.471422 0.729882 0.469299 0.721936 0.571186 0.816424 0.578994 0.817451 0.480911 0.884616 0.480093 0.893181 0.454454 0.736559 0.450656 0.729136 0.571599 0.799167 0.579375 0.798513 0.533817 0.873096 0.517481 0.880633 0.494746 0.804275 0.411652 0.779429 0.424233 0.761049 0.538537 0.741211 0.551456 0.752637 0.499684 0.884707 0.480911 0.884616 0.438473 0.746820 0.454454 0.736559 0.461951 0.880618 0.443461 0.872242 0.559111 0.848758 0.547772 0.862202 0.561668 0.766446 0.568443 0.782224 0.471422 0.729882 0.489032 0.727272 0.506561 0.728455 0.523313 0.733083 0.566985 0.833228 0.426102 0.858791 0.409999 0.840290 0.571186 0.816424 0.571599 0.799167 0.278438 0.756410 0.291382 0.749220 0.302948 0.776628 0.288828 0.780894 0.115535 0.705375 0.109748 0.691278 0.138533 0.682387 0.141530 0.697024 0.214870 0.950077 0.217184 0.956548 0.184754 0.964150 0.183825 0.957231 0.153196 0.938922 0.151912 0.954726 0.120247 0.948914 0.124657 0.933477 0.308428 0.806185 0.293585 0.807193 0.168054 0.679251 0.168223 0.693936 0.089583 0.937380 0.096874 0.922348 0.307182 0.836210 0.292492 0.833942 0.197695 0.681920 0.194792 0.696353 0.059960 0.920548 0.069804 0.906116 
						0.299387 0.865286 0.285468 0.859835 0.225940 0.690698 0.220134 0.704128 0.029855 0.899175 0.043630 0.884538 0.285371 0.892038 0.272990 0.883685 0.251683 0.705106 0.243187 0.717121 0.045574 0.758878 0.031382 0.746972 0.056848 0.724231 0.067411 0.736524 0.266021 0.915196 0.255536 0.904291 0.274003 0.724957 0.262969 0.734823 0.082398 0.705553 0.090743 0.718643 0.241801 0.933809 0.233884 0.920872 0.213826 0.947082 0.208826 0.932495 0.547678 0.674204 0.537443 0.698373 0.320363 0.838171 0.316836 0.837636 0.318132 0.805448 0.322046 0.805171 0.574926 0.689216 0.559945 0.710510 0.520276 0.651471 0.519569 0.655461 0.486478 0.653295 0.486348 0.649423 0.423027 0.912054 0.411525 0.939127 0.380081 0.924102 0.396290 0.897046 0.454339 0.657671 0.453506 0.653963 0.590711 0.869367 0.613209 0.883591 0.593555 0.908297 0.574521 0.889319 0.259345 0.694245 0.257201 0.697246 0.229676 0.681894 0.231054 0.678691 0.598382 0.709794 0.579065 0.727445 0.649450 0.792475 0.645385 0.792838 0.638717 0.760154 0.642348 0.758987 0.347394 0.904245 0.370457 0.877286 0.315762 0.772727 0.312194 0.773788 0.299798 0.744453 0.302878 0.742732 0.569028 0.928190 0.554383 0.905726 
						0.576945 0.940176 0.574744 0.936813 0.600903 0.915507 0.603656 0.918231 0.616672 0.734902 0.593724 0.748045 0.200264 0.668769 0.199509 0.672541 0.167918 0.669665 0.167906 0.665999 0.373571 0.752128 0.348826 0.732368 0.374470 0.709584 0.393126 0.731273 0.640439 0.860034 0.636708 0.858684 0.644584 0.826336 0.648383 0.826839 0.540509 0.942849 0.530803 0.917356 0.048217 0.713358 0.050487 0.716315 0.023867 0.738647 0.021664 0.735111 0.629089 0.763251 0.604194 0.771059 0.511849 0.965485 0.511183 0.961604 0.544341 0.952601 0.545860 0.956496 0.400287 0.690937 0.414489 0.714075 0.135864 0.669520 0.136554 0.672948 0.106015 0.682278 0.104556 0.678666 0.509380 0.951275 0.505060 0.924198 0.339005 0.919142 0.340744 0.914806 0.374827 0.934123 0.372845 0.937996 0.635227 0.793780 0.608948 0.796006 0.052148 0.933305 0.054222 0.929842 0.085164 0.947032 0.083518 0.950701 0.427664 0.676609 0.437577 0.700971 0.440806 0.964183 0.441701 0.959963 0.476894 0.964170 0.476799 0.968286 0.477118 0.953517 0.478026 0.925337 0.275464 0.924943 0.272862 0.922219 0.293548 0.897447 0.296516 0.899433 0.634508 0.825043 0.608444 0.821385 0.392941 0.679021 0.394991 0.682396 
						0.368032 0.701516 0.365708 0.698475 0.456573 0.667282 0.462196 0.692549 0.116527 0.962799 0.117538 0.958954 0.151170 0.964956 0.150870 0.969058 0.443949 0.949291 0.450560 0.921382 0.608748 0.700264 0.605842 0.702942 0.580732 0.680842 0.583067 0.677505 0.627079 0.855264 0.602459 0.846331 0.312159 0.870207 0.308496 0.868782 0.423810 0.667504 0.422401 0.664102 0.486478 0.653295 0.486751 0.659936 0.284057 0.715850 0.281158 0.718457 0.625438 0.729825 0.628834 0.727847 0.218521 0.960362 0.224215 0.976865 0.187353 0.985340 0.185228 0.967817 0.275464 0.924943 0.287301 0.937314 0.258108 0.960314 0.249043 0.945506 0.048217 0.713358 0.038062 0.699846 0.066678 0.679590 0.075186 0.693903 0.259345 0.694245 0.269105 0.680619 0.296666 0.704654 0.284057 0.715850 0.296516 0.899433 0.310648 0.909051 0.021664 0.735111 0.010901 0.721789 0.231054 0.678691 0.237760 0.663428 0.312159 0.870207 0.327962 0.876503 0.052148 0.933305 0.042735 0.948778 0.010901 0.928231 0.020773 0.912975 0.200264 0.668769 0.203631 0.652535 0.320363 0.838171 0.337253 0.840900 0.083518 0.950701 0.076031 0.966905 0.167906 0.665999 0.167906 0.649423 0.322046 0.805171 0.339005 0.804077 
						0.116527 0.962799 0.111752 0.979983 0.135864 0.669520 0.132746 0.653220 0.315762 0.772727 0.332020 0.767927 0.150870 0.969058 0.149468 0.986680 0.104556 0.678666 0.098486 0.663206 0.302878 0.742732 0.317715 0.734592 0.184754 0.964150 0.185228 0.967817 0.217184 0.956548 0.218521 0.960362 0.552982 0.661300 0.551524 0.664833 0.341232 0.724034 0.339005 0.720502 0.247050 0.942245 0.249043 0.945506 0.020773 0.912975 0.022755 0.908898 0.406110 0.953260 0.407574 0.949438 0.077130 0.697117 0.075186 0.693903 0.625441 0.891264 0.621954 0.889065 0.214985 0.716158 0.218176 0.708674 0.240319 0.721170 0.235658 0.727759 0.057436 0.769664 0.050258 0.762701 0.071257 0.740768 0.077630 0.747588 0.261946 0.876254 0.268813 0.880866 0.252028 0.900605 0.246359 0.894676 0.259260 0.738144 0.253314 0.743522 0.093708 0.723123 0.098665 0.730406 0.231231 0.916486 0.226871 0.909291 0.274084 0.758823 0.267037 0.762793 0.117574 0.710154 0.120985 0.717842 0.207158 0.927565 0.204454 0.919622 0.284057 0.782324 0.276240 0.784690 0.142583 0.701987 0.144403 0.710071 0.243419 0.936455 0.247050 0.942245 0.154489 0.924917 0.153684 0.933568 0.126218 0.928206 0.128837 0.919496 
						0.288587 0.807533 0.280540 0.808118 0.168294 0.698935 0.168460 0.707167 0.099476 0.917224 0.103794 0.908933 0.287543 0.833177 0.279424 0.831944 0.193828 0.701240 0.192331 0.709135 0.073432 0.901129 0.079631 0.892862 0.280782 0.857996 0.273219 0.855062 0.048253 0.879877 0.055722 0.871252 0.294022 0.747736 0.299798 0.744453 0.312194 0.773788 0.305840 0.775765 0.108573 0.688437 0.106015 0.682278 0.136554 0.672948 0.137916 0.679420 0.151654 0.957962 0.151170 0.964956 0.117538 0.958954 0.119378 0.952056 0.318132 0.805448 0.311490 0.805968 0.167918 0.669665 0.168027 0.676235 0.085164 0.947032 0.088153 0.940450 0.316836 0.837636 0.310186 0.836670 0.199509 0.672541 0.198275 0.678974 0.054222 0.929842 0.058084 0.923499 0.308496 0.868782 0.302256 0.866405 0.229676 0.681894 0.227117 0.687960 0.022755 0.908898 0.027368 0.902091 0.293548 0.897447 0.287926 0.893741 0.257201 0.697246 0.253437 0.702654 0.028808 0.744530 0.023867 0.738647 0.050487 0.716315 0.054815 0.721710 0.272862 0.922219 0.268156 0.917415 0.281158 0.718457 0.276270 0.722917 0.077130 0.697117 0.080728 0.702857 0.181570 0.938659 0.183436 0.954092 0.179978 0.924836 0.180967 0.933433 
						0.094201 0.876159 0.079631 0.892862 0.055722 0.871252 0.076576 0.855232 0.256827 0.848564 0.273219 0.855062 0.261946 0.876254 0.247446 0.866371 0.208199 0.732012 0.214985 0.716158 0.235658 0.727759 0.225466 0.741791 0.078025 0.782906 0.057436 0.769664 0.077630 0.747588 0.092666 0.761803 0.246359 0.894676 0.234136 0.881662 0.253314 0.743522 0.240251 0.755192 0.098665 0.730406 0.109740 0.746153 0.226871 0.909291 0.217782 0.893923 0.198759 0.902258 0.204454 0.919622 0.179978 0.924836 0.178145 0.906524 0.267037 0.762793 0.251927 0.771361 0.120985 0.717842 0.128661 0.734852 0.154489 0.924917 0.156559 0.906008 0.276240 0.784690 0.259681 0.789611 0.144403 0.710071 0.148582 0.727548 0.128837 0.919496 0.134934 0.901029 0.280540 0.808118 0.263069 0.809270 0.168460 0.707167 0.168878 0.724668 0.103794 0.908933 0.113925 0.890925 0.279424 0.831944 0.262237 0.829240 0.192331 0.709135 0.189011 0.726348 0.173959 0.814053 0.181570 0.938659 0.180967 0.933433 0.207158 0.927565 0.208826 0.932495 0.153196 0.938922 0.153684 0.933568 0.124657 0.933477 0.126218 0.928206 0.096874 0.922348 0.099476 0.917224 0.069804 0.906116 0.073432 0.901129 0.043630 0.884538 
						0.048253 0.879877 0.067411 0.736524 0.071257 0.740768 0.050258 0.762701 0.045574 0.758878 0.090743 0.718643 0.093708 0.723123 0.115535 0.705375 0.117574 0.710154 0.141530 0.697024 0.142583 0.701987 0.168223 0.693936 0.168294 0.698935 0.194792 0.696353 0.193828 0.701240 0.220134 0.704128 0.218176 0.708674 0.243187 0.717121 0.240319 0.721170 0.262969 0.734823 0.259260 0.738144 0.278438 0.756410 0.274084 0.758823 0.288828 0.780894 0.284057 0.782324 0.293585 0.807193 0.288587 0.807533 0.292492 0.833942 0.287543 0.833177 0.285468 0.859835 0.280782 0.857996 0.272990 0.883685 0.268813 0.880866 0.255536 0.904291 0.252028 0.900605 0.233884 0.920872 0.231231 0.916486 0.183825 0.957231 0.183436 0.954092 0.213826 0.947082 0.214870 0.950077 0.151654 0.957962 0.151912 0.954726 0.119378 0.952056 0.120247 0.948914 0.088153 0.940450 0.089583 0.937380 0.058084 0.923499 0.059960 0.920548 0.027368 0.902091 0.029855 0.899175 0.054815 0.721710 0.056848 0.724231 0.031382 0.746972 0.028808 0.744530 0.080728 0.702857 0.082398 0.705553 0.108573 0.688437 0.109748 0.691278 0.137916 0.679420 0.138533 0.682387 0.168027 0.676235 0.168054 0.679251 0.198275 0.678974 
						0.197695 0.681920 0.227117 0.687960 0.225940 0.690698 0.253437 0.702654 0.251683 0.705106 0.276270 0.722917 0.274003 0.724957 0.294022 0.747736 0.291382 0.749220 0.305840 0.775765 0.302948 0.776628 0.311490 0.805968 0.308428 0.806185 0.310186 0.836670 0.307182 0.836210 0.302256 0.866405 0.299387 0.865286 0.287926 0.893741 0.285371 0.892038 0.268156 0.917415 0.266021 0.915196 0.243419 0.936455 0.241801 0.933809 0.486843 0.663268 0.486751 0.659936 0.518429 0.662089 0.517824 0.665453 0.456573 0.667282 0.455840 0.664043 0.427664 0.676609 0.426372 0.673538 0.400287 0.690937 0.398500 0.688046 0.374470 0.709584 0.372260 0.706822 0.348826 0.732368 0.346051 0.729737 0.380081 0.924102 0.378235 0.927496 0.344876 0.907689 0.347394 0.904245 0.411525 0.939127 0.410168 0.942604 0.443949 0.949291 0.443165 0.952902 0.477118 0.953517 0.477003 0.957098 0.509380 0.951275 0.509962 0.954728 0.540509 0.942849 0.541785 0.946144 0.569028 0.928190 0.570912 0.931085 0.593555 0.908297 0.596009 0.910724 0.613209 0.883591 0.616146 0.885447 0.627079 0.855264 0.630298 0.856439 0.634508 0.825043 0.637864 0.825492 0.635227 0.793780 0.638653 0.793479 0.629089 0.763251 
						0.632306 0.762241 0.616672 0.734902 0.619633 0.733204 0.598382 0.709794 0.600878 0.707521 0.574926 0.689216 0.576896 0.686406 0.547678 0.674204 0.548980 0.671087 0.727757 0.022563 0.691203 0.026205 0.690161 0.018508 0.727552 0.015063 0.855102 0.348167 0.879626 0.330671 0.883743 0.335543 0.858276 0.353639 0.933082 0.161542 0.922252 0.131026 0.928444 0.128193 0.939671 0.159946 0.762900 0.023411 0.763666 0.016099 0.828080 0.361127 0.830264 0.367047 0.937832 0.193121 0.944487 0.192805 0.797396 0.029288 0.799292 0.022247 0.799247 0.369288 0.800374 0.375461 0.936799 0.224362 0.943336 0.225233 0.829939 0.040781 0.832965 0.034314 0.798643 0.366130 0.769517 0.369153 0.769008 0.343816 0.793801 0.341052 0.710987 0.364738 0.740113 0.370610 0.739280 0.376762 0.709330 0.370730 0.930109 0.254895 0.936330 0.256954 0.859044 0.057226 0.863056 0.051461 0.682552 0.355180 0.680279 0.361036 0.917815 0.283330 0.923508 0.286482 0.884789 0.078215 0.889683 0.073307 0.653017 0.342374 0.650389 0.348748 0.900819 0.308866 0.905788 0.312949 0.905940 0.103163 0.911572 0.099252 0.651270 0.034279 0.649660 0.025783 0.901879 0.246005 0.892224 0.269624 0.883138 0.264758 
						0.892186 0.242958 0.841447 0.083549 0.862896 0.100843 0.855409 0.108709 0.835238 0.093032 0.694177 0.327370 0.670596 0.314834 0.675679 0.305188 0.698683 0.317738 0.877987 0.290498 0.870083 0.284189 0.880926 0.121089 0.872044 0.127545 0.665737 0.071953 0.698240 0.062569 0.701457 0.075569 0.670060 0.086196 0.860899 0.308858 0.854257 0.301286 0.894402 0.144198 0.884857 0.148731 0.729673 0.057370 0.730921 0.069912 0.840559 0.323759 0.835323 0.314942 0.903584 0.168937 0.893295 0.171711 0.760251 0.056774 0.759470 0.069046 0.817801 0.334481 0.814316 0.325037 0.793801 0.341052 0.769008 0.343816 0.768768 0.333675 0.791985 0.331294 0.908203 0.194954 0.897619 0.195686 0.789561 0.061422 0.786828 0.072800 0.743658 0.342563 0.745095 0.332227 0.907353 0.220995 0.897054 0.219727 0.816662 0.070529 0.812237 0.080876 0.718517 0.336927 0.721624 0.327020 0.730921 0.069912 0.759470 0.069046 0.758668 0.092738 0.734212 0.094700 0.835323 0.314942 0.814316 0.325037 0.807298 0.306473 0.825217 0.298045 0.791985 0.331294 0.768768 0.333675 0.768454 0.313598 0.788254 0.311572 0.893295 0.171711 0.897619 0.195686 0.877096 0.197352 0.873660 0.177160 0.786828 0.072800 
						0.782066 0.095374 0.745095 0.332227 0.748141 0.312196 0.897054 0.219727 0.876811 0.217535 0.812237 0.080876 0.803716 0.101810 0.721624 0.327020 0.728082 0.306956 0.892186 0.242958 0.872766 0.237030 0.835238 0.093032 0.823547 0.111482 0.698683 0.317738 0.708498 0.298571 0.883138 0.264758 0.865404 0.255404 0.855409 0.108709 0.840700 0.124609 0.675679 0.305188 0.689972 0.286888 0.870083 0.284189 0.854721 0.272097 0.872044 0.127545 0.855152 0.140140 0.670060 0.086196 0.701457 0.075569 0.709274 0.101095 0.684029 0.111722 0.854257 0.301286 0.841069 0.286308 0.884857 0.148731 0.866034 0.157966 0.823547 0.111482 0.840700 0.124609 0.834787 0.131133 0.818718 0.119319 0.708498 0.298571 0.689972 0.286888 0.694795 0.279043 0.712762 0.290585 0.865404 0.255404 0.854721 0.272097 0.848185 0.266957 0.858084 0.251592 0.855152 0.140140 0.848088 0.145504 0.684029 0.111722 0.709274 0.101095 0.713060 0.111614 0.689131 0.123083 0.841069 0.286308 0.835742 0.280195 0.866034 0.157966 0.858398 0.161772 0.734212 0.094700 0.736000 0.105011 0.825217 0.298045 0.820966 0.290878 0.873660 0.177160 0.865362 0.179475 0.758668 0.092738 0.758559 0.102859 0.807298 0.306473 
						0.804469 0.298744 0.788254 0.311572 0.768454 0.313598 0.768403 0.305208 0.786836 0.303538 0.877096 0.197352 0.868624 0.198027 0.782066 0.095374 0.780229 0.104787 0.748141 0.312196 0.749571 0.303646 0.876811 0.217535 0.868513 0.216635 0.803716 0.101810 0.800396 0.110373 0.728082 0.306956 0.730982 0.298822 0.872766 0.237030 0.864944 0.234649 0.820966 0.290878 0.804469 0.298744 0.799435 0.284871 0.813543 0.278334 0.786836 0.303538 0.768403 0.305208 0.768357 0.290148 0.784214 0.288755 0.865362 0.179475 0.868624 0.198027 0.853849 0.199364 0.850754 0.183780 0.758559 0.102859 0.780229 0.104787 0.777303 0.121677 0.758909 0.120510 0.749571 0.303646 0.752304 0.288648 0.868513 0.216635 0.853740 0.215087 0.800396 0.110373 0.794630 0.126124 0.730982 0.298822 0.736477 0.283940 0.864944 0.234649 0.850653 0.230428 0.818718 0.119319 0.810481 0.133209 0.712762 0.290585 0.721081 0.276477 0.858084 0.251592 0.844992 0.244930 0.834787 0.131133 0.824224 0.143145 0.694795 0.279043 0.706801 0.265552 0.848185 0.266957 0.836740 0.258004 0.848088 0.145504 0.835831 0.155045 0.689131 0.123083 0.713060 0.111614 0.720795 0.129923 0.702234 0.140860 0.835742 0.280195 
						0.826016 0.269140 0.858398 0.161772 0.844600 0.168855 0.736000 0.105011 0.739929 0.123217 0.810481 0.133209 0.824224 0.143145 0.807594 0.163086 0.797598 0.156545 0.721081 0.276477 0.706801 0.265552 0.726944 0.246177 0.736137 0.254231 0.844992 0.244930 0.836740 0.258004 0.817776 0.243222 0.823610 0.233983 0.835831 0.155045 0.816009 0.171199 0.702234 0.140860 0.720795 0.129923 0.735244 0.157660 0.723660 0.165904 0.826016 0.269140 0.810205 0.251123 0.844600 0.168855 0.822514 0.180667 0.739929 0.123217 0.747918 0.152254 0.813543 0.278334 0.801213 0.257448 0.850754 0.183780 0.827063 0.191042 0.758909 0.120510 0.760955 0.149578 0.799435 0.284871 0.791165 0.261977 0.784214 0.288755 0.768357 0.290148 0.768976 0.265222 0.780303 0.264576 0.853849 0.199364 0.829441 0.201949 0.777303 0.121677 0.773887 0.149589 0.752304 0.288648 0.757589 0.263730 0.853740 0.215087 0.829567 0.212981 0.794630 0.126124 0.786240 0.152018 0.736477 0.283940 0.746525 0.260036 0.850653 0.230428 0.827568 0.223775 0.780303 0.264576 0.768976 0.265222 0.769645 0.251955 0.778491 0.251483 0.827063 0.191042 0.829441 0.201949 0.816759 0.203469 0.814740 0.195073 0.760955 0.149578 
						0.773887 0.149589 0.772792 0.164369 0.762713 0.164606 0.791165 0.261977 0.786989 0.249743 0.757589 0.263730 0.760779 0.250638 0.829567 0.212981 0.816843 0.212016 0.786240 0.152018 0.782384 0.166007 0.746525 0.260036 0.752248 0.247425 0.827568 0.223775 0.815239 0.220308 0.797598 0.156545 0.791346 0.169007 0.736137 0.254231 0.744145 0.242998 0.823610 0.233983 0.812336 0.228215 0.807594 0.163086 0.799136 0.173965 0.726944 0.246177 0.737382 0.237178 0.817776 0.243222 0.807899 0.235426 0.816009 0.171199 0.805915 0.179923 0.723660 0.165904 0.735244 0.157660 0.743309 0.171607 0.734733 0.177543 0.810205 0.251123 0.801858 0.241393 0.822514 0.180667 0.810957 0.187215 0.747918 0.152254 0.752739 0.167189 0.801213 0.257448 0.794940 0.246436 0.744145 0.242998 0.737382 0.237178 0.752476 0.219973 0.756875 0.224697 0.812336 0.228215 0.807899 0.235426 0.793065 0.223577 0.795669 0.219728 0.799136 0.173965 0.805915 0.179923 0.791352 0.193563 0.787569 0.190372 0.734733 0.177543 0.743309 0.171607 0.755856 0.193089 0.750674 0.198206 0.801858 0.241393 0.789835 0.226939 0.810957 0.187215 0.794473 0.197278 0.752739 0.167189 0.761345 0.189625 0.794940 0.246436 
						0.785829 0.229432 0.814740 0.195073 0.796540 0.201574 0.762713 0.164606 0.766949 0.187548 0.786989 0.249743 0.781416 0.231229 0.778491 0.251483 0.769645 0.251955 0.771581 0.231801 0.776605 0.232108 0.816759 0.203469 0.797790 0.206095 0.772792 0.164369 0.772518 0.186543 0.760779 0.250638 0.766480 0.230572 0.816843 0.212016 0.798097 0.210761 0.782384 0.166007 0.777962 0.186714 0.752248 0.247425 0.761517 0.228283 0.815239 0.220308 0.797434 0.215396 0.791346 0.169007 0.782992 0.188156 0.796540 0.201574 0.797790 0.206095 0.788403 0.207677 0.787625 0.205127 0.766949 0.187548 0.772518 0.186543 0.773733 0.197629 0.770722 0.198480 0.781416 0.231229 0.776605 0.232108 0.776257 0.221961 0.779014 0.221675 0.771581 0.231801 0.766480 0.230572 0.770681 0.220704 0.773444 0.221660 0.798097 0.210761 0.788569 0.210315 0.777962 0.186714 0.776743 0.197493 0.761517 0.228283 0.768116 0.219041 0.797434 0.215396 0.788161 0.212917 0.782992 0.188156 0.779633 0.197988 0.756875 0.224697 0.765901 0.216749 0.795669 0.219728 0.787228 0.215377 0.787569 0.190372 0.782239 0.199115 0.752476 0.219973 0.764223 0.213791 0.793065 0.223577 0.785785 0.217579 0.791352 0.193563 
						0.784511 0.200728 0.750674 0.198206 0.755856 0.193089 0.765335 0.202519 0.763390 0.205615 0.789835 0.226939 0.783859 0.219402 0.794473 0.197278 0.786304 0.202781 0.761345 0.189625 0.767863 0.200120 0.785829 0.229432 0.781590 0.220813 0.776812 0.210040 0.958353 0.568776 0.952911 0.598850 0.938302 0.594597 0.943246 0.567702 0.814013 0.699671 0.783050 0.696426 0.786245 0.681181 0.814001 0.684339 0.797146 0.404134 0.831825 0.405161 0.830840 0.412238 0.797593 0.411408 0.733118 0.432133 0.765163 0.420318 0.769603 0.436504 0.740539 0.447731 0.957347 0.538220 0.942218 0.540368 0.844429 0.696665 0.841434 0.681830 0.701960 0.449452 0.712326 0.464824 0.949649 0.508308 0.935339 0.513704 0.873563 0.687559 0.867542 0.673665 0.669932 0.472505 0.684890 0.487483 0.935693 0.480487 0.922682 0.488991 0.900109 0.672545 0.891312 0.660296 0.698241 0.652870 0.671334 0.628460 0.686601 0.616353 0.709407 0.639846 0.915692 0.456226 0.904812 0.467401 0.922871 0.652335 0.911638 0.642109 0.724920 0.672270 0.733498 0.658695 0.890631 0.436613 0.882381 0.450103 0.940922 0.627329 0.927604 0.619850 0.753030 0.687010 0.759180 0.672511 0.861752 0.422902 0.856531 0.437899 
						0.830415 0.415514 0.828386 0.431511 0.826956 0.358157 0.817801 0.334481 0.967198 0.536874 0.959055 0.504847 0.962661 0.503482 0.970969 0.536322 0.853454 0.345378 0.840559 0.323759 0.769688 0.378529 0.800374 0.375461 0.801069 0.379147 0.769755 0.382027 0.727927 0.026357 0.762534 0.027142 0.760251 0.056774 0.729673 0.057370 0.739280 0.376762 0.738810 0.380415 0.919122 0.132477 0.929727 0.162386 0.903584 0.168937 0.894402 0.144198 0.905810 0.680600 0.930187 0.659036 0.933017 0.661588 0.907902 0.683529 0.877520 0.328219 0.860899 0.308858 0.923508 0.286482 0.936330 0.256954 0.940067 0.258168 0.926720 0.288246 0.691829 0.030240 0.698240 0.062569 0.962437 0.601716 0.968229 0.569543 0.971832 0.569806 0.966101 0.602817 0.903133 0.105162 0.880926 0.121089 0.928444 0.128193 0.911572 0.099252 0.914733 0.097041 0.932045 0.126542 0.898282 0.306818 0.877987 0.290498 0.846352 0.706351 0.877431 0.696616 0.879004 0.700250 0.847069 0.709876 0.652537 0.038494 0.665737 0.071953 0.943336 0.225233 0.944487 0.192805 0.948350 0.192590 0.947020 0.225701 0.882310 0.080750 0.862896 0.100843 0.691546 0.661170 0.719472 0.681042 0.717554 0.684216 0.689011 0.664444 
						0.914939 0.281776 0.892224 0.269624 0.889683 0.073307 0.863056 0.051461 0.865297 0.048211 0.892599 0.070356 0.683737 0.352111 0.654692 0.339328 0.670596 0.314834 0.694177 0.327370 0.780967 0.706279 0.813956 0.709618 0.813941 0.713429 0.780155 0.710235 0.857031 0.060167 0.841447 0.083549 0.727552 0.015063 0.690161 0.018508 0.689572 0.014005 0.727446 0.010875 0.926922 0.253871 0.901879 0.246005 0.695934 0.439611 0.662268 0.462153 0.660257 0.458092 0.693609 0.435745 0.711818 0.361660 0.718517 0.336927 0.832965 0.034314 0.799292 0.022247 0.800406 0.018035 0.834695 0.030549 0.828469 0.044064 0.816662 0.070529 0.922885 0.448950 0.896107 0.427866 0.898297 0.424332 0.925631 0.446125 0.933512 0.223953 0.907353 0.220995 0.650389 0.348748 0.680279 0.361036 0.679051 0.364387 0.649450 0.352344 0.740522 0.367469 0.743658 0.342563 0.762474 0.409876 0.728594 0.421976 0.726978 0.418301 0.761401 0.405709 0.796457 0.032910 0.789561 0.061422 0.858276 0.353639 0.883743 0.335543 0.886072 0.338276 0.860190 0.356894 0.934461 0.193329 0.908203 0.194954 0.944220 0.475012 0.947472 0.472878 0.709330 0.370730 0.708419 0.374192 0.769594 0.372294 0.769688 0.378529 
						0.949613 0.632272 0.953130 0.634254 0.905788 0.312949 0.908775 0.315375 0.795572 0.382027 0.834660 0.383071 0.832379 0.401003 0.796895 0.400287 0.872423 0.392413 0.907683 0.408988 0.898297 0.424332 0.866517 0.409548 0.741247 0.715913 0.708815 0.699170 0.717554 0.684216 0.747667 0.699891 0.968423 0.642711 0.945909 0.673191 0.933017 0.661588 0.953130 0.634254 0.938132 0.433269 0.925631 0.446125 0.678384 0.678651 0.689011 0.664444 0.918011 0.697472 0.907902 0.683529 0.962291 0.463200 0.947472 0.472878 0.649450 0.655006 0.661048 0.640814 0.885906 0.715872 0.879004 0.700250 0.979063 0.497303 0.962661 0.503482 0.649450 0.441706 0.683751 0.419292 0.693609 0.435745 0.660257 0.458092 0.850687 0.726654 0.847069 0.709876 0.988100 0.533819 0.970969 0.536322 0.719360 0.401131 0.726978 0.418301 0.814163 0.730664 0.813941 0.713429 0.989099 0.570887 0.971832 0.569806 0.756768 0.387919 0.761401 0.405709 0.776837 0.727231 0.780155 0.710235 0.982849 0.607543 0.966101 0.602817 0.797146 0.404134 0.796895 0.400287 0.831825 0.405161 0.832379 0.401003 0.830264 0.367047 0.831511 0.370370 0.649660 0.025783 0.649450 0.020878 0.865250 0.413121 0.866517 0.409548 
						0.663258 0.637314 0.661048 0.640814 0.763666 0.016099 0.764106 0.011877 0.749117 0.696320 0.747667 0.699891 0.939671 0.159946 0.943617 0.158973 0.907849 0.638670 0.888341 0.656155 0.883482 0.649337 0.901689 0.633077 0.736563 0.654044 0.713454 0.635435 0.720106 0.628551 0.741759 0.646397 0.879609 0.454655 0.901155 0.471187 0.895153 0.477387 0.875123 0.461977 0.923124 0.617336 0.915932 0.613255 0.761333 0.667573 0.764921 0.659523 0.854796 0.443009 0.851925 0.451330 0.933386 0.593157 0.925412 0.590754 0.787365 0.676019 0.789265 0.667700 0.827762 0.436891 0.826708 0.445637 0.938147 0.567337 0.929773 0.566708 0.814030 0.679150 0.814175 0.670688 0.865250 0.413121 0.862824 0.419848 0.743251 0.453101 0.771194 0.442001 0.773818 0.450889 0.747763 0.461907 0.937126 0.541111 0.928915 0.542282 0.840434 0.676800 0.838834 0.668512 0.716138 0.469977 0.722597 0.478448 0.930508 0.515542 0.922583 0.518542 0.865515 0.668969 0.862291 0.661372 0.689722 0.492313 0.697651 0.501452 0.918316 0.491872 0.911273 0.496493 0.691487 0.612392 0.699125 0.604996 0.968229 0.569543 0.962437 0.601716 0.955901 0.599745 0.961430 0.568999 0.813956 0.709618 0.780967 0.706279 
						0.782402 0.699548 0.813998 0.702798 0.728594 0.421976 0.762474 0.409876 0.764283 0.417011 0.731665 0.428959 0.967198 0.536874 0.960456 0.537774 0.846352 0.706351 0.845044 0.699682 0.695934 0.439611 0.699975 0.446300 0.959055 0.504847 0.952577 0.507208 0.877431 0.696616 0.874801 0.690414 0.662268 0.462153 0.667281 0.469448 0.944220 0.475012 0.938373 0.478742 0.905810 0.680600 0.901897 0.675046 0.691546 0.661170 0.663258 0.637314 0.668572 0.631050 0.696080 0.655534 0.922885 0.448950 0.917919 0.453939 0.930187 0.659036 0.925186 0.654416 0.719472 0.681042 0.723197 0.675041 0.896107 0.427866 0.892345 0.433844 0.949613 0.632272 0.943670 0.628874 0.749117 0.696320 0.751817 0.689936 0.797833 0.414710 0.799091 0.430959 0.799562 0.436477 0.800357 0.445574 0.720106 0.628551 0.699125 0.604996 0.720811 0.592060 0.735812 0.613550 0.895153 0.477387 0.911273 0.496493 0.896057 0.506670 0.882557 0.490648 0.901689 0.633077 0.883482 0.649337 0.873150 0.634917 0.888306 0.621238 0.741759 0.646397 0.753413 0.630326 0.875123 0.461977 0.865526 0.477985 0.915932 0.613255 0.900174 0.604439 0.764921 0.659523 0.772784 0.642081 0.851925 0.451330 0.846035 0.469078 
						0.800357 0.445574 0.826708 0.445637 0.824659 0.464756 0.802441 0.464937 0.925412 0.590754 0.908301 0.585535 0.789265 0.667700 0.793491 0.649360 0.773818 0.450889 0.780020 0.470292 0.929773 0.566708 0.912035 0.565458 0.814175 0.670688 0.814683 0.652410 0.747763 0.461907 0.758228 0.480364 0.928915 0.542282 0.911074 0.544966 0.838834 0.668512 0.835474 0.650913 0.722597 0.478448 0.737699 0.496113 0.922583 0.518542 0.905824 0.525038 0.862291 0.661372 0.855198 0.644844 0.697651 0.501452 0.719620 0.517334 0.820022 0.560195 0.827762 0.436891 0.799562 0.436477 0.799091 0.430959 0.828386 0.431511 0.771194 0.442001 0.769603 0.436504 0.743251 0.453101 0.740539 0.447731 0.716138 0.469977 0.712326 0.464824 0.689722 0.492313 0.684890 0.487483 0.691487 0.612392 0.713454 0.635435 0.709407 0.639846 0.686601 0.616353 0.736563 0.654044 0.733498 0.658695 0.761333 0.667573 0.759180 0.672511 0.787365 0.676019 0.786245 0.681181 0.814030 0.679150 0.814001 0.684339 0.840434 0.676800 0.841434 0.681830 0.865515 0.668969 0.867542 0.673665 0.888341 0.656155 0.891312 0.660296 0.907849 0.638670 0.911638 0.642109 0.923124 0.617336 0.927604 0.619850 0.933386 0.593157 
						0.938302 0.594597 0.938147 0.567337 0.943246 0.567702 0.937126 0.541111 0.942218 0.540368 0.930508 0.515542 0.935339 0.513704 0.918316 0.491872 0.922682 0.488991 0.901155 0.471187 0.904812 0.467401 0.879609 0.454655 0.882381 0.450103 0.854796 0.443009 0.856531 0.437899 0.830415 0.415514 0.797833 0.414710 0.797593 0.411408 0.830840 0.412238 0.765163 0.420318 0.764283 0.417011 0.733118 0.432133 0.731665 0.428959 0.701960 0.449452 0.699975 0.446300 0.669932 0.472505 0.667281 0.469448 0.671334 0.628460 0.698241 0.652870 0.696080 0.655534 0.668572 0.631050 0.724920 0.672270 0.723197 0.675041 0.753030 0.687010 0.751817 0.689936 0.783050 0.696426 0.782402 0.699548 0.814013 0.699671 0.813998 0.702798 0.844429 0.696665 0.845044 0.699682 0.873563 0.687559 0.874801 0.690414 0.900109 0.672545 0.901897 0.675046 0.922871 0.652335 0.925186 0.654416 0.940922 0.627329 0.943670 0.628874 0.952911 0.598850 0.955901 0.599745 0.958353 0.568776 0.961430 0.568999 0.957347 0.538220 0.960456 0.537774 0.949649 0.508308 0.952577 0.507208 0.935693 0.480487 0.938373 0.478742 0.915692 0.456226 0.917919 0.453939 0.890631 0.436613 0.892345 0.433844 0.861752 0.422902 
						0.862824 0.419848 0.799247 0.369288 0.769594 0.372294 0.769517 0.369153 0.798643 0.366130 0.740113 0.370610 0.740522 0.367469 0.710987 0.364738 0.711818 0.361660 0.682552 0.355180 0.683737 0.352111 0.653017 0.342374 0.654692 0.339328 0.651270 0.034279 0.691203 0.026205 0.691829 0.030240 0.652537 0.038494 0.727757 0.022563 0.727927 0.026357 0.762900 0.023411 0.762534 0.027142 0.797396 0.029288 0.796457 0.032910 0.829939 0.040781 0.828469 0.044064 0.859044 0.057226 0.857031 0.060167 0.884789 0.078215 0.882310 0.080750 0.905940 0.103163 0.903133 0.105162 0.922252 0.131026 0.919122 0.132477 0.933082 0.161542 0.929727 0.162386 0.937832 0.193121 0.934461 0.193329 0.936799 0.224362 0.933512 0.223953 0.930109 0.254895 0.926922 0.253871 0.917815 0.283330 0.914939 0.281776 0.900819 0.308866 0.898282 0.306818 0.879626 0.330671 0.877520 0.328219 0.855102 0.348167 0.853454 0.345378 0.828080 0.361127 0.826956 0.358157 
					</float_array>
					<technique_common>
						<accessor count="1779" offset="0" source="#meshId0-tex0-array" stride="2">
							<param name="S" type="float" />
							<param name="T" type="float" />
						</accessor>
					</technique_common>
				</source>
				<vertices id="meshId0-vertices">
					<input semantic="POSITION" source="#meshId0-positions" />
				</vertices>
				<polylist count="1776" material="defaultMaterial">
					<input offset="0" semantic="VERTEX" source="#meshId0-vertices" />
					<input offset="0" semantic="NORMAL" source="#meshId0-normals" />
					<input offset="0" semantic="TANGENT" source="#meshId0-tangents" />
					<input offset="0" semantic="BINORMAL" source="#meshId0-bitangents" />
					<input offset="0" semantic="TEXCOORD" source="#meshId0-tex0" set="0" />
					<vcount>
						3 3 3 3 3 3 3 3 3 3 3 3 3 3 3 3 3 3 3 3 3 3 3 3 3 3 3 3 3 3 3 3 3 3 3 3 3 3 3 3 3 3 3 3 3 3 3 3 3 3 3 3 3 3 3 3 3 3 3 3 3 3 3 3 
						3 3 3 3 3 3 3 3 3 3 3 3 3 3 3 3 3 3 3 3 3 3 3 3 3 3 3 3 3 3 3 3 3 3 3 3 3 3 3 3 3 3 3 3 3 3 3 3 3 3 3 3 3 3 3 3 3 3 3 3 3 3 3 3 
						3 3 3 3 3 3 3 3 3 3 3 3 3 3 3 3 3 3 3 3 3 3 3 3 3 3 3 3 3 3 3 3 3 3 3 3 3 3 3 3 3 3 3 3 3 3 3 3 3 3 3 3 3 3 3 3 3 3 3 3 3 3 3 3 
						3 3 3 3 3 3 3 3 3 3 3 3 3 3 3 3 3 3 3 3 3 3 3 3 3 3 3 3 3 3 3 3 3 3 3 3 3 3 3 3 3 3 3 3 3 3 3 3 3 3 3 3 3 3 3 3 3 3 3 3 3 3 3 3 
						3 3 3 3 3 3 3 3 3 3 3 3 3 3 3 3 3 3 3 3 3 3 3 3 3 3 3 3 3 3 3 3 3 3 3 3 3 3 3 3 3 3 3 3 3 3 3 3 3 3 3 3 3 3 3 3 3 3 3 3 3 3 3 3 
						3 3 3 3 3 3 3 3 3 3 3 3 3 3 3 3 3 3 3 3 3 3 3 3 3 3 3 3 3 3 3 3 3 3 3 3 3 3 3 3 3 3 3 3 3 3 3 3 3 3 3 3 3 3 3 3 3 3 3 3 3 3 3 3 
						3 3 3 3 3 3 3 3 3 3 3 3 3 3 3 3 3 3 3 3 3 3 3 3 3 3 3 3 3 3 3 3 3 3 3 3 3 3 3 3 3 3 3 3 3 3 3 3 3 3 3 3 3 3 3 3 3 3 3 3 3 3 3 3 
						3 3 3 3 3 3 3 3 3 3 3 3 3 3 3 3 3 3 3 3 3 3 3 3 3 3 3 3 3 3 3 3 3 3 3 3 3 3 3 3 3 3 3 3 3 3 3 3 3 3 3 3 3 3 3 3 3 3 3 3 3 3 3 3 
						3 3 3 3 3 3 3 3 3 3 3 3 3 3 3 3 3 3 3 3 3 3 3 3 3 3 3 3 3 3 3 3 3 3 3 3 3 3 3 3 3 3 3 3 3 3 3 3 3 3 3 3 3 3 3 3 3 3 3 3 3 3 3 3 
						3 3 3 3 3 3 3 3 3 3 3 3 3 3 3 3 3 3 3 3 3 3 3 3 3 3 3 3 3 3 3 3 3 3 3 3 3 3 3 3 3 3 3 3 3 3 3 3 3 3 3 3 3 3 3 3 3 3 3 3 3 3 3 3 
						3 3 3 3 3 3 3 3 3 3 3 3 3 3 3 3 3 3 3 3 3 3 3 3 3 3 3 3 3 3 3 3 3 3 3 3 3 3 3 3 3 3 3 3 3 3 3 3 3 3 3 3 3 3 3 3 3 3 3 3 3 3 3 3 
						3 3 3 3 3 3 3 3 3 3 3 3 3 3 3 3 3 3 3 3 3 3 3 3 3 3 3 3 3 3 3 3 3 3 3 3 3 3 3 3 3 3 3 3 3 3 3 3 3 3 3 3 3 3 3 3 3 3 3 3 3 3 3 3 
						3 3 3 3 3 3 3 3 3 3 3 3 3 3 3 3 3 3 3 3 3 3 3 3 3 3 3 3 3 3 3 3 3 3 3 3 3 3 3 3 3 3 3 3 3 3 3 3 3 3 3 3 3 3 3 3 3 3 3 3 3 3 3 3 
						3 3 3 3 3 3 3 3 3 3 3 3 3 3 3 3 3 3 3 3 3 3 3 3 3 3 3 3 3 3 3 3 3 3 3 3 3 3 3 3 3 3 3 3 3 3 3 3 3 3 3 3 3 3 3 3 3 3 3 3 3 3 3 3 
						3 3 3 3 3 3 3 3 3 3 3 3 3 3 3 3 3 3 3 3 3 3 3 3 3 3 3 3 3 3 3 3 3 3 3 3 3 3 3 3 3 3 3 3 3 3 3 3 3 3 3 3 3 3 3 3 3 3 3 3 3 3 3 3 
						3 3 3 3 3 3 3 3 3 3 3 3 3 3 3 3 3 3 3 3 3 3 3 3 3 3 3 3 3 3 3 3 3 3 3 3 3 3 3 3 3 3 3 3 3 3 3 3 3 3 3 3 3 3 3 3 3 3 3 3 3 3 3 3 
						3 3 3 3 3 3 3 3 3 3 3 3 3 3 3 3 3 3 3 3 3 3 3 3 3 3 3 3 3 3 3 3 3 3 3 3 3 3 3 3 3 3 3 3 3 3 3 3 3 3 3 3 3 3 3 3 3 3 3 3 3 3 3 3 
						3 3 3 3 3 3 3 3 3 3 3 3 3 3 3 3 3 3 3 3 3 3 3 3 3 3 3 3 3 3 3 3 3 3 3 3 3 3 3 3 3 3 3 3 3 3 3 3 3 3 3 3 3 3 3 3 3 3 3 3 3 3 3 3 
						3 3 3 3 3 3 3 3 3 3 3 3 3 3 3 3 3 3 3 3 3 3 3 3 3 3 3 3 3 3 3 3 3 3 3 3 3 3 3 3 3 3 3 3 3 3 3 3 3 3 3 3 3 3 3 3 3 3 3 3 3 3 3 3 
						3 3 3 3 3 3 3 3 3 3 3 3 3 3 3 3 3 3 3 3 3 3 3 3 3 3 3 3 3 3 3 3 3 3 3 3 3 3 3 3 3 3 3 3 3 3 3 3 3 3 3 3 3 3 3 3 3 3 3 3 3 3 3 3 
						3 3 3 3 3 3 3 3 3 3 3 3 3 3 3 3 3 3 3 3 3 3 3 3 3 3 3 3 3 3 3 3 3 3 3 3 3 3 3 3 3 3 3 3 3 3 3 3 3 3 3 3 3 3 3 3 3 3 3 3 3 3 3 3 
						3 3 3 3 3 3 3 3 3 3 3 3 3 3 3 3 3 3 3 3 3 3 3 3 3 3 3 3 3 3 3 3 3 3 3 3 3 3 3 3 3 3 3 3 3 3 3 3 3 3 3 3 3 3 3 3 3 3 3 3 3 3 3 3 
						3 3 3 3 3 3 3 3 3 3 3 3 3 3 3 3 3 3 3 3 3 3 3 3 3 3 3 3 3 3 3 3 3 3 3 3 3 3 3 3 3 3 3 3 3 3 3 3 3 3 3 3 3 3 3 3 3 3 3 3 3 3 3 3 
						3 3 3 3 3 3 3 3 3 3 3 3 3 3 3 3 3 3 3 3 3 3 3 3 3 3 3 3 3 3 3 3 3 3 3 3 3 3 3 3 3 3 3 3 3 3 3 3 3 3 3 3 3 3 3 3 3 3 3 3 3 3 3 3 
						3 3 3 3 3 3 3 3 3 3 3 3 3 3 3 3 3 3 3 3 3 3 3 3 3 3 3 3 3 3 3 3 3 3 3 3 3 3 3 3 3 3 3 3 3 3 3 3 3 3 3 3 3 3 3 3 3 3 3 3 3 3 3 3 
						3 3 3 3 3 3 3 3 3 3 3 3 3 3 3 3 3 3 3 3 3 3 3 3 3 3 3 3 3 3 3 3 3 3 3 3 3 3 3 3 3 3 3 3 3 3 3 3 3 3 3 3 3 3 3 3 3 3 3 3 3 3 3 3 
						3 3 3 3 3 3 3 3 3 3 3 3 3 3 3 3 3 3 3 3 3 3 3 3 3 3 3 3 3 3 3 3 3 3 3 3 3 3 3 3 3 3 3 3 3 3 3 3 3 3 3 3 3 3 3 3 3 3 3 3 3 3 3 3 
						3 3 3 3 3 3 3 3 3 3 3 3 3 3 3 3 3 3 3 3 3 3 3 3 3 3 3 3 3 3 3 3 3 3 3 3 3 3 3 3 3 3 3 3 3 3 3 3 
					</vcount>
					<p>
						0 1 2 2 3 0 4 5 6 6 7 4 8 9 10 10 11 8 3 2 12 12 13 3 7 6 14 14 15 7 11 10 16 16 17 11 13 12 18 18 19 13 15 14 20 20 21 15 17 16 22 22 23 17 19 18 24 24 25 19 26 27 28 28 29 26 30 31 32 32 33 30 23 22 34 34 35 23 25 24 36 36 37 25 33 32 38 38 39 33 35 34 40 40 41 35 37 36 42 42 43 37 39 38 44 44 45 39 41 40 46 46 47 41 43 42 48 48 49 43 45 44 50 50 51 45 47 46 5 5 4 47 49 48 9 9 8 49 52 53 54 54 55 52 56 57 58 58 59 56 60 61 62 62 63 60 64 65 53 53 52 64 66 67 57 57 56 66 68 69 61 61 60 68 70 71 65 65 64 70 72 73 67 67 66 72 74 75 76 76 77 74 
						78 79 71 71 70 78 80 81 73 73 72 80 82 83 75 75 74 82 84 85 79 79 78 84 86 87 88 88 89 86 90 91 81 81 80 90 92 93 83 83 82 92 89 88 85 85 84 89 94 95 87 87 86 94 96 97 91 91 90 96 98 99 93 93 92 98 100 101 95 95 94 100 55 54 97 97 96 55 59 58 99 99 98 59 63 62 101 101 100 63 102 103 104 104 105 102 106 107 108 108 109 106 110 111 112 112 113 110 114 115 116 116 117 114 118 119 103 103 102 118 113 112 107 107 106 113 120 121 111 111 110 120 122 123 115 115 114 122 124 125 119 119 118 124 126 127 121 121 120 126 128 129 123 123 122 128 130 131 125 125 124 130 132 133 127 127 126 132 134 135 129 129 128 134 136 137 131 131 130 136 138 139 133 133 132 138 140 141 135 135 134 140 
						142 143 137 137 136 142 144 145 139 139 138 144 146 147 141 141 140 146 148 149 143 143 142 148 105 104 150 150 151 105 109 108 147 147 146 109 117 116 149 149 148 117 152 153 154 154 155 152 156 157 158 158 159 156 160 161 162 162 163 160 164 165 153 153 152 164 166 167 157 157 156 166 168 169 161 161 160 168 170 171 165 165 164 170 172 173 174 174 175 172 176 177 169 169 168 176 178 179 171 171 170 178 180 181 173 173 172 180 182 183 177 177 176 182 184 185 186 186 187 184 188 189 179 179 178 188 190 191 181 181 180 190 187 186 183 183 182 187 192 193 185 185 184 192 194 195 189 189 188 194 196 197 191 191 190 196 198 199 193 193 192 198 200 201 195 195 194 200 155 154 197 197 196 155 159 158 199 199 198 159 163 162 201 201 200 163 202 203 204 205 206 204 
						207 208 204 209 210 204 211 212 204 213 214 204 206 211 204 215 216 204 217 218 204 219 220 204 220 221 204 212 219 204 221 222 204 223 215 204 203 209 204 216 202 204 224 225 204 226 223 204 222 207 204 227 226 204 218 227 204 208 217 204 214 224 204 210 213 204 228 229 230 230 231 228 232 233 234 234 235 232 236 237 238 238 239 236 240 241 242 242 243 240 231 230 244 244 245 231 235 234 246 246 247 235 243 242 248 248 249 243 245 244 250 250 251 245 247 246 252 252 253 247 249 248 254 254 255 249 251 250 256 256 257 251 253 252 258 258 259 253 255 254 260 260 261 255 257 256 262 262 263 257 259 258 264 264 265 259 266 267 268 268 269 266 263 262 270 270 271 263 265 264 272 272 273 265 269 268 274 274 275 269 271 270 276 276 277 271 273 272 229 229 228 273 
						275 274 233 233 232 275 277 276 278 278 279 277 29 28 280 280 281 29 282 283 284 284 285 282 281 280 286 286 287 281 288 289 290 290 291 288 292 293 294 294 295 292 291 290 296 296 297 291 298 299 300 300 301 298 302 303 304 304 305 302 287 286 306 306 307 287 308 309 310 310 311 308 295 294 312 312 313 295 314 315 316 316 317 314 301 300 318 318 319 301 320 321 322 322 323 320 307 306 324 324 325 307 326 327 328 328 329 326 330 331 332 332 333 330 334 335 336 336 337 334 319 318 338 338 339 319 340 341 342 342 343 340 325 324 344 344 345 325 346 347 348 348 349 346 333 332 350 350 351 333 352 353 354 354 355 352 339 338 356 356 357 339 358 359 360 360 361 358 345 344 362 362 363 345 364 365 366 366 367 364 351 350 368 368 369 351 370 371 372 372 373 370 
						357 356 374 374 375 357 376 377 378 378 379 376 363 362 380 380 381 363 382 383 384 384 385 382 369 368 386 386 387 369 388 389 390 390 391 388 375 374 392 392 393 375 394 395 396 396 397 394 381 380 398 398 399 381 400 401 283 283 282 400 387 386 27 27 26 387 297 296 402 402 403 297 404 405 31 31 30 404 406 407 303 303 302 406 393 392 293 293 292 393 317 316 407 407 406 317 399 398 299 299 298 399 311 310 408 408 409 311 410 411 412 412 413 410 414 415 416 416 417 414 418 419 420 420 421 418 422 423 424 424 425 422 426 427 415 415 414 426 428 429 419 419 418 428 430 431 423 423 422 430 432 433 427 427 426 432 434 435 436 436 437 434 438 439 431 431 430 438 440 441 433 433 432 440 442 443 435 435 434 442 444 445 439 439 438 444 446 447 441 441 440 446 
						448 449 443 443 442 448 450 451 445 445 444 450 452 453 447 447 446 452 454 455 449 449 448 454 456 457 451 451 450 456 458 459 453 453 452 458 413 412 455 455 454 413 417 416 411 411 410 417 421 420 457 457 456 421 425 424 459 459 458 425 409 408 395 395 394 409 391 390 460 460 461 391 461 460 462 462 463 461 403 402 383 383 382 403 379 378 401 401 400 379 464 465 289 289 288 464 397 396 465 465 464 397 367 366 389 389 388 367 385 384 466 466 467 385 463 462 468 468 469 463 469 468 377 377 376 469 373 372 347 347 346 373 470 471 365 365 364 470 472 473 371 371 370 472 361 360 473 473 472 361 329 328 353 353 352 329 349 348 321 321 320 349 355 354 474 474 475 355 475 474 341 341 340 475 337 336 309 309 308 337 305 304 327 327 326 305 476 477 335 335 334 476 
						323 322 477 477 476 323 285 284 315 315 314 285 478 479 480 480 481 478 482 483 484 484 485 482 486 487 488 488 489 486 481 480 490 490 491 481 485 484 492 492 493 485 489 488 494 494 495 489 491 490 496 496 497 491 493 492 498 498 499 493 495 494 500 500 501 495 497 496 502 502 503 497 499 498 504 504 505 499 506 507 237 237 236 506 508 509 510 510 511 508 503 502 512 512 513 503 505 504 514 514 515 505 511 510 516 516 517 511 513 512 518 518 519 513 515 514 520 520 521 515 517 516 522 522 523 517 519 518 524 524 525 519 521 520 479 479 478 521 523 522 526 526 527 523 525 524 487 487 486 525 528 529 530 530 531 528 532 533 534 534 535 532 536 537 538 538 539 536 531 530 540 540 541 531 535 534 542 542 543 535 539 538 544 544 545 539 541 540 546 546 547 541 
						543 542 548 548 549 543 545 544 550 550 551 545 547 546 552 552 553 547 549 548 554 554 555 549 551 550 556 556 557 551 553 552 558 558 559 553 555 554 560 560 561 555 562 563 564 564 565 562 559 558 566 566 567 559 561 560 568 568 569 561 565 564 570 570 571 565 567 566 507 507 506 567 572 573 241 241 240 572 569 568 529 529 528 569 571 570 533 533 532 571 574 575 509 509 508 574 239 238 537 537 536 239 576 577 578 578 579 576 580 581 582 582 583 580 584 585 586 586 587 584 588 589 590 590 591 588 583 582 592 592 593 583 587 586 594 594 595 587 591 590 596 596 597 591 593 592 598 598 599 593 600 601 602 602 603 600 595 594 604 604 605 595 597 596 606 606 607 597 599 598 601 601 600 599 603 602 608 608 609 603 605 604 610 610 611 605 607 606 612 612 613 607 
						609 608 614 614 615 609 611 610 616 616 617 611 613 612 618 618 619 613 615 614 620 620 621 615 617 616 622 622 623 617 619 618 624 624 625 619 621 620 577 577 576 621 623 622 581 581 580 623 625 624 585 585 584 625 607 613 626 609 615 626 611 617 626 613 619 626 615 621 626 617 623 626 619 625 626 621 576 626 623 580 626 625 584 626 576 579 626 580 583 626 584 587 626 588 591 626 583 593 626 587 595 626 591 597 626 593 599 626 600 603 626 595 605 626 597 607 626 599 600 626 603 609 626 605 611 626 627 628 629 629 630 627 631 632 628 628 627 631 633 634 632 632 631 633 635 636 634 634 633 635 637 638 636 636 635 637 639 640 638 638 637 639 641 642 643 643 644 641 645 646 642 642 641 645 647 648 646 646 645 647 649 650 648 648 647 649 651 652 650 650 649 651 
						653 654 652 652 651 653 655 656 654 654 653 655 657 658 656 656 655 657 659 660 658 658 657 659 661 662 660 660 659 661 663 664 662 662 661 663 665 666 664 664 663 665 667 668 666 666 665 667 669 670 668 668 667 669 671 672 670 670 669 671 673 674 672 672 671 673 675 676 674 674 673 675 630 629 676 676 675 630 501 500 575 575 574 501 677 678 679 679 680 677 681 682 678 678 677 681 683 684 682 682 681 683 685 686 684 684 683 685 687 688 686 686 685 687 689 690 688 688 687 689 691 692 693 693 694 691 695 696 692 692 691 695 697 698 696 696 695 697 699 700 698 698 697 699 701 702 700 700 699 701 703 704 702 702 701 703 705 706 704 704 703 705 707 708 706 706 705 707 709 710 708 708 707 709 711 712 710 710 709 711 713 714 712 712 711 713 715 716 714 714 713 715 
						717 718 716 716 715 717 719 720 718 718 717 719 721 722 720 720 719 721 723 724 722 722 721 723 725 726 724 724 723 725 680 679 726 726 725 680 279 278 573 573 572 279 727 728 729 729 730 727 731 732 728 728 727 731 733 734 732 732 731 733 735 736 734 734 733 735 737 738 736 736 735 737 739 740 738 738 737 739 741 742 743 743 744 741 745 746 742 742 741 745 747 748 746 746 745 747 749 750 748 748 747 749 751 752 750 750 749 751 753 754 752 752 751 753 755 756 754 754 753 755 757 758 756 756 755 757 759 760 758 758 757 759 761 762 760 760 759 761 763 764 762 762 761 763 765 766 764 764 763 765 767 768 766 766 765 767 769 770 768 768 767 769 771 772 770 770 769 771 773 774 772 772 771 773 775 776 774 774 773 775 730 729 776 776 775 730 21 20 405 405 404 21 
						777 778 779 779 780 777 781 782 783 783 784 781 785 786 787 787 788 785 789 777 780 780 790 789 791 781 784 784 792 791 793 785 788 788 794 793 795 789 790 790 796 795 797 791 792 792 798 797 799 793 794 794 800 799 801 795 796 796 802 801 803 804 805 805 806 803 807 808 809 809 810 807 811 799 800 800 812 811 813 801 802 802 814 813 815 807 810 810 816 815 817 811 812 812 818 817 819 813 814 814 820 819 821 815 816 816 822 821 823 817 818 818 824 823 825 819 820 820 826 825 778 827 828 828 779 778 782 823 824 824 783 782 786 825 826 826 787 786 829 830 831 831 832 829 833 834 835 835 836 833 837 838 839 839 840 837 830 841 842 842 831 830 834 843 844 844 835 834 845 846 847 847 848 845 841 849 850 850 842 841 843 851 852 852 844 843 846 853 854 854 847 846 
						849 855 856 856 850 849 851 857 858 858 852 851 853 859 860 860 854 853 855 861 862 862 856 855 863 864 865 865 866 863 857 867 868 868 858 857 859 869 870 870 860 859 861 863 866 866 862 861 864 871 872 872 865 864 867 873 874 874 868 867 869 875 876 876 870 869 871 877 878 878 872 871 873 829 832 832 874 873 875 833 836 836 876 875 877 837 840 840 878 877 879 880 881 881 882 879 883 884 885 885 886 883 887 888 889 889 890 887 891 892 893 893 894 891 880 895 896 896 881 880 884 887 890 890 885 884 888 897 898 898 889 888 892 899 900 900 893 892 895 901 902 902 896 895 897 903 904 904 898 897 899 905 906 906 900 899 901 907 908 908 902 901 903 909 910 910 904 903 905 911 912 912 906 905 907 913 914 914 908 907 909 915 916 916 910 909 911 917 918 918 912 911 
						913 919 920 920 914 913 921 922 923 923 924 921 917 925 926 926 918 917 919 927 928 928 920 919 922 879 882 882 923 922 925 883 886 886 926 925 927 891 894 894 928 927 929 930 931 931 932 929 933 934 935 935 936 933 937 938 939 939 940 937 930 941 942 942 931 930 943 944 945 945 946 943 938 947 948 948 939 938 941 949 950 950 942 941 944 951 952 952 945 944 947 953 954 954 948 947 949 955 956 956 950 949 951 957 958 958 952 951 953 959 960 960 954 953 961 962 963 963 964 961 955 965 966 966 956 955 957 967 968 968 958 957 959 961 964 964 960 959 962 969 970 970 963 962 965 971 972 972 966 965 967 973 974 974 968 967 969 975 976 976 970 969 971 977 978 978 972 971 973 929 932 932 974 973 975 933 936 936 976 975 977 937 940 940 978 977 979 980 981 981 982 979 
						983 984 985 985 986 983 987 988 989 989 990 987 991 992 993 993 994 991 980 983 986 986 981 980 984 995 996 996 985 984 988 997 998 998 989 988 992 999 1000 1000 993 992 995 1001 1002 1002 996 995 997 1003 1004 1004 998 997 999 1005 1006 1006 1000 999 1001 1007 1008 1008 1002 1001 1003 1009 1010 1010 1004 1003 1005 1011 1012 1012 1006 1005 1007 1013 1014 1014 1008 1007 1009 1015 1016 1016 1010 1009 1011 1017 1018 1018 1012 1011 1019 1020 1021 1021 1022 1019 1015 1023 1024 1024 1016 1015 1017 1025 1026 1026 1018 1017 1020 1027 1028 1028 1021 1020 1023 979 982 982 1024 1023 1025 987 990 990 1026 1025 1027 991 994 994 1028 1027 1029 1030 1031 1031 1032 1029 1033 1034 1035 1035 1036 1033 1037 1038 1039 1039 1040 1037 1030 1041 1042 1042 1031 1030 1043 1044 1045 1045 1046 1043 1038 1047 1048 1048 1039 1038 1041 1049 1050 1050 1042 1041 1044 1051 1052 1052 1045 1044 1047 1053 1054 1054 1048 1047 
						1049 1055 1056 1056 1050 1049 1051 1057 1058 1058 1052 1051 1053 1059 1060 1060 1054 1053 1061 1062 1063 1063 1064 1061 1055 1065 1066 1066 1056 1055 1057 1067 1068 1068 1058 1057 1059 1061 1064 1064 1060 1059 1062 1069 1070 1070 1063 1062 1065 1071 1072 1072 1066 1065 1067 1073 1074 1074 1068 1067 1069 1075 1076 1076 1070 1069 1071 1077 1078 1078 1072 1071 1073 1029 1032 1032 1074 1073 1075 1033 1036 1036 1076 1075 1077 1037 1040 1040 1078 1077 1079 1080 1081 1081 1082 1079 1083 1084 1085 1085 1086 1083 1087 1088 1089 1089 1090 1087 1091 1079 1082 1082 1092 1091 1080 1093 1094 1094 1081 1080 1084 1095 1096 1096 1085 1084 1088 1097 1098 1098 1089 1088 1093 1099 1100 1100 1094 1093 1095 1101 1102 1102 1096 1095 1097 1103 1104 1104 1098 1097 1099 1105 1106 1106 1100 1099 1101 1107 1108 1108 1102 1101 1103 1109 1110 1110 1104 1103 1105 1111 1112 1112 1106 1105 1107 1113 1114 1114 1108 1107 1109 1115 1116 1116 1110 1109 1117 1118 1119 1119 1120 1117 
						1113 1121 1122 1122 1114 1113 1115 1123 1124 1124 1116 1115 1118 1125 1126 1126 1119 1118 1121 1127 1128 1128 1122 1121 1123 1083 1086 1086 1124 1123 1125 1087 1090 1090 1126 1125 1127 1091 1092 1092 1128 1127 1129 1130 1131 1131 1132 1129 1133 1134 1135 1135 1136 1133 1137 1138 1139 1139 1140 1137 1141 1142 1143 1143 1144 1141 1134 1145 1146 1146 1135 1134 1138 1147 1148 1148 1139 1138 1142 1149 1150 1150 1143 1142 1145 1151 1152 1152 1146 1145 1147 1153 1154 1154 1148 1147 1149 1155 1156 1156 1150 1149 1151 1157 1158 1158 1152 1151 1159 1160 1161 1161 1162 1159 1153 1163 1164 1164 1154 1153 1155 1165 1166 1166 1156 1155 1157 1159 1162 1162 1158 1157 1160 1167 1168 1168 1161 1160 1163 1169 1170 1170 1164 1163 1165 1171 1172 1172 1166 1165 1167 1173 1174 1174 1168 1167 1169 1175 1176 1176 1170 1169 1171 1177 1178 1178 1172 1171 1173 1129 1132 1132 1174 1173 1175 1133 1136 1136 1176 1175 1177 1137 1140 1140 1178 1177 1179 1180 1181 1181 1182 1179 
						1183 1184 1185 1185 1186 1183 1187 1188 1189 1189 1190 1187 1191 1192 1193 1193 1194 1191 1180 1195 1196 1196 1181 1180 1184 1197 1198 1198 1185 1184 1192 1199 1200 1200 1193 1192 1195 1201 1202 1202 1196 1195 1197 1203 1204 1204 1198 1197 1199 1205 1206 1206 1200 1199 1201 1207 1208 1208 1202 1201 1203 1209 1210 1210 1204 1203 1205 1211 1212 1212 1206 1205 1207 1213 1214 1214 1208 1207 1209 1215 1216 1216 1210 1209 1217 1218 1219 1219 1220 1217 1213 1221 1222 1222 1214 1213 1215 1223 1224 1224 1216 1215 1218 1225 1226 1226 1219 1218 1221 1227 1228 1228 1222 1221 1223 1179 1182 1182 1224 1223 1225 1183 1186 1186 1226 1225 1227 1187 1190 1190 1228 1227 1188 1191 1194 1194 1189 1188 1212 1229 1206 1214 1229 1208 1216 1229 1210 1219 1229 1220 1222 1229 1214 1224 1229 1216 1226 1229 1219 1228 1229 1222 1182 1229 1224 1186 1229 1226 1190 1229 1228 1194 1229 1189 1181 1229 1182 1185 1229 1186 1189 1229 1190 1193 1229 1194 1196 1229 1181 1198 1229 1185 
						1200 1229 1193 1202 1229 1196 1204 1229 1198 1206 1229 1200 1208 1229 1202 1210 1229 1204 1230 1231 1232 1232 1233 1230 1234 1235 1236 1236 1237 1234 1238 1239 1240 1240 1241 1238 1242 1243 1244 1244 1245 1242 1246 1230 1233 1233 1247 1246 1248 1234 1237 1237 1249 1248 1250 1242 1245 1245 1251 1250 1252 1246 1247 1247 1253 1252 1254 1248 1249 1249 1255 1254 1256 1250 1251 1251 1257 1256 1258 1252 1253 1253 1259 1258 1260 1254 1255 1255 1261 1260 1262 1263 1264 1264 1265 1262 1266 1258 1259 1259 1267 1266 1268 1260 1261 1261 1269 1268 1270 1262 1265 1265 1271 1270 1272 1266 1267 1267 1273 1272 1274 1268 1269 1269 1275 1274 1276 1270 1271 1271 1277 1276 1278 1272 1273 1273 1279 1278 1231 1274 1275 1275 1232 1231 1235 1276 1277 1277 1236 1235 1280 1278 1279 1279 1281 1280 1282 803 806 806 1283 1282 1284 1285 1286 1286 1287 1284 1288 1282 1283 1283 1289 1288 1290 1291 1292 1292 1293 1290 1294 1295 1296 1296 1297 1294 1298 1290 1293 1293 1299 1298 
						1300 1301 1302 1302 1303 1300 1304 1305 1306 1306 1307 1304 1308 1288 1289 1289 1309 1308 1310 1311 1312 1312 1313 1310 1314 1294 1297 1297 1315 1314 1316 1317 1318 1318 1319 1316 1320 1300 1303 1303 1321 1320 1322 1323 1324 1324 1325 1322 1326 1308 1309 1309 1327 1326 1328 1329 1330 1330 1331 1328 1332 1314 1315 1315 1333 1332 1334 1335 1336 1336 1337 1334 1338 1320 1321 1321 1339 1338 1340 1341 1342 1342 1343 1340 1344 1326 1327 1327 1345 1344 1346 1347 1348 1348 1349 1346 1350 1351 1352 1352 1353 1350 1354 1355 1356 1356 1357 1354 1358 1338 1339 1339 1359 1358 1360 1361 1362 1362 1363 1360 1364 1344 1345 1345 1365 1364 1366 1367 1368 1368 1369 1366 1370 1350 1353 1353 1371 1370 1372 1373 1374 1374 1375 1372 1376 1358 1359 1359 1377 1376 1378 1379 1380 1380 1381 1378 1382 1364 1365 1365 1383 1382 1384 1385 1386 1386 1387 1384 1388 1370 1371 1371 1389 1388 1390 1391 1392 1392 1393 1390 1394 1376 1377 1377 1395 1394 1396 1397 1398 1398 1399 1396 
						1400 1382 1383 1383 1401 1400 1285 1402 1403 1403 1286 1285 804 1388 1389 1389 805 804 1404 1298 1299 1299 1405 1404 808 1406 1407 1407 809 808 1305 1408 1409 1409 1306 1305 1295 1394 1395 1395 1296 1295 1408 1316 1319 1319 1409 1408 1301 1400 1401 1401 1302 1301 1410 1310 1313 1313 1411 1410 1412 1413 1414 1414 1415 1412 1416 1417 1418 1418 1419 1416 1420 1421 1422 1422 1423 1420 1424 1425 1426 1426 1427 1424 1417 1428 1429 1429 1418 1417 1421 1430 1431 1431 1422 1421 1425 1432 1433 1433 1426 1425 1428 1434 1435 1435 1429 1428 1430 1436 1437 1437 1431 1430 1432 1438 1439 1439 1433 1432 1434 1440 1441 1441 1435 1434 1442 1443 1444 1444 1445 1442 1438 1446 1447 1447 1439 1438 1440 1448 1449 1449 1441 1440 1443 1450 1451 1451 1444 1443 1446 1452 1453 1453 1447 1446 1448 1454 1455 1455 1449 1448 1450 1456 1457 1457 1451 1450 1452 1458 1459 1459 1453 1452 1454 1460 1461 1461 1455 1454 1456 1412 1415 1415 1457 1456 1413 1416 1419 1419 1414 1413 
						1458 1420 1423 1423 1459 1458 1460 1424 1427 1427 1461 1460 1397 1410 1411 1411 1398 1397 1462 1390 1393 1393 1463 1462 1464 1462 1463 1463 1465 1464 1385 1404 1405 1405 1386 1385 1402 1378 1381 1381 1403 1402 1291 1466 1467 1467 1292 1291 1466 1396 1399 1399 1467 1466 1391 1366 1369 1369 1392 1391 1361 1468 1469 1469 1362 1361 1470 1464 1465 1465 1471 1470 1379 1470 1471 1471 1380 1379 1347 1372 1375 1375 1348 1347 1472 1340 1343 1343 1473 1472 1373 1474 1475 1475 1374 1373 1474 1360 1363 1363 1475 1474 1355 1328 1331 1331 1356 1355 1323 1346 1349 1349 1324 1323 1476 1354 1357 1357 1477 1476 1341 1476 1477 1477 1342 1341 1311 1334 1337 1337 1312 1311 1329 1304 1307 1307 1330 1329 1335 1478 1479 1479 1336 1335 1478 1322 1325 1325 1479 1478 1317 1284 1287 1287 1318 1317 1480 1481 1482 1482 1483 1480 1484 1485 1486 1486 1487 1484 1488 1489 1490 1490 1491 1488 1492 1480 1483 1483 1493 1492 1494 1484 1487 1487 1495 1494 1496 1488 1491 1491 1497 1496 
						1498 1492 1493 1493 1499 1498 1500 1494 1495 1495 1501 1500 1502 1496 1497 1497 1503 1502 1504 1498 1499 1499 1505 1504 1506 1500 1501 1501 1507 1506 1239 1508 1509 1509 1240 1239 1510 1511 1512 1512 1513 1510 1514 1504 1505 1505 1515 1514 1516 1506 1507 1507 1517 1516 1518 1510 1513 1513 1519 1518 1520 1514 1515 1515 1521 1520 1522 1516 1517 1517 1523 1522 1524 1518 1519 1519 1525 1524 1526 1520 1521 1521 1527 1526 1481 1522 1523 1523 1482 1481 1485 1528 1529 1529 1486 1485 1489 1526 1527 1527 1490 1489 1530 1531 1532 1532 1533 1530 1534 1535 1536 1536 1537 1534 1538 1539 1540 1540 1541 1538 1542 1530 1533 1533 1543 1542 1544 1534 1537 1537 1545 1544 1546 1538 1541 1541 1547 1546 1548 1542 1543 1543 1549 1548 1550 1544 1545 1545 1551 1550 1552 1546 1547 1547 1553 1552 1554 1548 1549 1549 1555 1554 1556 1550 1551 1551 1557 1556 1558 1559 1560 1560 1561 1558 1562 1554 1555 1555 1563 1562 1564 1556 1557 1557 1565 1564 1566 1558 1561 1561 1567 1566 
						1568 1562 1563 1563 1569 1568 1570 1564 1565 1565 1571 1570 1572 1566 1567 1567 1573 1572 1508 1568 1569 1569 1509 1508 1243 1574 1575 1575 1244 1243 1531 1570 1571 1571 1532 1531 1535 1572 1573 1573 1536 1535 1511 1576 1577 1577 1512 1511 1539 1238 1241 1241 1540 1539 1578 1579 1580 1580 1581 1578 1582 1583 1584 1584 1585 1582 1586 1587 1588 1588 1589 1586 1590 1578 1581 1581 1591 1590 1592 1582 1585 1585 1593 1592 1594 1586 1589 1589 1595 1594 1596 1590 1591 1591 1597 1596 1598 1592 1593 1593 1599 1598 1600 1601 1602 1602 1603 1600 1604 1594 1595 1595 1605 1604 1606 1596 1597 1597 1607 1606 1601 1598 1599 1599 1602 1601 1608 1600 1603 1603 1609 1608 1610 1604 1605 1605 1611 1610 1612 1606 1607 1607 1613 1612 1614 1608 1609 1609 1615 1614 1616 1610 1611 1611 1617 1616 1618 1612 1613 1613 1619 1618 1620 1614 1615 1615 1621 1620 1622 1616 1617 1617 1623 1622 1624 1618 1619 1619 1625 1624 1626 1620 1621 1621 1627 1626 1583 1622 1623 1623 1584 1583 
						1587 1624 1625 1625 1588 1587 1607 1628 1613 1609 1628 1615 1611 1628 1617 1613 1628 1619 1615 1628 1621 1617 1628 1623 1619 1628 1625 1621 1628 1627 1623 1628 1584 1625 1628 1588 1580 1628 1581 1584 1628 1585 1588 1628 1589 1581 1628 1591 1585 1628 1593 1589 1628 1595 1591 1628 1597 1593 1628 1599 1602 1628 1603 1595 1628 1605 1597 1628 1607 1599 1628 1602 1603 1628 1609 1605 1628 1611 1629 1630 1631 1631 1632 1629 1630 1633 1634 1634 1631 1630 1633 1635 1636 1636 1634 1633 1635 1637 1638 1638 1636 1635 1637 1639 1640 1640 1638 1637 1641 1642 1643 1643 1644 1641 1642 1645 1646 1646 1643 1642 1645 1647 1648 1648 1646 1645 1647 1649 1650 1650 1648 1647 1649 1651 1652 1652 1650 1649 1651 1653 1654 1654 1652 1651 1653 1655 1656 1656 1654 1653 1655 1657 1658 1658 1656 1655 1657 1659 1660 1660 1658 1657 1659 1661 1662 1662 1660 1659 1661 1663 1664 1664 1662 1661 1663 1665 1666 1666 1664 1663 1665 1667 1668 1668 1666 1665 1667 1669 1670 1670 1668 1667 
						1669 1671 1672 1672 1670 1669 1671 1673 1674 1674 1672 1671 1673 1675 1676 1676 1674 1673 1675 1677 1678 1678 1676 1675 1677 1629 1632 1632 1678 1677 1576 1502 1503 1503 1577 1576 1679 1680 1681 1681 1682 1679 1680 1683 1684 1684 1681 1680 1683 1685 1686 1686 1684 1683 1685 1687 1688 1688 1686 1685 1687 1689 1690 1690 1688 1687 1691 1692 1693 1693 1694 1691 1692 1695 1696 1696 1693 1692 1695 1697 1698 1698 1696 1695 1697 1699 1700 1700 1698 1697 1699 1701 1702 1702 1700 1699 1701 1703 1704 1704 1702 1701 1703 1705 1706 1706 1704 1703 1705 1707 1708 1708 1706 1705 1707 1709 1710 1710 1708 1707 1709 1711 1712 1712 1710 1709 1711 1713 1714 1714 1712 1711 1713 1715 1716 1716 1714 1713 1715 1717 1718 1718 1716 1715 1717 1719 1720 1720 1718 1717 1719 1721 1722 1722 1720 1719 1721 1723 1724 1724 1722 1721 1723 1725 1726 1726 1724 1723 1725 1727 1728 1728 1726 1725 1727 1679 1682 1682 1728 1727 1574 1280 1281 1281 1575 1574 1729 1730 1731 1731 1732 1729 
						1730 1733 1734 1734 1731 1730 1733 1735 1736 1736 1734 1733 1735 1737 1738 1738 1736 1735 1737 1739 1740 1740 1738 1737 1741 1742 1743 1743 1744 1741 1742 1745 1746 1746 1743 1742 1745 1747 1748 1748 1746 1745 1747 1749 1750 1750 1748 1747 1749 1751 1752 1752 1750 1749 1751 1753 1754 1754 1752 1751 1753 1755 1756 1756 1754 1753 1755 1757 1758 1758 1756 1755 1757 1759 1760 1760 1758 1757 1759 1761 1762 1762 1760 1759 1761 1763 1764 1764 1762 1761 1763 1765 1766 1766 1764 1763 1765 1767 1768 1768 1766 1765 1767 1769 1770 1770 1768 1767 1769 1771 1772 1772 1770 1769 1771 1773 1774 1774 1772 1771 1773 1775 1776 1776 1774 1773 1775 1777 1778 1778 1776 1775 1777 1729 1732 1732 1778 1777 1406 797 798 798 1407 1406 
					</p>
				</polylist>
			</mesh>
		</geometry>
		<geometry id="meshId1" name="meshId1_name" >
			<mesh>
				<source id="meshId1-positions" name="meshId1-positions">
					<float_array id="meshId1-positions-array" count="198"> 
						0.014731 0.074058 -0.132257 0.000000 0.075509 -0.132257 0.000000 0.075509 0.132257 0.014731 0.074058 0.132257 0.028896 0.069761 -0.132257 0.028896 0.069761 0.132257 0.041950 0.062783 -0.132257 0.041950 0.062783 0.132257 0.053393 0.053393 -0.132257 0.053393 0.053393 0.132257 0.062783 0.041950 -0.132257 0.062783 0.041950 0.132257 0.069761 0.028896 -0.132257 0.069761 0.028896 0.132257 0.074058 0.014731 -0.132257 0.074058 0.014731 0.132257 0.075509 0.000000 -0.132257 0.075509 0.000000 0.132257 0.074058 -0.014731 -0.132257 0.074058 -0.014731 0.132257 0.069761 -0.028896 -0.132257 0.069761 -0.028896 0.132257 0.062783 -0.041950 -0.132257 0.062783 -0.041950 0.132257 0.053393 -0.053393 -0.132257 0.053393 -0.053393 0.132257 0.041950 -0.062783 -0.132257 0.041950 -0.062783 0.132257 0.028896 -0.069761 -0.132257 0.028896 -0.069761 0.132257 0.014731 -0.074058 -0.132257 0.014731 -0.074058 0.132257 0.000000 -0.075509 -0.132257 0.000000 -0.075509 0.132257 -0.014731 -0.074058 -0.132257 -0.014731 -0.074058 0.132257 -0.028896 -0.069761 -0.132257 -0.028896 -0.069761 0.132257 -0.041950 -0.062783 -0.132257 -0.041950 -0.062783 0.132257 -0.053393 -0.053393 -0.132257 -0.053393 -0.053393 0.132257 -0.062783 -0.041950 -0.132257 -0.062783 -0.041950 0.132257 -0.069761 -0.028896 -0.132257 -0.069761 -0.028896 0.132257 -0.074058 -0.014731 -0.132257 -0.074058 -0.014731 0.132257 -0.075509 0.000000 -0.132257 -0.075509 0.000000 0.132257 -0.074058 0.014731 -0.132257 -0.074058 0.014731 0.132257 -0.069761 0.028896 -0.132257 -0.069761 0.028896 0.132257 -0.062783 0.041950 -0.132257 -0.062783 0.041950 0.132257 -0.053393 0.053393 -0.132257 -0.053393 0.053393 0.132257 -0.041950 0.062783 -0.132257 -0.041950 0.062783 0.132257 -0.028896 0.069761 -0.132257 -0.028896 0.069761 0.132257 -0.014731 0.074058 -0.132257 -0.014731 0.074058 0.132257 
						0.000000 0.075509 -0.132257 0.000000 0.075509 0.132257 
					</float_array>
					<technique_common>
						<accessor count="66" offset="0" source="#meshId1-positions-array" stride="3">
							<param name="X" type="float" />
							<param name="Y" type="float" />
							<param name="Z" type="float" />
						</accessor>
					</technique_common>
				</source>
				<source id="meshId1-normals" name="meshId1-normals">
					<float_array id="meshId1-normals-array" count="198"> 
						0.195090 0.980785 0.000000 0.000000 1.000000 0.000000 0.000000 1.000000 0.000000 0.195090 0.980785 0.000000 0.382684 0.923879 0.000000 0.382684 0.923879 0.000000 0.555570 0.831470 0.000000 0.555570 0.831470 0.000000 0.707107 0.707107 0.000000 0.707107 0.707107 0.000000 0.831470 0.555570 0.000000 0.831470 0.555570 0.000000 0.923879 0.382684 0.000000 0.923879 0.382684 0.000000 0.980785 0.195090 -0.000000 0.980785 0.195090 -0.000000 1.000000 -0.000000 0.000000 1.000000 -0.000000 0.000000 0.980785 -0.195091 -0.000000 0.980785 -0.195091 -0.000000 0.923879 -0.382684 -0.000000 0.923879 -0.382684 -0.000000 0.831470 -0.555570 0.000000 0.831470 -0.555570 0.000000 0.707107 -0.707107 0.000000 0.707107 -0.707107 0.000000 0.555570 -0.831470 0.000000 0.555570 -0.831470 0.000000 0.382684 -0.923879 0.000000 0.382684 -0.923879 0.000000 0.195090 -0.980785 -0.000000 0.195090 -0.980785 -0.000000 0.000000 -1.000000 0.000000 0.000000 -1.000000 0.000000 -0.195091 -0.980785 -0.000000 -0.195091 -0.980785 -0.000000 -0.382684 -0.923879 0.000000 -0.382684 -0.923879 0.000000 -0.555570 -0.831470 -0.000000 -0.555570 -0.831470 -0.000000 -0.707107 -0.707107 0.000000 -0.707107 -0.707107 0.000000 -0.831470 -0.555570 0.000000 -0.831470 -0.555570 0.000000 -0.923879 -0.382684 -0.000000 -0.923879 -0.382684 -0.000000 -0.980785 -0.195091 -0.000000 -0.980785 -0.195091 -0.000000 -1.000000 -0.000000 0.000000 -1.000000 -0.000000 0.000000 -0.980785 0.195090 -0.000000 -0.980785 0.195090 -0.000000 -0.923879 0.382684 0.000000 -0.923879 0.382684 0.000000 -0.831470 0.555570 0.000000 -0.831470 0.555570 0.000000 -0.707107 0.707107 0.000000 -0.707107 0.707107 0.000000 -0.555570 0.831470 -0.000000 -0.555570 0.831470 -0.000000 -0.382684 0.923879 0.000000 -0.382684 0.923879 0.000000 -0.195091 0.980785 0.000000 -0.195091 0.980785 0.000000 
						0.000000 1.000000 0.000000 0.000000 1.000000 0.000000 
					</float_array>
					<technique_common>
						<accessor count="66" offset="0" source="#meshId1-normals-array" stride="3">
							<param name="X" type="float" />
							<param name="Y" type="float" />
							<param name="Z" type="float" />
						</accessor>
					</technique_common>
				</source>
				<source id="meshId1-tangents" name="meshId1-tangents">
					<float_array id="meshId1-tangents-array" count="198"> 
						0.000000 -0.000000 1.000000 -0.000000 0.000000 1.000000 0.000000 0.000000 1.000000 0.000000 -0.000000 1.000000 0.000000 -0.000000 1.000000 0.000000 -0.000000 1.000000 0.000000 -0.000000 1.000000 0.000000 -0.000000 1.000000 0.000000 -0.000000 1.000000 -0.000000 0.000000 1.000000 -0.000000 0.000000 1.000000 0.000000 -0.000000 1.000000 0.000000 -0.000000 1.000000 0.000000 -0.000000 1.000000 0.000000 -0.000000 1.000000 0.000000 -0.000000 1.000000 -0.000000 -0.000000 1.000000 -0.000000 -0.000000 1.000000 -0.000000 -0.000000 1.000000 -0.000000 -0.000000 1.000000 -0.000000 -0.000000 1.000000 -0.000000 -0.000000 1.000000 -0.000000 -0.000000 1.000000 -0.000000 -0.000000 1.000000 -0.000000 -0.000000 1.000000 0.000000 0.000000 1.000000 0.000000 0.000000 1.000000 -0.000000 -0.000000 1.000000 -0.000000 -0.000000 1.000000 -0.000000 -0.000000 1.000000 -0.000000 -0.000000 1.000000 0.000000 0.000000 1.000000 0.000000 0.000000 1.000000 -0.000000 0.000000 1.000000 -0.000000 0.000000 1.000000 -0.000000 0.000000 1.000000 -0.000000 0.000000 1.000000 -0.000000 0.000000 1.000000 -0.000000 0.000000 1.000000 -0.000000 0.000000 1.000000 -0.000000 0.000000 1.000000 -0.000000 0.000000 1.000000 -0.000000 0.000000 1.000000 -0.000000 0.000000 1.000000 -0.000000 0.000000 1.000000 -0.000000 0.000000 1.000000 -0.000000 0.000000 1.000000 -0.000000 0.000000 1.000000 -0.000000 0.000000 1.000000 -0.000000 0.000000 1.000000 0.000000 0.000000 1.000000 0.000000 0.000000 1.000000 -0.000000 -0.000000 1.000000 0.000000 0.000000 1.000000 0.000000 0.000000 1.000000 0.000000 0.000000 1.000000 0.000000 0.000000 1.000000 0.000000 0.000000 1.000000 0.000000 0.000000 1.000000 0.000000 0.000000 1.000000 0.000000 0.000000 1.000000 0.000000 0.000000 1.000000 0.000000 0.000000 1.000000 0.000000 0.000000 1.000000 
						0.000000 0.000000 1.000000 -0.000000 0.000000 1.000000 
					</float_array>
					<technique_common>
						<accessor count="66" offset="0" source="#meshId1-tangents-array" stride="3">
							<param name="X" type="float" />
							<param name="Y" type="float" />
							<param name="Z" type="float" />
						</accessor>
					</technique_common>
				</source>
				<source id="meshId1-bitangents" name="meshId1-bitangents">
					<float_array id="meshId1-bitangents-array" count="198"> 
						0.980785 -0.195090 -0.000000 1.000000 -0.000000 0.000000 1.000000 -0.000000 -0.000000 0.980785 -0.195090 -0.000000 0.923879 -0.382684 -0.000000 0.923879 -0.382684 -0.000000 0.831470 -0.555570 -0.000000 0.831470 -0.555570 -0.000000 0.707107 -0.707107 -0.000000 0.707107 -0.707107 0.000000 0.555570 -0.831470 0.000000 0.555570 -0.831470 -0.000000 0.382684 -0.923879 -0.000000 0.382684 -0.923879 -0.000000 0.195090 -0.980785 -0.000000 0.195090 -0.980785 -0.000000 -0.000000 -1.000000 -0.000000 -0.000000 -1.000000 -0.000000 -0.195091 -0.980785 -0.000000 -0.195091 -0.980785 -0.000000 -0.382684 -0.923879 -0.000000 -0.382684 -0.923879 -0.000000 -0.555570 -0.831470 -0.000000 -0.555570 -0.831470 -0.000000 -0.707107 -0.707107 -0.000000 -0.707107 -0.707107 0.000000 -0.831470 -0.555570 0.000000 -0.831470 -0.555570 -0.000000 -0.923879 -0.382684 -0.000000 -0.923879 -0.382684 -0.000000 -0.980785 -0.195090 -0.000000 -0.980785 -0.195090 0.000000 -1.000000 -0.000000 0.000000 -1.000000 -0.000000 -0.000000 -0.980785 0.195090 -0.000000 -0.980785 0.195090 -0.000000 -0.923879 0.382684 -0.000000 -0.923879 0.382684 -0.000000 -0.831470 0.555570 -0.000000 -0.831470 0.555570 -0.000000 -0.707107 0.707107 -0.000000 -0.707107 0.707107 -0.000000 -0.555570 0.831470 -0.000000 -0.555570 0.831470 -0.000000 -0.382684 0.923879 -0.000000 -0.382684 0.923879 -0.000000 -0.195091 0.980785 -0.000000 -0.195091 0.980785 -0.000000 -0.000000 1.000000 -0.000000 -0.000000 1.000000 -0.000000 0.195090 0.980785 -0.000000 0.195090 0.980785 -0.000000 0.382684 0.923879 0.000000 0.382684 0.923879 -0.000000 0.555570 0.831470 -0.000000 0.555570 0.831470 -0.000000 0.707107 0.707107 -0.000000 0.707107 0.707107 -0.000000 0.831470 0.555570 -0.000000 0.831470 0.555570 -0.000000 0.923879 0.382684 -0.000000 0.923879 0.382684 -0.000000 0.980785 0.195090 -0.000000 0.980785 0.195090 -0.000000 
						1.000000 -0.000000 -0.000000 1.000000 -0.000000 0.000000 
					</float_array>
					<technique_common>
						<accessor count="66" offset="0" source="#meshId1-bitangents-array" stride="3">
							<param name="X" type="float" />
							<param name="Y" type="float" />
							<param name="Z" type="float" />
						</accessor>
					</technique_common>
				</source>
				<source id="meshId1-tex0" name="meshId1-tex0">
					<float_array id="meshId1-tex0-array" count="132"> 
						0.010901 0.030829 0.010901 0.010875 0.330176 0.010875 0.330176 0.030829 0.010901 0.050784 0.330176 0.050784 0.010901 0.070739 0.330176 0.070739 0.010901 0.090693 0.330176 0.090693 0.010901 0.110648 0.330176 0.110648 0.010901 0.130603 0.330176 0.130603 0.010901 0.150557 0.330176 0.150557 0.010901 0.170512 0.330176 0.170512 0.010901 0.190466 0.330176 0.190466 0.010901 0.210421 0.330176 0.210421 0.010901 0.230376 0.330176 0.230376 0.010901 0.250330 0.330176 0.250330 0.010901 0.270285 0.330176 0.270285 0.010901 0.290240 0.330176 0.290240 0.010901 0.310194 0.330176 0.310194 0.010901 0.330149 0.330176 0.330149 0.010901 0.350104 0.330176 0.350104 0.010901 0.370058 0.330176 0.370058 0.010901 0.390013 0.330176 0.390013 0.010901 0.409968 0.330176 0.409968 0.010901 0.429922 0.330176 0.429922 0.010901 0.449877 0.330176 0.449877 0.010901 0.469832 0.330176 0.469832 0.010901 0.489786 0.330176 0.489786 0.010901 0.509741 0.330176 0.509741 0.010901 0.529696 0.330176 0.529696 0.010901 0.549650 0.330176 0.549650 0.010901 0.569605 0.330176 0.569605 0.010901 0.589559 0.330176 0.589559 0.010901 0.609514 0.330176 0.609514 0.010901 0.629469 0.330176 0.629469 
						0.010901 0.649423 0.330176 0.649423 
					</float_array>
					<technique_common>
						<accessor count="66" offset="0" source="#meshId1-tex0-array" stride="2">
							<param name="S" type="float" />
							<param name="T" type="float" />
						</accessor>
					</technique_common>
				</source>
				<vertices id="meshId1-vertices">
					<input semantic="POSITION" source="#meshId1-positions" />
				</vertices>
				<polylist count="64" material="defaultMaterial">
					<input offset="0" semantic="VERTEX" source="#meshId1-vertices" />
					<input offset="0" semantic="NORMAL" source="#meshId1-normals" />
					<input offset="0" semantic="TANGENT" source="#meshId1-tangents" />
					<input offset="0" semantic="BINORMAL" source="#meshId1-bitangents" />
					<input offset="0" semantic="TEXCOORD" source="#meshId1-tex0" set="0" />
					<vcount>
						3 3 3 3 3 3 3 3 3 3 3 3 3 3 3 3 3 3 3 3 3 3 3 3 3 3 3 3 3 3 3 3 3 3 3 3 3 3 3 3 3 3 3 3 3 3 3 3 3 3 3 3 3 3 3 3 3 3 3 3 3 3 3 3 
					</vcount>
					<p>
						0 1 2 2 3 0 4 0 3 3 5 4 6 4 5 5 7 6 8 6 7 7 9 8 10 8 9 9 11 10 12 10 11 11 13 12 14 12 13 13 15 14 16 14 15 15 17 16 18 16 17 17 19 18 20 18 19 19 21 20 22 20 21 21 23 22 24 22 23 23 25 24 26 24 25 25 27 26 28 26 27 27 29 28 30 28 29 29 31 30 32 30 31 31 33 32 34 32 33 33 35 34 36 34 35 35 37 36 38 36 37 37 39 38 40 38 39 39 41 40 42 40 41 41 43 42 44 42 43 43 45 44 46 44 45 45 47 46 48 46 47 47 49 48 50 48 49 49 51 50 52 50 51 51 53 52 54 52 53 53 55 54 56 54 55 55 57 56 58 56 57 57 59 58 60 58 59 59 61 60 62 60 61 61 63 62 64 62 63 63 65 64 
					</p>
				</polylist>
			</mesh>
		</geometry>
		<geometry id="meshId2" name="meshId2_name" >
			<mesh>
				<source id="meshId2-positions" name="meshId2-positions">
					<float_array id="meshId2-positions-array" count="198"> 
						0.013221 0.066464 -0.132257 0.000000 0.067766 -0.132257 0.000000 0.067766 0.132257 0.013221 0.066464 0.132257 0.025933 0.062608 -0.132257 0.025933 0.062608 0.132257 0.037649 0.056346 -0.132257 0.037649 0.056346 0.132257 0.047918 0.047918 -0.132257 0.047918 0.047918 0.132257 0.056346 0.037649 -0.132257 0.056346 0.037649 0.132257 0.062608 0.025933 -0.132257 0.062608 0.025933 0.132257 0.066464 0.013221 -0.132257 0.066464 0.013221 0.132257 0.067766 0.000000 -0.132257 0.067766 0.000000 0.132257 0.066464 -0.013221 -0.132257 0.066464 -0.013221 0.132257 0.062608 -0.025933 -0.132257 0.062608 -0.025933 0.132257 0.056346 -0.037649 -0.132257 0.056346 -0.037649 0.132257 0.047918 -0.047918 -0.132257 0.047918 -0.047918 0.132257 0.037649 -0.056346 -0.132257 0.037649 -0.056346 0.132257 0.025933 -0.062608 -0.132257 0.025933 -0.062608 0.132257 0.013221 -0.066464 -0.132257 0.013221 -0.066464 0.132257 0.000000 -0.067766 -0.132257 0.000000 -0.067766 0.132257 -0.013221 -0.066464 -0.132257 -0.013221 -0.066464 0.132257 -0.025933 -0.062608 -0.132257 -0.025933 -0.062608 0.132257 -0.037649 -0.056346 -0.132257 -0.037649 -0.056346 0.132257 -0.047918 -0.047918 -0.132257 -0.047918 -0.047918 0.132257 -0.056346 -0.037649 -0.132257 -0.056346 -0.037649 0.132257 -0.062608 -0.025933 -0.132257 -0.062608 -0.025933 0.132257 -0.066464 -0.013221 -0.132257 -0.066464 -0.013221 0.132257 -0.067766 0.000000 -0.132257 -0.067766 0.000000 0.132257 -0.066464 0.013221 -0.132257 -0.066464 0.013221 0.132257 -0.062608 0.025933 -0.132257 -0.062608 0.025933 0.132257 -0.056346 0.037649 -0.132257 -0.056346 0.037649 0.132257 -0.047918 0.047918 -0.132257 -0.047918 0.047918 0.132257 -0.037649 0.056346 -0.132257 -0.037649 0.056346 0.132257 -0.025933 0.062608 -0.132257 -0.025933 0.062608 0.132257 -0.013221 0.066464 -0.132257 -0.013221 0.066464 0.132257 
						0.000000 0.067766 -0.132257 0.000000 0.067766 0.132257 
					</float_array>
					<technique_common>
						<accessor count="66" offset="0" source="#meshId2-positions-array" stride="3">
							<param name="X" type="float" />
							<param name="Y" type="float" />
							<param name="Z" type="float" />
						</accessor>
					</technique_common>
				</source>
				<source id="meshId2-normals" name="meshId2-normals">
					<float_array id="meshId2-normals-array" count="198"> 
						0.195090 0.980785 0.000000 0.000000 1.000000 0.000000 0.000000 1.000000 0.000000 0.195090 0.980785 0.000000 0.382684 0.923879 0.000000 0.382684 0.923879 0.000000 0.555570 0.831470 0.000000 0.555570 0.831470 0.000000 0.707107 0.707107 0.000000 0.707107 0.707107 0.000000 0.831470 0.555570 0.000000 0.831470 0.555570 0.000000 0.923879 0.382684 -0.000000 0.923879 0.382684 -0.000000 0.980785 0.195090 0.000000 0.980785 0.195090 0.000000 1.000000 -0.000000 0.000000 1.000000 -0.000000 0.000000 0.980785 -0.195091 0.000000 0.980785 -0.195091 0.000000 0.923879 -0.382684 0.000000 0.923879 -0.382684 0.000000 0.831470 -0.555570 0.000000 0.831470 -0.555570 0.000000 0.707107 -0.707107 0.000000 0.707107 -0.707107 0.000000 0.555570 -0.831470 0.000000 0.555570 -0.831470 0.000000 0.382684 -0.923879 0.000000 0.382684 -0.923879 0.000000 0.195090 -0.980785 -0.000000 0.195090 -0.980785 -0.000000 0.000000 -1.000000 0.000000 0.000000 -1.000000 0.000000 -0.195090 -0.980785 -0.000000 -0.195090 -0.980785 -0.000000 -0.382684 -0.923879 0.000000 -0.382684 -0.923879 0.000000 -0.555570 -0.831470 0.000000 -0.555570 -0.831470 0.000000 -0.707107 -0.707107 0.000000 -0.707107 -0.707107 0.000000 -0.831470 -0.555570 0.000000 -0.831470 -0.555570 0.000000 -0.923879 -0.382684 0.000000 -0.923879 -0.382684 0.000000 -0.980785 -0.195091 0.000000 -0.980785 -0.195091 0.000000 -1.000000 -0.000000 0.000000 -1.000000 -0.000000 0.000000 -0.980785 0.195090 0.000000 -0.980785 0.195090 0.000000 -0.923879 0.382684 -0.000000 -0.923879 0.382684 -0.000000 -0.831470 0.555570 0.000000 -0.831470 0.555570 0.000000 -0.707107 0.707107 0.000000 -0.707107 0.707107 0.000000 -0.555570 0.831470 0.000000 -0.555570 0.831470 0.000000 -0.382684 0.923879 0.000000 -0.382684 0.923879 0.000000 -0.195090 0.980785 0.000000 -0.195090 0.980785 0.000000 
						0.000000 1.000000 0.000000 0.000000 1.000000 0.000000 
					</float_array>
					<technique_common>
						<accessor count="66" offset="0" source="#meshId2-normals-array" stride="3">
							<param name="X" type="float" />
							<param name="Y" type="float" />
							<param name="Z" type="float" />
						</accessor>
					</technique_common>
				</source>
				<source id="meshId2-tangents" name="meshId2-tangents">
					<float_array id="meshId2-tangents-array" count="198"> 
						0.000000 -0.000000 1.000000 0.000000 0.000000 1.000000 0.000000 0.000000 1.000000 0.000000 -0.000000 1.000000 0.000000 -0.000000 1.000000 0.000000 -0.000000 1.000000 0.000000 -0.000000 1.000000 -0.000000 0.000000 1.000000 -0.000000 0.000000 1.000000 0.000000 -0.000000 1.000000 0.000000 -0.000000 1.000000 0.000000 -0.000000 1.000000 0.000000 -0.000000 1.000000 0.000000 -0.000000 1.000000 0.000000 -0.000000 1.000000 0.000000 -0.000000 1.000000 -0.000000 -0.000000 1.000000 -0.000000 -0.000000 1.000000 -0.000000 -0.000000 1.000000 -0.000000 -0.000000 1.000000 -0.000000 -0.000000 1.000000 -0.000000 -0.000000 1.000000 -0.000000 -0.000000 1.000000 -0.000000 -0.000000 1.000000 -0.000000 -0.000000 1.000000 -0.000000 -0.000000 1.000000 -0.000000 -0.000000 1.000000 0.000000 0.000000 1.000000 0.000000 0.000000 1.000000 0.000000 0.000000 1.000000 0.000000 0.000000 1.000000 -0.000000 -0.000000 1.000000 -0.000000 0.000000 1.000000 -0.000000 0.000000 1.000000 -0.000000 0.000000 1.000000 -0.000000 0.000000 1.000000 -0.000000 0.000000 1.000000 -0.000000 0.000000 1.000000 -0.000000 0.000000 1.000000 -0.000000 0.000000 1.000000 -0.000000 0.000000 1.000000 -0.000000 0.000000 1.000000 -0.000000 0.000000 1.000000 -0.000000 0.000000 1.000000 -0.000000 0.000000 1.000000 -0.000000 0.000000 1.000000 -0.000000 0.000000 1.000000 -0.000000 0.000000 1.000000 -0.000000 0.000000 1.000000 -0.000000 0.000000 1.000000 0.000000 0.000000 1.000000 0.000000 0.000000 1.000000 0.000000 0.000000 1.000000 -0.000000 -0.000000 1.000000 -0.000000 -0.000000 1.000000 0.000000 0.000000 1.000000 0.000000 0.000000 1.000000 0.000000 0.000000 1.000000 0.000000 0.000000 1.000000 0.000000 0.000000 1.000000 0.000000 0.000000 1.000000 0.000000 0.000000 1.000000 0.000000 0.000000 1.000000 0.000000 0.000000 1.000000 
						-0.000000 0.000000 1.000000 -0.000000 0.000000 1.000000 
					</float_array>
					<technique_common>
						<accessor count="66" offset="0" source="#meshId2-tangents-array" stride="3">
							<param name="X" type="float" />
							<param name="Y" type="float" />
							<param name="Z" type="float" />
						</accessor>
					</technique_common>
				</source>
				<source id="meshId2-bitangents" name="meshId2-bitangents">
					<float_array id="meshId2-bitangents-array" count="198"> 
						0.980785 -0.195090 -0.000000 1.000000 -0.000000 -0.000000 1.000000 -0.000000 -0.000000 0.980785 -0.195090 -0.000000 0.923879 -0.382684 -0.000000 0.923879 -0.382684 -0.000000 0.831470 -0.555570 -0.000000 0.831470 -0.555570 0.000000 0.707107 -0.707107 0.000000 0.707107 -0.707107 -0.000000 0.555570 -0.831470 -0.000000 0.555570 -0.831470 -0.000000 0.382684 -0.923879 -0.000000 0.382684 -0.923879 -0.000000 0.195090 -0.980785 -0.000000 0.195090 -0.980785 -0.000000 -0.000000 -1.000000 -0.000000 -0.000000 -1.000000 -0.000000 -0.195091 -0.980785 -0.000000 -0.195091 -0.980785 -0.000000 -0.382684 -0.923879 -0.000000 -0.382684 -0.923879 -0.000000 -0.555570 -0.831470 -0.000000 -0.555570 -0.831470 -0.000000 -0.707107 -0.707107 -0.000000 -0.707107 -0.707107 -0.000000 -0.831470 -0.555570 -0.000000 -0.831470 -0.555570 0.000000 -0.923879 -0.382684 0.000000 -0.923879 -0.382684 0.000000 -0.980785 -0.195090 0.000000 -0.980785 -0.195090 -0.000000 -1.000000 -0.000000 -0.000000 -1.000000 -0.000000 -0.000000 -0.980785 0.195090 -0.000000 -0.980785 0.195090 -0.000000 -0.923879 0.382684 -0.000000 -0.923879 0.382684 -0.000000 -0.831470 0.555570 -0.000000 -0.831470 0.555570 -0.000000 -0.707107 0.707107 -0.000000 -0.707107 0.707107 -0.000000 -0.555570 0.831470 -0.000000 -0.555570 0.831470 -0.000000 -0.382684 0.923879 -0.000000 -0.382684 0.923879 -0.000000 -0.195091 0.980785 -0.000000 -0.195091 0.980785 -0.000000 -0.000000 1.000000 -0.000000 -0.000000 1.000000 -0.000000 0.195090 0.980785 -0.000000 0.195090 0.980785 -0.000000 0.382684 0.923879 -0.000000 0.382684 0.923879 0.000000 0.555570 0.831470 0.000000 0.555570 0.831470 -0.000000 0.707107 0.707107 -0.000000 0.707107 0.707107 -0.000000 0.831470 0.555570 -0.000000 0.831470 0.555570 -0.000000 0.923879 0.382684 -0.000000 0.923879 0.382684 -0.000000 0.980785 0.195090 -0.000000 0.980785 0.195090 -0.000000 
						1.000000 -0.000000 0.000000 1.000000 -0.000000 0.000000 
					</float_array>
					<technique_common>
						<accessor count="66" offset="0" source="#meshId2-bitangents-array" stride="3">
							<param name="X" type="float" />
							<param name="Y" type="float" />
							<param name="Z" type="float" />
						</accessor>
					</technique_common>
				</source>
				<source id="meshId2-tex0" name="meshId2-tex0">
					<float_array id="meshId2-tex0-array" count="132"> 
						0.330176 0.030829 0.330176 0.010875 0.649450 0.010875 0.649450 0.030829 0.330176 0.050784 0.649450 0.050784 0.330176 0.070739 0.649450 0.070739 0.330176 0.090693 0.649450 0.090693 0.330176 0.110648 0.649450 0.110648 0.330176 0.130603 0.649450 0.130603 0.330176 0.150557 0.649450 0.150557 0.330176 0.170512 0.649450 0.170512 0.330176 0.190466 0.649450 0.190466 0.330176 0.210421 0.649450 0.210421 0.330176 0.230376 0.649450 0.230376 0.330176 0.250330 0.649450 0.250330 0.330176 0.270285 0.649450 0.270285 0.330176 0.290240 0.649450 0.290240 0.330176 0.310194 0.649450 0.310194 0.330176 0.330149 0.649450 0.330149 0.330176 0.350104 0.649450 0.350104 0.330176 0.370058 0.649450 0.370058 0.330176 0.390013 0.649450 0.390013 0.330176 0.409968 0.649450 0.409968 0.330176 0.429922 0.649450 0.429922 0.330176 0.449877 0.649450 0.449877 0.330176 0.469832 0.649450 0.469832 0.330176 0.489786 0.649450 0.489786 0.330176 0.509741 0.649450 0.509741 0.330176 0.529696 0.649450 0.529696 0.330176 0.549650 0.649450 0.549650 0.330176 0.569605 0.649450 0.569605 0.330176 0.589559 0.649450 0.589559 0.330176 0.609514 0.649450 0.609514 0.330176 0.629469 0.649450 0.629469 
						0.330176 0.649423 0.649450 0.649423 
					</float_array>
					<technique_common>
						<accessor count="66" offset="0" source="#meshId2-tex0-array" stride="2">
							<param name="S" type="float" />
							<param name="T" type="float" />
						</accessor>
					</technique_common>
				</source>
				<vertices id="meshId2-vertices">
					<input semantic="POSITION" source="#meshId2-positions" />
				</vertices>
				<polylist count="64" material="defaultMaterial">
					<input offset="0" semantic="VERTEX" source="#meshId2-vertices" />
					<input offset="0" semantic="NORMAL" source="#meshId2-normals" />
					<input offset="0" semantic="TANGENT" source="#meshId2-tangents" />
					<input offset="0" semantic="BINORMAL" source="#meshId2-bitangents" />
					<input offset="0" semantic="TEXCOORD" source="#meshId2-tex0" set="0" />
					<vcount>
						3 3 3 3 3 3 3 3 3 3 3 3 3 3 3 3 3 3 3 3 3 3 3 3 3 3 3 3 3 3 3 3 3 3 3 3 3 3 3 3 3 3 3 3 3 3 3 3 3 3 3 3 3 3 3 3 3 3 3 3 3 3 3 3 
					</vcount>
					<p>
						0 1 2 2 3 0 4 0 3 3 5 4 6 4 5 5 7 6 8 6 7 7 9 8 10 8 9 9 11 10 12 10 11 11 13 12 14 12 13 13 15 14 16 14 15 15 17 16 18 16 17 17 19 18 20 18 19 19 21 20 22 20 21 21 23 22 24 22 23 23 25 24 26 24 25 25 27 26 28 26 27 27 29 28 30 28 29 29 31 30 32 30 31 31 33 32 34 32 33 33 35 34 36 34 35 35 37 36 38 36 37 37 39 38 40 38 39 39 41 40 42 40 41 41 43 42 44 42 43 43 45 44 46 44 45 45 47 46 48 46 47 47 49 48 50 48 49 49 51 50 52 50 51 51 53 52 54 52 53 53 55 54 56 54 55 55 57 56 58 56 57 57 59 58 60 58 59 59 61 60 62 60 61 61 63 62 64 62 63 63 65 64 
					</p>
				</polylist>
			</mesh>
		</geometry>
	</library_geometries>
	<library_visual_scenes>
		<visual_scene id="RootNode" name="RootNode">
			<node id="Metal" name="Metal">
				<matrix>100.000000 0.000000 0.000000 0.000000 0.000000 -0.000016 100.000000 0.000000 0.000000 -100.000000 -0.000016 0.000000 0.000000 0.000000 0.000000 1.000000</matrix>
				<instance_geometry url="#meshId0">
					<bind_material>
						<technique_common>
							<instance_material symbol="defaultMaterial" target="#Metal_1001" />
						</technique_common>
					</bind_material>
				</instance_geometry>
			</node>
			<node id="Glass" name="Glass">
				<matrix>100.000000 0.000000 0.000000 0.000000 0.000000 -0.000016 100.000000 0.000000 0.000000 -100.000000 -0.000016 0.000000 0.000000 0.000000 0.000000 1.000000</matrix>
				<instance_geometry url="#meshId1">
					<bind_material>
						<technique_common>
							<instance_material symbol="defaultMaterial" target="#Glass_1001" />
						</technique_common>
					</bind_material>
				</instance_geometry>
			</node>
			<node id="Acid" name="Acid">
				<matrix>100.000000 0.000000 0.000000 0.000000 0.000000 -0.000016 100.000000 0.000000 0.000000 -100.000000 -0.000016 0.000000 0.000000 0.000000 0.000000 1.000000</matrix>
				<instance_geometry url="#meshId2">
					<bind_material>
						<technique_common>
							<instance_material symbol="defaultMaterial" target="#Acid_1001" />
						</technique_common>
					</bind_material>
				</instance_geometry>
			</node>
		</visual_scene>
	</library_visual_scenes>
	<scene>
		<instance_visual_scene url="#RootNode" />
	</scene>
</COLLADA>
